QA_ID,data_source,Raw_Response,Extracted_Answer,ID_corr
Merge Q1,jama,Answer: D,D,ID0002
Merge Q2,medxpert,Answer: D,D,ID0003
Merge Q3,medbullets,Answer: A,A,ID0007
Merge Q4,jama,Answer: D,D,ID0009
Merge Q5,medxpert,Answer: H,H,ID0010
Merge Q6,mmlu,Answer: B,B,ID0013
Merge Q7,jama,Answer: C,C,ID0015
Merge Q8,jama,Answer: B,B,ID0016
Merge Q9,jama,Answer: C,C,ID0017
Merge Q10,jama,Answer: D,D,ID0018
Merge Q11,jama,Answer: C,C,ID0021
Merge Q12,mmlu,Answer: B,B,ID0024
Merge Q13,medxpert,Answer: F,F,ID0025
Merge Q14,mmlu,Answer: D,D,ID0027
Merge Q15,medbullets,Answer: D,D,ID0028
Merge Q16,medbullets,Answer: A,A,ID0029
Merge Q17,jama,Answer: B,B,ID0030
Merge Q18,medbullets,Answer: D,D,ID0032
Merge Q19,medbullets,Answer: A,A,ID0034
Merge Q20,mmlu,Answer: B,B,ID0039
Merge Q21,jama,Answer: A,A,ID0041
Merge Q22,medxpert,Answer: A,A,ID0042
Merge Q23,jama,Answer: B,B,ID0043
Merge Q24,jama,Answer: B,B,ID0044
Merge Q25,medxpert,Answer: A,A,ID0045
Merge Q26,medbullets,Answer: A,A,ID0046
Merge Q27,jama,Answer: A,A,ID0047
Merge Q28,medbullets,Answer: D,D,ID0048
Merge Q29,jama,Answer: B,B,ID0049
Merge Q30,jama,Answer: C,C,ID0052
Merge Q31,medxpert,Answer: G,G,ID0053
Merge Q32,jama,Answer: A,A,ID0054
Merge Q33,medbullets,Answer: B,B,ID0055
Merge Q34,medxpert,Answer: D,D,ID0056
Merge Q35,mmlu,Answer: D,D,ID0057
Merge Q36,mmlu,Answer: B,B,ID0059
Merge Q37,jama,Answer: C,C,ID0060
Merge Q38,jama,Answer: B,B,ID0062
Merge Q39,medxpert,Answer: J,J,ID0063
Merge Q40,mmlu,Answer: D,D,ID0064
Merge Q41,medbullets,Answer: A,A,ID0067
Merge Q42,jama,Answer: D,D,ID0069
Merge Q43,medxpert,Answer: F,F,ID0071
Merge Q44,jama,Answer: C,C,ID0072
Merge Q45,medxpert,Answer: D,D,ID0073
Merge Q46,mmlu,Answer: A,A,ID0074
Merge Q47,jama,Answer: B,B,ID0076
Merge Q48,medbullets,Answer: B,B,ID0078
Merge Q49,jama,Answer: B,B,ID0079
Merge Q50,jama,Answer: D,D,ID0081
Merge Q51,medbullets,Answer: B,B,ID0082
Merge Q52,medxpert,Answer: I,I,ID0085
Merge Q53,medxpert,Answer: D,D,ID0086
Merge Q54,jama,Answer: C,C,ID0088
Merge Q55,jama,Answer: A,A,ID0089
Merge Q56,medxpert,Answer: J,J,ID0092
Merge Q57,jama,Answer: A,A,ID0093
Merge Q58,jama,Answer: C,C,ID0094
Merge Q59,medxpert,Answer: B,B,ID0096
Merge Q60,jama,Answer: D,D,ID0097
Merge Q61,mmlu,Answer: C,C,ID0098
Merge Q62,medxpert,Answer: D,D,ID0099
Merge Q63,medbullets,Answer: A,A,ID0101
Merge Q64,medbullets,Answer: C,C,ID0102
Merge Q65,medbullets,Answer: A,A,ID0106
Merge Q66,jama,Answer: C,C,ID0108
Merge Q67,jama,Answer: A,A,ID0109
Merge Q68,jama,Answer: B,B,ID0110
Merge Q69,medbullets,Answer: D,D,ID0111
Merge Q70,medxpert,Answer: A,A,ID0112
Merge Q71,mmlu,Answer: D,D,ID0113
Merge Q72,medbullets,Answer: B,B,ID0115
Merge Q73,jama,Answer: A,A,ID0116
Merge Q74,mmlu,Answer: B,B,ID0117
Merge Q75,jama,Answer: C,C,ID0119
Merge Q76,mmlu,Answer: D,D,ID0122
Merge Q77,jama,Answer: B,B,ID0124
Merge Q78,jama,Answer: B,B,ID0125
Merge Q79,jama,Answer: C,C,ID0127
Merge Q80,mmlu,Answer: A,A,ID0129
Merge Q81,jama,Answer: A,A,ID0130
Merge Q82,jama,Answer: D,D,ID0133
Merge Q83,medbullets,Answer: B,B,ID0135
Merge Q84,mmlu,Answer: B,B,ID0136
Merge Q85,medxpert,Answer: E,E,ID0137
Merge Q86,medxpert,Answer: D,D,ID0140
Merge Q87,medxpert,Answer: A,A,ID0141
Merge Q88,jama,Answer: C,C,ID0142
Merge Q89,medbullets,Answer: B,B,ID0144
Merge Q90,jama,Answer: A,A,ID0146
Merge Q91,jama,Answer: B,B,ID0147
Merge Q92,medxpert,Answer: I,I,ID0148
Merge Q93,jama,Answer: B,B,ID0149
Merge Q94,jama,Answer: A,A,ID0150
Merge Q95,medxpert,Answer: J,J,ID0151
Merge Q96,medbullets,Answer: A,A,ID0152
Merge Q97,jama,Answer: D,D,ID0153
Merge Q98,mmlu,Answer: A,A,ID0154
Merge Q99,jama,Answer: C,C,ID0155
Merge Q100,jama,Answer: C,C,ID0157
Merge Q101,jama,Answer: C,C,ID0161
Merge Q102,medbullets,Answer: A,A,ID0162
Merge Q103,jama,Answer: A,A,ID0163
Merge Q104,mmlu,Answer: B,B,ID0164
Merge Q105,medxpert,Answer: J,J,ID0165
Merge Q106,medxpert,Answer: F,F,ID0166
Merge Q107,mmlu,Answer: B,B,ID0168
Merge Q108,jama,Answer: A,A,ID0169
Merge Q109,medxpert,Answer: D,D,ID0170
Merge Q110,jama,Answer: C,C,ID0172
Merge Q111,medbullets,Answer: B,B,ID0177
Merge Q112,medbullets,Answer: A,A,ID0182
Merge Q113,mmlu,Answer: C,C,ID0184
Merge Q114,medbullets,Answer: D,D,ID0185
Merge Q115,jama,Answer: C,C,ID0186
Merge Q116,mmlu,Answer: A.,A,ID0189
Merge Q117,mmlu,Answer: A,A,ID0190
Merge Q118,jama,Answer: D,D,ID0191
Merge Q119,jama,Answer: A,A,ID0192
Merge Q120,medxpert,Answer: E,E,ID0193
Merge Q121,jama,Answer: B,B,ID0195
Merge Q122,medbullets,Answer: A,A,ID0198
Merge Q123,jama,Answer: C,C,ID0199
Merge Q124,medxpert,Answer: A,A,ID0200
Merge Q125,jama,Answer: D,D,ID0202
Merge Q126,jama,Answer: D,D,ID0206
Merge Q127,medxpert,Answer: D,D,ID0207
Merge Q128,mmlu,Answer: D,D,ID0209
Merge Q129,medxpert,Answer: A,A,ID0211
Merge Q130,jama,Answer: C,C,ID0213
Merge Q131,jama,Answer: B,B,ID0215
Merge Q132,medxpert,Answer: I,I,ID0216
Merge Q133,mmlu,Answer: C,C,ID0217
Merge Q134,jama,Answer: B,B,ID0219
Merge Q135,mmlu,Answer: B,B,ID0220
Merge Q136,medbullets,Answer: A,A,ID0221
Merge Q137,jama,Answer: D,D,ID0222
Merge Q138,medxpert,Answer: A,A,ID0229
Merge Q139,jama,Answer: C,C,ID0230
Merge Q140,jama,Answer: B,B,ID0232
Merge Q141,medxpert,Answer: A,A,ID0233
Merge Q142,medxpert,Answer: B,B,ID0235
Merge Q143,jama,Answer: C,C,ID0236
Merge Q144,mmlu,Answer: A,A,ID0237
Merge Q145,medbullets,Answer: D,D,ID0238
Merge Q146,jama,Answer: C,C,ID0240
Merge Q147,jama,Answer: D,D,ID0241
Merge Q148,medxpert,Answer: G,G,ID0242
Merge Q149,jama,Answer: C,C,ID0243
Merge Q150,medbullets,Answer: C.,C,ID0244
Merge Q151,jama,Answer: C,C,ID0246
Merge Q152,medbullets,Answer: B,B,ID0247
Merge Q153,medxpert,Answer: A,A,ID0248
Merge Q154,medbullets,Answer: C,C,ID0249
Merge Q155,mmlu,Answer: C,C,ID0251
Merge Q156,mmlu,Answer: D,D,ID0253
Merge Q157,jama,Answer: D,D,ID0254
Merge Q158,mmlu,Answer: D,D,ID0256
Merge Q159,jama,Answer: C,C,ID0257
Merge Q160,jama,Answer: C,C,ID0258
Merge Q161,medxpert,Answer: C,C,ID0262
Merge Q162,mmlu,Answer: C,C,ID0265
Merge Q163,jama,Answer: D,D,ID0268
Merge Q164,mmlu,Answer: D,D,ID0270
Merge Q165,medxpert,Answer: A,A,ID0275
Merge Q166,jama,Answer: B,B,ID0277
Merge Q167,jama,Answer: C,C,ID0278
Merge Q168,jama,Answer: B,B,ID0280
Merge Q169,medxpert,Answer: I,I,ID0281
Merge Q170,jama,Answer: A,A,ID0283
Merge Q171,medxpert,Answer: F,F,ID0284
Merge Q172,jama,Answer: C,C,ID0286
Merge Q173,jama,Answer: C,C,ID0287
Merge Q174,jama,Answer: B,B,ID0289
Merge Q175,medxpert,Answer: E,E,ID0291
Merge Q176,medxpert,Answer: A,A,ID0292
Merge Q177,medxpert,Answer: C,C,ID0293
Merge Q178,jama,Answer: A,A,ID0295
Merge Q179,jama,Answer: B,B,ID0296
Merge Q180,jama,Answer: B,B,ID0297
Merge Q181,medxpert,Answer: A,A,ID0298
Merge Q182,jama,Answer: C,C,ID0300
Merge Q183,jama,Answer: B,B,ID0301
Merge Q184,jama,Answer: A,A,ID0302
Merge Q185,medxpert,Answer: E,E,ID0303
Merge Q186,medxpert,Answer: I,I,ID0304
Merge Q187,medbullets,Answer: B,B,ID0305
Merge Q188,mmlu,Answer: D,D,ID0307
Merge Q189,medbullets,Answer: A,A,ID0309
Merge Q190,jama,Answer: D,D,ID0310
Merge Q191,mmlu,Answer: A,A,ID0313
Merge Q192,medbullets,Answer: C,C,ID0314
Merge Q193,mmlu,Answer: C,C,ID0315
Merge Q194,medxpert,Answer: B,B,ID0317
Merge Q195,medxpert,Answer: F,F,ID0320
Merge Q196,jama,Answer: B,B,ID0321
Merge Q197,jama,Answer: A,A,ID0323
Merge Q198,jama,Answer: C,C,ID0324
Merge Q199,medbullets,Answer: C,C,ID0325
Merge Q200,jama,Answer: B,B,ID0326
Merge Q201,medxpert,Answer: B,B,ID0327
Merge Q202,jama,Answer: B,B,ID0328
Merge Q203,medbullets,Answer: C,C,ID0330
Merge Q204,jama,Answer: C,C,ID0331
Merge Q205,jama,Answer: C,C,ID0332
Merge Q206,jama,Answer: C,C,ID0334
Merge Q207,medxpert,Answer: G,G,ID0336
Merge Q208,jama,Answer: A,A,ID0337
Merge Q209,mmlu,Answer: B,B,ID0339
Merge Q210,jama,Answer: B,B,ID0342
Merge Q211,jama,Answer: A,A,ID0345
Merge Q212,medxpert,Answer: F,F,ID0349
Merge Q213,jama,Answer: D,D,ID0351
Merge Q214,jama,Answer: A,A,ID0352
Merge Q215,medxpert,Answer: J,J,ID0353
Merge Q216,jama,Answer: C,C,ID0356
Merge Q217,medxpert,Answer: B,B,ID0357
Merge Q218,medxpert,Answer: H,H,ID0359
Merge Q219,mmlu,Answer: A,A,ID0360
Merge Q220,jama,Answer: C,C,ID0362
Merge Q221,medbullets,Answer: A,A,ID0363
Merge Q222,jama,Answer: B,B,ID0364
Merge Q223,jama,Answer: C,C,ID0365
Merge Q224,jama,Answer: D,D,ID0366
Merge Q225,medxpert,Answer: I,I,ID0367
Merge Q226,jama,Answer: D,D,ID0368
Merge Q227,medxpert,Answer: F,F,ID0371
Merge Q228,jama,Answer: C,C,ID0373
Merge Q229,medxpert,Answer: A,A,ID0376
Merge Q230,jama,Answer: B,B,ID0377
Merge Q231,medxpert,Answer: H,H,ID0379
Merge Q232,medbullets,Answer: C,C,ID0382
Merge Q233,medxpert,Answer: H,H,ID0385
Merge Q234,jama,Answer: C,C,ID0387
Merge Q235,medxpert,Answer: F,F,ID0388
Merge Q236,jama,Answer: C,C,ID0389
Merge Q237,medxpert,Answer: I,I,ID0391
Merge Q238,jama,Answer: D,D,ID0393
Merge Q239,jama,Answer: C,C,ID0395
Merge Q240,medbullets,Answer: B,B,ID0396
Merge Q241,medxpert,Answer: F,F,ID0397
Merge Q242,jama,Answer: C,C,ID0399
Merge Q243,jama,Answer: B,B,ID0400
Merge Q244,jama,Answer: B,B,ID0402
Merge Q245,medbullets,Answer: B,B,ID0403
Merge Q246,jama,Answer: A,A,ID0404
Merge Q247,jama,Answer: B,B,ID0405
Merge Q248,mmlu,Answer: D,D,ID0406
Merge Q249,medxpert,Answer: A,A,ID0407
Merge Q250,mmlu,Answer: D,D,ID0409
Merge Q251,jama,Answer: D,D,ID0412
Merge Q252,jama,Answer: B,B,ID0415
Merge Q253,medxpert,Answer: F,F,ID0416
Merge Q254,jama,Answer: D,D,ID0417
Merge Q255,jama,Answer: B,B,ID0418
Merge Q256,jama,Answer: D,D,ID0421
Merge Q257,jama,Answer: C,C,ID0422
Merge Q258,medxpert,Answer: D,D,ID0425
Merge Q259,medxpert,Answer: J,J,ID0426
Merge Q260,mmlu,Answer: D,D,ID0428
Merge Q261,mmlu,Answer: B,B,ID0429
Merge Q262,jama,Answer: B,B,ID0431
Merge Q263,medxpert,Answer: E,E,ID0433
Merge Q264,medxpert,Answer: I,I,ID0435
Merge Q265,mmlu,Answer: C,C,ID0437
Merge Q266,medbullets,Answer: B,B,ID0438
Merge Q267,medxpert,Answer: D,D,ID0440
Merge Q268,jama,Answer: C,C,ID0442
Merge Q269,jama,Answer: B,B,ID0444
Merge Q270,jama,Answer: C,C,ID0446
Merge Q271,medbullets,Answer: D,D,ID0447
Merge Q272,jama,Answer: C,C,ID0449
Merge Q273,jama,Answer: A,A,ID0451
Merge Q274,jama,Answer: D,D,ID0453
Merge Q275,medxpert,Answer: E,E,ID0455
Merge Q276,medxpert,Answer: F,F,ID0458
Merge Q277,medxpert,Answer: C,C,ID0459
Merge Q278,jama,Answer: C,C,ID0460
Merge Q279,jama,Answer: C,C,ID0461
Merge Q280,jama,Answer: C,C,ID0462
Merge Q281,jama,Answer: A,A,ID0463
Merge Q282,jama,Answer: C,C,ID0465
Merge Q283,jama,Answer: D,D,ID0466
Merge Q284,jama,Answer: B,B,ID0467
Merge Q285,medbullets,Answer: D,D,ID0468
Merge Q286,jama,Answer: A,A,ID0469
Merge Q287,medbullets,Answer: B,B,ID0470
Merge Q288,jama,Answer: D,D,ID0471
Merge Q289,jama,Answer: D,D,ID0472
Merge Q290,medbullets,Answer: A,A,ID0473
Merge Q291,jama,Answer: A,A,ID0476
Merge Q292,jama,Answer: C,C,ID0477
Merge Q293,jama,Answer: B,B,ID0478
Merge Q294,jama,Answer: B,B,ID0479
Merge Q295,jama,Answer: B,B,ID0483
Merge Q296,jama,Answer: C,C,ID0484
Merge Q297,jama,Answer: C,C,ID0487
Merge Q298,jama,Answer: A,A,ID0488
Merge Q299,jama,Answer: B,B,ID0490
Merge Q300,medxpert,Answer: A,A,ID0491
Merge Q301,jama,Answer: C,C,ID0492
Merge Q302,jama,Answer: B,B,ID0494
Merge Q303,medbullets,Answer: B,B,ID0495
Merge Q304,medbullets,Answer: A,A,ID0496
Merge Q305,jama,Answer: B,B,ID0498
Merge Q306,jama,Answer: B,B,ID0500
Merge Q307,jama,Answer: B,B,ID0502
Merge Q308,medbullets,Answer: C,C,ID0503
Merge Q309,medxpert,Answer: B,B,ID0504
Merge Q310,medxpert,Answer: D,D,ID0506
Merge Q311,jama,Answer: B,B,ID0508
Merge Q312,medxpert,Answer: G,G,ID0509
Merge Q313,mmlu,Answer: B,B,ID0510
Merge Q314,jama,Answer: B,B,ID0511
Merge Q315,jama,Answer: A,A,ID0513
Merge Q316,medxpert,Answer: I,I,ID0514
Merge Q317,medbullets,Answer: A,A,ID0517
Merge Q318,medxpert,Answer: I,I,ID0519
Merge Q319,mmlu,Answer: B,B,ID0520
Merge Q320,medxpert,Answer: H,H,ID0521
Merge Q321,jama,Answer: C,C,ID0522
Merge Q322,medxpert,Answer: E,E,ID0523
Merge Q323,jama,Answer: B,B,ID0524
Merge Q324,jama,Answer: B,B,ID0525
Merge Q325,medbullets,Answer: D,D,ID0526
Merge Q326,jama,Answer: B,B,ID0528
Merge Q327,medbullets,Answer: D,D,ID0529
Merge Q328,medxpert,Answer: A,A,ID0532
Merge Q329,jama,Answer: C,C,ID0533
Merge Q330,jama,Answer: B,B,ID0534
Merge Q331,medbullets,Answer: C,C,ID0535
Merge Q332,medxpert,Answer: F,F,ID0536
Merge Q333,jama,Answer: C,C,ID0539
Merge Q334,jama,Answer: B,B,ID0541
Merge Q335,mmlu,Answer: D,D,ID0542
Merge Q336,mmlu,Answer: D,D,ID0543
Merge Q337,medbullets,Answer: D,D,ID0546
Merge Q338,jama,Answer: C,C,ID0551
Merge Q339,jama,Answer: D,D,ID0552
Merge Q340,jama,Answer: A,A,ID0553
Merge Q341,mmlu,Answer: A,A,ID0554
Merge Q342,jama,Answer: D,D,ID0555
Merge Q343,jama,Answer: C,C,ID0559
Merge Q344,jama,Answer: A,A,ID0561
Merge Q345,medbullets,Answer: B,B,ID0564
Merge Q346,mmlu,Answer: B,B,ID0566
Merge Q347,medxpert,Answer: D,D,ID0567
Merge Q348,medbullets,Answer: C,C,ID0568
Merge Q349,mmlu,Answer: D,D,ID0569
Merge Q350,medxpert,Answer: C,C,ID0572
Merge Q351,medxpert,Answer: A,A,ID0574
Merge Q352,jama,Answer: C,C,ID0575
Merge Q353,mmlu,Answer: C,C,ID0576
Merge Q354,jama,Answer: C,C,ID0577
Merge Q355,mmlu,Answer: D,D,ID0578
Merge Q356,medxpert,Answer: J,J,ID0581
Merge Q357,jama,Answer: C,C,ID0584
Merge Q358,medbullets,Answer: B,B,ID0585
Merge Q359,jama,Answer: B,B,ID0586
Merge Q360,medxpert,Answer: E,E,ID0587
Merge Q361,jama,Answer: C,C,ID0589
Merge Q362,jama,Answer: B,B,ID0590
Merge Q363,medxpert,Answer: G,G,ID0591
Merge Q364,jama,Answer: C,C,ID0592
Merge Q365,medxpert,Answer: G,G,ID0594
Merge Q366,medxpert,Answer: J,J,ID0595
Merge Q367,jama,Answer: B,B,ID0596
Merge Q368,medxpert,Answer: D,D,ID0598
Merge Q369,medbullets,Answer: C,C,ID0599
Merge Q370,medbullets,Answer: B,B,ID0600
Merge Q371,medbullets,Answer: D,D,ID0601
Merge Q372,jama,Answer: C,C,ID0602
Merge Q373,jama,Answer: A,A,ID0603
Merge Q374,mmlu,Answer: C,C,ID0604
Merge Q375,medxpert,Answer: D,D,ID0605
Merge Q376,mmlu,Answer: A,A,ID0607
Merge Q377,jama,Answer: C,C,ID0609
Merge Q378,medbullets,Answer: A,A,ID0613
Merge Q379,medxpert,Answer: A,A,ID0614
Merge Q380,medxpert,Answer: I,I,ID0616
Merge Q381,mmlu,Answer: D,D,ID0617
Merge Q382,mmlu,Answer: A,A,ID0618
Merge Q383,medbullets,Answer: C,C,ID0619
Merge Q384,medxpert,Answer: B,B,ID0621
Merge Q385,mmlu,Answer: D,D,ID0622
Merge Q386,medbullets,Answer: A,A,ID0623
Merge Q387,medxpert,Answer: I,I,ID0625
Merge Q388,medxpert,Answer: B,B,ID0626
Merge Q389,medxpert,Answer: D,D,ID0627
Merge Q390,mmlu,Answer: C,C,ID0628
Merge Q391,jama,Answer: C,C,ID0629
Merge Q392,jama,Answer: A,A,ID0631
Merge Q393,jama,Answer: B,B,ID0633
Merge Q394,mmlu,Answer: B,B,ID0634
Merge Q395,jama,Answer: D,D,ID0635
Merge Q396,jama,Answer: C,C,ID0636
Merge Q397,jama,Answer: D,D,ID0639
Merge Q398,medxpert,Answer: J,J,ID0641
Merge Q399,jama,Answer: C,C,ID0642
Merge Q400,jama,Answer: C,C,ID0643
Merge Q401,jama,Answer: C,C,ID0647
Merge Q402,jama,Answer: B,B,ID0648
Merge Q403,medxpert,Answer: G,G,ID0651
Merge Q404,mmlu,Answer: A,A,ID0652
Merge Q405,mmlu,Answer: D,D,ID0653
Merge Q406,mmlu,Answer: C,C,ID0654
Merge Q407,medxpert,Answer: G,G,ID0655
Merge Q408,jama,Answer: A,A,ID0656
Merge Q409,medxpert,Answer: J,J,ID0658
Merge Q410,jama,Answer: B,B,ID0659
Merge Q411,jama,Answer: C,C,ID0660
Merge Q412,jama,Answer: C,C,ID0661
Merge Q413,medbullets,Answer: A,A,ID0662
Merge Q414,jama,Answer: B,B,ID0664
Merge Q415,mmlu,Answer: C,C,ID0665
Merge Q416,medxpert,Answer: C,C,ID0668
Merge Q417,jama,Answer: D,D,ID0669
Merge Q418,jama,Answer: B,B,ID0670
Merge Q419,jama,Answer: D,D,ID0671
Merge Q420,medxpert,Answer: G,G,ID0672
Merge Q421,medbullets,Answer: A,A,ID0673
Merge Q422,jama,Answer: A,A,ID0675
Merge Q423,jama,Answer: C,C,ID0676
Merge Q424,medbullets,Answer: B,B,ID0679
Merge Q425,medxpert,Answer: G,G,ID0680
Merge Q426,mmlu,Answer: C,C,ID0682
Merge Q427,jama,Answer: D,D,ID0683
Merge Q428,medxpert,Answer: I,I,ID0684
Merge Q429,jama,Answer: D,D,ID0691
Merge Q430,jama,Answer: B,B,ID0692
Merge Q431,medbullets,Answer: D,D,ID0693
Merge Q432,mmlu,Answer: D,D,ID0695
Merge Q433,medxpert,Answer: F,F,ID0696
Merge Q434,jama,Answer: B,B,ID0697
Merge Q435,medxpert,Answer: E,E,ID0698
Merge Q436,jama,Answer: C,C,ID0699
Merge Q437,jama,Answer: C,C,ID0700
Merge Q438,medxpert,Answer: G,G,ID0701
Merge Q439,medxpert,Answer: A,A,ID0702
Merge Q440,jama,Answer: B,B,ID0703
Merge Q441,jama,Answer: C,C,ID0708
Merge Q442,jama,Answer: B,B,ID0709
Merge Q443,jama,Answer: D,D,ID0710
Merge Q444,medbullets,Answer: B,B,ID0711
Merge Q445,mmlu,Answer: A,A,ID0712
Merge Q446,medbullets,Answer: B,B,ID0713
Merge Q447,medbullets,Answer: C,C,ID0715
Merge Q448,jama,Answer: B,B,ID0716
Merge Q449,medxpert,Answer: J,J,ID0717
Merge Q450,jama,Answer: B,B,ID0718
Merge Q451,jama,Answer: C,C,ID0719
Merge Q452,jama,Answer: A,A,ID0721
Merge Q453,jama,Answer: A,A,ID0723
Merge Q454,jama,Answer: A,A,ID0726
Merge Q455,medbullets,Answer: C,C,ID0728
Merge Q456,jama,Answer: C,C,ID0731
Merge Q457,medbullets,Answer: C,C,ID0732
Merge Q458,jama,Answer: D,D,ID0733
Merge Q459,jama,Answer: B,B,ID0734
Merge Q460,mmlu,Answer: B,B,ID0735
Merge Q461,medxpert,Answer: F,F,ID0737
Merge Q462,jama,Answer: C,C,ID0739
Merge Q463,jama,Answer: D,D,ID0740
Merge Q464,jama,Answer: B,B,ID0743
Merge Q465,jama,Answer: A,A,ID0744
Merge Q466,jama,Answer: A,A,ID0745
Merge Q467,jama,Answer: C,C,ID0746
Merge Q468,jama,Answer: A,A,ID0747
Merge Q469,mmlu,Answer: A,A,ID0752
Merge Q470,medxpert,Answer: F,F,ID0753
Merge Q471,jama,Answer: A,A,ID0754
Merge Q472,jama,Answer: B,B,ID0756
Merge Q473,mmlu,Answer: A,A,ID0757
Merge Q474,medxpert,Answer: D,D,ID0758
Merge Q475,medbullets,Answer: B,B,ID0759
Merge Q476,medxpert,Answer: H,H,ID0761
Merge Q477,jama,Answer: C,C,ID0762
Merge Q478,medxpert,Answer: A,A,ID0764
Merge Q479,medxpert,Answer: B,B,ID0765
Merge Q480,mmlu,Answer: D,D,ID0766
Merge Q481,jama,Answer: B,B,ID0769
Merge Q482,medxpert,Answer: E,E,ID0770
Merge Q483,mmlu,Answer: D,D,ID0773
Merge Q484,jama,Answer: B,B,ID0775
Merge Q485,jama,Answer: B,B,ID0776
Merge Q486,medxpert,Answer: I,I,ID0777
Merge Q487,medxpert,Answer: G,G,ID0778
Merge Q488,jama,Answer: C,C,ID0779
Merge Q489,jama,Answer: A,A,ID0780
Merge Q490,jama,Answer: C,C,ID0781
Merge Q491,jama,Answer: D,D,ID0782
Merge Q492,jama,Answer: C,C,ID0783
Merge Q493,medbullets,Answer: C,C,ID0784
Merge Q494,jama,Answer: C,C,ID0785
Merge Q495,medxpert,Answer: A,A,ID0786
Merge Q496,medbullets,Answer: B,B,ID0788
Merge Q497,mmlu,Answer: A,A,ID0789
Merge Q498,medbullets,Answer: C,C,ID0790
Merge Q499,medxpert,Answer: H,H,ID0792
Merge Q500,medbullets,Answer: D,D,ID0796
Merge Q501,jama,Answer: C,C,ID0797
Merge Q502,medxpert,Answer: H,H,ID0798
Merge Q503,mmlu,Answer: D,D,ID0799
Merge Q504,jama,Answer: B,B,ID0800
Merge Q505,medbullets,Answer: B,B,ID0801
Merge Q506,mmlu,Answer: D,D,ID0802
Merge Q507,jama,Answer: D,D,ID0803
Merge Q508,medxpert,Answer: G,G,ID0805
Merge Q509,jama,Answer: C,C,ID0809
Merge Q510,medbullets,Answer: C,C,ID0810
Merge Q511,medxpert,Answer: D,D,ID0811
Merge Q512,medxpert,Answer: D,D,ID0813
Merge Q513,jama,Answer: B,B,ID0814
Merge Q514,medxpert,Answer: B,B,ID0815
Merge Q515,medxpert,Answer: E,E,ID0816
Merge Q516,mmlu,Answer: C,C,ID0819
Merge Q517,medxpert,Answer: H,H,ID0821
Merge Q518,medbullets,Answer: A,A,ID0824
Merge Q519,medbullets,Answer: D,D,ID0825
Merge Q520,jama,Answer: C,C,ID0826
Merge Q521,medxpert,Answer: H,H,ID0827
Merge Q522,medxpert,Answer: C,C,ID0828
Merge Q523,medbullets,Answer: A,A,ID0830
Merge Q524,medxpert,Answer: F,F,ID0831
Merge Q525,jama,Answer: D,D,ID0832
Merge Q526,medbullets,Answer: C,C,ID0833
Merge Q527,jama,Answer: C,C,ID0834
Merge Q528,medbullets,Answer: A,A,ID0835
Merge Q529,medbullets,Answer: C,C,ID0836
Merge Q530,jama,Answer: C,C,ID0837
Merge Q531,mmlu,Answer: A,A,ID0840
Merge Q532,medbullets,Answer: D,D,ID0841
Merge Q533,medbullets,Answer: D,D,ID0842
Merge Q534,medxpert,Answer: I,I,ID0843
Merge Q535,medbullets,Answer: A,A,ID0844
Merge Q536,medbullets,Answer: C,C,ID0845
Merge Q537,jama,Answer: C,C,ID0846
Merge Q538,jama,Answer: C,C,ID0847
Merge Q539,jama,Answer: C,C,ID0850
Merge Q540,mmlu,Answer: D,D,ID0851
Merge Q541,medbullets,Answer: D,D,ID0852
Merge Q542,medbullets,Answer: C,C,ID0853
Merge Q543,jama,Answer: A,A,ID0854
Merge Q544,jama,Answer: D,D,ID0855
Merge Q545,medxpert,Answer: J,J,ID0856
Merge Q546,jama,Answer: B,B,ID0858
Merge Q547,jama,Answer: B,B,ID0859
Merge Q548,medxpert,Answer: B,B,ID0860
Merge Q549,medbullets,Answer: C,C,ID0861
Merge Q550,jama,Answer: B,B,ID0862
Merge Q551,mmlu,Answer: A,A,ID0864
Merge Q552,jama,Answer: D,D,ID0866
Merge Q553,jama,Answer: B,B,ID0867
Merge Q554,jama,Answer: B,B,ID0869
Merge Q555,medxpert,Answer: C,C,ID0870
Merge Q556,jama,Answer: C,C,ID0871
Merge Q557,medxpert,Answer: D,D,ID0872
Merge Q558,jama,Answer: C,C,ID0876
Merge Q559,jama,Answer: B,B,ID0878
Merge Q560,jama,Answer: C,C,ID0879
Merge Q561,medxpert,Answer: I,I,ID0880
Merge Q562,medxpert,Answer: G,G,ID0883
Merge Q563,mmlu,Answer: C,C,ID0884
Merge Q564,medbullets,Answer: A,A,ID0885
Merge Q565,medbullets,Answer: B,B,ID0887
Merge Q566,jama,Answer: A,A,ID0889
Merge Q567,medbullets,Answer: D,D,ID0893
Merge Q568,jama,Answer: B,B,ID0894
Merge Q569,jama,Answer: B,B,ID0895
Merge Q570,jama,Answer: B,B,ID0899
Merge Q571,jama,Answer: C,C,ID0900
Merge Q572,medbullets,Answer: A,A,ID0901
Merge Q573,medxpert,Answer: D,D,ID0902
Merge Q574,jama,Answer: A,A,ID0904
Merge Q575,jama,Answer: C,C,ID0905
Merge Q576,medxpert,Answer: E,E,ID0907
Merge Q577,jama,Answer: B,B,ID0908
Merge Q578,mmlu,Answer: A,A,ID0909
Merge Q579,mmlu,Answer: A,A,ID0910
Merge Q580,mmlu,Answer: D,D,ID0911
Merge Q581,medxpert,Answer: B,B,ID0912
Merge Q582,jama,Answer: A,A,ID0915
Merge Q583,jama,Answer: D,D,ID0916
Merge Q584,mmlu,Answer: D,D,ID0918
Merge Q585,medxpert,Answer: D,D,ID0919
Merge Q586,medxpert,Answer: F,F,ID0922
Merge Q587,medbullets,Answer: A,A,ID0923
Merge Q588,medbullets,Answer: B,B,ID0924
Merge Q589,jama,Answer: B,B,ID0925
Merge Q590,medxpert,Answer: C,C,ID0926
Merge Q591,jama,Answer: B,B,ID0927
Merge Q592,medbullets,Answer: C,C,ID0928
Merge Q593,medxpert,Answer: G,G,ID0934
Merge Q594,jama,Answer: A,A,ID0935
Merge Q595,jama,Answer: C,C,ID0937
Merge Q596,jama,Answer: A,A,ID0939
Merge Q597,medxpert,Answer: C,C,ID0941
Merge Q598,medxpert,Answer: G,G,ID0942
Merge Q599,mmlu,Answer: B,B,ID0944
Merge Q600,medxpert,Answer: H,H,ID0948
Merge Q601,medbullets,Answer: C,C,ID0949
Merge Q602,mmlu,Answer: B,B,ID0951
Merge Q603,mmlu,Answer: D,D,ID0953
Merge Q604,jama,Answer: B,B,ID0954
Merge Q605,medxpert,Answer: B,B,ID0957
Merge Q606,jama,Answer: B,B,ID0961
Merge Q607,jama,Answer: A,A,ID0962
Merge Q608,mmlu,Answer: D,D,ID0963
Merge Q609,medxpert,Answer: I,I,ID0965
Merge Q610,medbullets,Answer: A,A,ID0967
Merge Q611,jama,Answer: C,C,ID0968
Merge Q612,jama,Answer: C,C,ID0969
Merge Q613,medbullets,Answer: B,B,ID0970
Merge Q614,medxpert,Answer: H,H,ID0972
Merge Q615,jama,Answer: C,C,ID0973
Merge Q616,medbullets,Answer: A,A,ID0974
Merge Q617,jama,Answer: B,B,ID0976
Merge Q618,jama,Answer: C,C,ID0977
Merge Q619,medxpert,Answer: B,B,ID0979
Merge Q620,jama,Answer: A,A,ID0981
Merge Q621,jama,Answer: C,C,ID0982
Merge Q622,medbullets,Answer: A,A,ID0987
Merge Q623,jama,Answer: D,D,ID0990
Merge Q624,jama,Answer: D,D,ID0991
Merge Q625,medxpert,Answer: A,A,ID0992
Merge Q626,jama,Answer: B,B,ID0993
Merge Q627,medxpert,Answer: A,A,ID0994
Merge Q628,jama,Answer: C,C,ID0996
Merge Q629,jama,Answer: B,B,ID0998
Merge Q630,mmlu,Answer: D,D,ID0999
Merge Q631,jama,Answer: C,C,ID1001
Merge Q632,jama,Answer: C,C,ID1002
Merge Q633,jama,Answer: C,C,ID1005
Merge Q634,jama,Answer: C,C,ID1006
Merge Q635,medxpert,Answer: D,D,ID1009
Merge Q636,jama,Answer: A,A,ID1011
Merge Q637,mmlu,Answer: D,D,ID1013
Merge Q638,jama,Answer: B,B,ID1014
Merge Q639,jama,Answer: D,D,ID1015
Merge Q640,jama,Answer: A,A,ID1016
Merge Q641,jama,Answer: D,D,ID1017
Merge Q642,jama,Answer: A,A,ID1019
Merge Q643,jama,Answer: A,A,ID1020
Merge Q644,jama,Answer: C,C,ID1021
Merge Q645,jama,Answer: D,D,ID1022
Merge Q646,medbullets,Answer: D,D,ID1024
Merge Q647,mmlu,Answer: A,A,ID1025
Merge Q648,medxpert,Answer: D,D,ID1026
Merge Q649,medbullets,Answer: C,C,ID1028
Merge Q650,medxpert,Answer: C,C,ID1029
Merge Q651,medxpert,Answer: J,J,ID1031
Merge Q652,jama,Answer: D,D,ID1032
Merge Q653,jama,Answer: A,A,ID1035
Merge Q654,jama,Answer: B,B,ID1037
Merge Q655,jama,Answer: B,B,ID1038
Merge Q656,jama,Answer: A,A,ID1040
Merge Q657,mmlu,Answer: C,C,ID1044
Merge Q658,jama,Answer: A,A,ID1047
Merge Q659,jama,Answer: B,B,ID1048
Merge Q660,jama,Answer: D,D,ID1049
Merge Q661,medbullets,Answer: B,B,ID1051
Merge Q662,medxpert,Answer: E,E,ID1055
Merge Q663,medxpert,Answer: H,H,ID1058
Merge Q664,mmlu,Answer: C,C,ID1059
Merge Q665,jama,Answer: A,A,ID1060
Merge Q666,medxpert,Answer: G,G,ID1062
Merge Q667,mmlu,Answer: B,B,ID1063
Merge Q668,mmlu,Answer: A,A,ID1064
Merge Q669,medxpert,Answer: G,G,ID1065
Merge Q670,medxpert,Answer: D,D,ID1066
Merge Q671,medxpert,Answer: A,A,ID1067
Merge Q672,jama,Answer: C,C,ID1068
Merge Q673,jama,Answer: B,B,ID1070
Merge Q674,jama,Answer: B,B,ID1071
Merge Q675,medxpert,Answer: D,D,ID1072
Merge Q676,jama,Answer: D,D,ID1073
Merge Q677,medxpert,Answer: A,A,ID1074
Merge Q678,jama,Answer: C,C,ID1075
Merge Q679,jama,Answer: B,B,ID1076
Merge Q680,jama,Answer: D,D,ID1077
Merge Q681,jama,Answer: B,B,ID1079
Merge Q682,jama,Answer: B,B,ID1080
Merge Q683,medbullets,Answer: D,D,ID1081
Merge Q684,mmlu,Answer: B,B,ID1082
Merge Q685,jama,Answer: A,A,ID1084
Merge Q686,medxpert,Answer: D,D,ID1085
Merge Q687,jama,Answer: B,B,ID1087
Merge Q688,mmlu,Answer: B,B,ID1088
Merge Q689,jama,Answer: B,B,ID1089
Merge Q690,jama,Answer: C,C,ID1090
Merge Q691,medbullets,Answer: C,C,ID1093
Merge Q692,jama,Answer: A,A,ID1098
Merge Q693,jama,Answer: A,A,ID1099
Merge Q694,jama,Answer: B,B,ID1101
Merge Q695,medxpert,Answer: B,B,ID1102
Merge Q696,medxpert,Answer: I,I,ID1108
Merge Q697,jama,Answer: A,A,ID1110
Merge Q698,mmlu,Answer: A,A,ID1112
Merge Q699,jama,Answer: C,C,ID1113
Merge Q700,mmlu,Answer: C,C,ID1114
Merge Q701,medbullets,Answer: B,B,ID1116
Merge Q702,medxpert,Answer: C,C,ID1117
Merge Q703,jama,Answer: A,A,ID1118
Merge Q704,jama,Answer: B,B,ID1119
Merge Q705,jama,Answer: C,C,ID1121
Merge Q706,jama,Answer: D,D,ID1123
Merge Q707,medxpert,Answer: J,J,ID1125
Merge Q708,jama,Answer: B,B,ID1127
Merge Q709,medbullets,Answer: C,C,ID1129
Merge Q710,medbullets,Answer: A,A,ID1130
Merge Q711,jama,Answer: B,B,ID1131
Merge Q712,jama,Answer: B,B,ID1132
Merge Q713,jama,Answer: B,B,ID1135
Merge Q714,medbullets,Answer: B,B,ID1137
Merge Q715,jama,Answer: A,A,ID1138
Merge Q716,jama,Answer: B,B,ID1139
Merge Q717,jama,Answer: D,D,ID1140
Merge Q718,medxpert,Answer: D,D,ID1141
Merge Q719,medbullets,Answer: D,D,ID1142
Merge Q720,jama,Answer: B,B,ID1146
Merge Q721,medxpert,Answer: A,A,ID1147
Merge Q722,jama,Answer: B,B,ID1148
Merge Q723,jama,Answer: D,D,ID1149
Merge Q724,jama,Answer: A,A,ID1150
Merge Q725,medxpert,Answer: C,C,ID1151
Merge Q726,mmlu,Answer: C,C,ID1152
Merge Q727,medbullets,Answer: A,A,ID1153
Merge Q728,medxpert,Answer: F,F,ID1154
Merge Q729,medxpert,Answer: I,I,ID1155
Merge Q730,medbullets,Answer: C,C,ID1157
Merge Q731,medbullets,Answer: C,C,ID1158
Merge Q732,jama,Answer: C,C,ID1160
Merge Q733,medxpert,Answer: B,B,ID1161
Merge Q734,jama,Answer: B,B,ID1162
Merge Q735,mmlu,Answer: D,D,ID1163
Merge Q736,jama,Answer: B,B,ID1164
Merge Q737,jama,Answer: A,A,ID1166
Merge Q738,jama,Answer: A,A,ID1167
Merge Q739,jama,Answer: C,C,ID1170
Merge Q740,jama,Answer: D,D,ID1171
Merge Q741,medxpert,Answer: F,F,ID1172
Merge Q742,jama,Answer: D,D,ID1174
Merge Q743,jama,Answer: D,D,ID1175
Merge Q744,medxpert,Answer: H,H,ID1176
Merge Q745,jama,Answer: C,C,ID1178
Merge Q746,medxpert,Answer: C,C,ID1179
Merge Q747,mmlu,Answer: D,D,ID1180
Merge Q748,mmlu,Answer: D,D,ID1181
Merge Q749,mmlu,Answer: B,B,ID1182
Merge Q750,jama,Answer: C,C,ID1183
Merge Q751,medxpert,Answer: B,B,ID1184
Merge Q752,jama,Answer: C,C,ID1185
Merge Q753,mmlu,Answer: D,D,ID1187
Merge Q754,medxpert,Answer: B,B,ID1189
Merge Q755,medxpert,Answer: H,H,ID1190
Merge Q756,jama,Answer: B,B,ID1193
Merge Q757,medxpert,Answer: D,D,ID1194
Merge Q758,jama,Answer: C,C,ID1197
Merge Q759,jama,Answer: C,C,ID1198
Merge Q760,medxpert,Answer: A,A,ID1199
Merge Q761,medbullets,Answer: A,A,ID1200
Merge Q762,jama,Answer: C,C,ID1201
Merge Q763,medbullets,Answer: A,A,ID1202
Merge Q764,jama,Answer: C,C,ID1204
Merge Q765,mmlu,Answer: A,A,ID1206
Merge Q766,jama,Answer: D,D,ID1207
Merge Q767,medxpert,Answer: D,D,ID1208
Merge Q768,mmlu,Answer: D,D,ID1209
Merge Q769,medxpert,Answer: C,C,ID1212
Merge Q770,jama,Answer: D,D,ID1214
Merge Q771,jama,Answer: B,B,ID1215
Merge Q772,jama,Answer: B,B,ID1216
Merge Q773,jama,Answer: D,D,ID1217
Merge Q774,medbullets,Answer: A,A,ID1218
Merge Q775,jama,Answer: A,A,ID1219
Merge Q776,medbullets,Answer: D,D,ID1221
Merge Q777,mmlu,Answer: D,D,ID1223
Merge Q778,jama,Answer: B,B,ID1224
Merge Q779,medxpert,Answer: J,J,ID1226
Merge Q780,mmlu,Answer: C,C,ID1227
Merge Q781,medbullets,Answer: B,B,ID1228
Merge Q782,jama,Answer: A,A,ID1229
Merge Q783,jama,Answer: A,A,ID1230
Merge Q784,medbullets,Answer: C,C,ID1232
Merge Q785,jama,Answer: C,C,ID1233
Merge Q786,jama,Answer: B,B,ID1234
Merge Q787,jama,Answer: D,D,ID1236
Merge Q788,mmlu,Answer: D,D,ID1239
Merge Q789,mmlu,Answer: A,A,ID1240
Merge Q790,jama,Answer: C,C,ID1242
Merge Q791,jama,Answer: C,C,ID1244
Merge Q792,medbullets,Answer: B,B,ID1245
Merge Q793,medbullets,Answer: A,A,ID1246
Merge Q794,jama,Answer: B,B,ID1247
Merge Q795,mmlu,Answer: D,D,ID1248
Merge Q796,medbullets,Answer: A,A,ID1249
Merge Q797,medxpert,Answer: C,C,ID1251
Merge Q798,medxpert,Answer: E,E,ID1252
Merge Q799,medxpert,Answer: E,E,ID1254
Merge Q800,medxpert,Answer: I,I,ID1255
Merge Q801,medxpert,Answer: F,F,ID1256
Merge Q802,mmlu,Answer: A,A,ID1258
Merge Q803,jama,Answer: C,C,ID1260
Merge Q804,mmlu,Answer: B,B,ID1261
Merge Q805,medbullets,Answer: B,B,ID1262
Merge Q806,jama,Answer: D,D,ID1264
Merge Q807,jama,Answer: A,A,ID1266
Merge Q808,jama,Answer: A,A,ID1267
Merge Q809,mmlu,Answer: D,D,ID1268
Merge Q810,medbullets,Answer: C,C,ID1269
Merge Q811,medxpert,Answer: D,D,ID1270
Merge Q812,medbullets,Answer: B,B,ID1271
Merge Q813,mmlu,Answer: A,A,ID1272
Merge Q814,jama,Answer: A,A,ID1273
Merge Q815,jama,Answer: B,B,ID1275
Merge Q816,jama,Answer: C,C,ID1276
Merge Q817,mmlu,Answer: D,D,ID1277
Merge Q818,medbullets,Answer: C,C,ID1278
Merge Q819,medbullets,Answer: C,C,ID1279
Merge Q820,medxpert,Answer: A,A,ID1280
Merge Q821,jama,Answer: B,B,ID1281
Merge Q822,medxpert,Answer: F,F,ID1284
Merge Q823,jama,Answer: B,B,ID1285
Merge Q824,jama,Answer: C,C,ID1286
Merge Q825,mmlu,Answer: D,D,ID1287
Merge Q826,jama,Answer: A,A,ID1288
Merge Q827,jama,Answer: C,C,ID1289
Merge Q828,jama,Answer: A,A,ID1290
Merge Q829,medxpert,Answer: D,D,ID1291
Merge Q830,medxpert,Answer: E,E,ID1294
Merge Q831,mmlu,Answer: B,B,ID1296
Merge Q832,mmlu,Answer: A,A,ID1297
Merge Q833,medxpert,Answer: H,H,ID1298
Merge Q834,medxpert,Answer: E,E,ID1299
Merge Q835,jama,Answer: B,B,ID1301
Merge Q836,mmlu,Answer: D,D,ID1302
Merge Q837,jama,Answer: A,A,ID1303
Merge Q838,medbullets,Answer: D,D,ID1307
Merge Q839,jama,Answer: B,B,ID1308
Merge Q840,medxpert,Answer: E,E,ID1309
Merge Q841,mmlu,Answer: D,D,ID1310
Merge Q842,medxpert,Answer: I,I,ID1311
Merge Q843,medxpert,Answer: A,A,ID1312
Merge Q844,medbullets,Answer: D,D,ID1313
Merge Q845,jama,Answer: B,B,ID1314
Merge Q846,medbullets,Answer: D,D,ID1315
Merge Q847,mmlu,Answer: C,C,ID1316
Merge Q848,jama,Answer: C,C,ID1318
Merge Q849,jama,Answer: C,C,ID1320
Merge Q850,jama,Answer: C,C,ID1321
Merge Q851,medxpert,Answer: C,C,ID1324
Merge Q852,medxpert,Answer: A,A,ID1328
Merge Q853,medbullets,Answer: D,D,ID1329
Merge Q854,mmlu,Answer: A,A,ID1330
Merge Q855,mmlu,Answer: B,B,ID1331
Merge Q856,jama,Answer: B,B,ID1332
Merge Q857,medxpert,Answer: C,C,ID1333
Merge Q858,jama,Answer: C,C,ID1334
Merge Q859,mmlu,Answer: D,D,ID1335
Merge Q860,mmlu,Answer: C,C,ID1336
Merge Q861,medbullets,Answer: A,A,ID1337
Merge Q862,medbullets,Answer: D,D,ID1338
Merge Q863,mmlu,Answer: D,D,ID1339
Merge Q864,medxpert,Answer: G,G,ID1340
Merge Q865,medbullets,Answer: B,B,ID1343
Merge Q866,medbullets,Answer: C,C,ID1345
Merge Q867,jama,Answer: C,C,ID1346
Merge Q868,jama,Answer: B,B,ID1347
Merge Q869,jama,Answer: C,C,ID1348
Merge Q870,jama,Answer: D,D,ID1349
Merge Q871,jama,Answer: D,D,ID1350
Merge Q872,jama,Answer: D,D,ID1352
Merge Q873,jama,Answer: C,C,ID1353
Merge Q874,jama,Answer: B,B,ID1354
Merge Q875,mmlu,Answer: A,A,ID1355
Merge Q876,medxpert,Answer: C,C,ID1356
Merge Q877,medxpert,Answer: A,A,ID1357
Merge Q878,jama,Answer: C,C,ID1359
Merge Q879,jama,Answer: D,D,ID1360
Merge Q880,medbullets,Answer: B,B,ID1362
Merge Q881,jama,Answer: B,B,ID1366
Merge Q882,jama,Answer: D,D,ID1368
Merge Q883,medxpert,Answer: F,F,ID1369
Merge Q884,medbullets,Answer: C,C,ID1371
Merge Q885,jama,Answer: C,C,ID1373
Merge Q886,jama,Answer: A,A,ID1374
Merge Q887,jama,Answer: D,D,ID1376
Merge Q888,jama,Answer: C,C,ID1377
Merge Q889,medbullets,Answer: B,B,ID1378
Merge Q890,medxpert,Answer: B,B,ID1380
Merge Q891,jama,Answer: C,C,ID1381
Merge Q892,jama,Answer: C,C,ID1382
Merge Q893,mmlu,Answer: A,A,ID1383
Merge Q894,medbullets,Answer: A,A,ID1384
Merge Q895,medxpert,Answer: A,A,ID1385
Merge Q896,jama,Answer: C,C,ID1387
Merge Q897,jama,Answer: C,C,ID1388
Merge Q898,medxpert,Answer: B,B,ID1389
Merge Q899,jama,Answer: C,C,ID1391
Merge Q900,medxpert,Answer: I,I,ID1392
Merge Q901,medbullets,Answer: C,C,ID1394
Merge Q902,medxpert,Answer: I,I,ID1395
Merge Q903,medxpert,Answer: G,G,ID1396
Merge Q904,medbullets,Answer: C,C,ID1397
Merge Q905,jama,Answer: C,C,ID1398
Merge Q906,medxpert,Answer: E,E,ID1399
Merge Q907,jama,Answer: A,A,ID1401
Merge Q908,jama,Answer: C,C,ID1402
Merge Q909,jama,Answer: B,B,ID1403
Merge Q910,mmlu,Answer: B,B,ID1405
Merge Q911,medxpert,Answer: G,G,ID1409
Merge Q912,medbullets,Answer: D,D,ID1411
Merge Q913,medbullets,Answer: C,C,ID1413
Merge Q914,medxpert,Answer: B,B,ID1414
Merge Q915,jama,Answer: C,C,ID1416
Merge Q916,mmlu,Answer: A,A,ID1418
Merge Q917,jama,Answer: B,B,ID1419
Merge Q918,mmlu,Answer: D,D,ID1421
Merge Q919,medbullets,Answer: A,A,ID1422
Merge Q920,medxpert,Answer: B,B,ID1423
Merge Q921,mmlu,Answer: D,D,ID1425
Merge Q922,mmlu,Answer: D,D,ID1426
Merge Q923,medxpert,Answer: A,A,ID1428
Merge Q924,jama,Answer: A,A,ID1429
Merge Q925,jama,Answer: D,D,ID1430
Merge Q926,jama,Answer: B,B,ID1431
Merge Q927,medxpert,Answer: E,E,ID1432
Merge Q928,medxpert,Answer: J,J,ID1434
Merge Q929,jama,Answer: D,D,ID1438
Merge Q930,medbullets,Answer: B,B,ID1439
Merge Q931,mmlu,Answer: A,A,ID1442
Merge Q932,mmlu,Answer: A,A,ID1445
Merge Q933,mmlu,Answer: C,C,ID1446
Merge Q934,medxpert,Answer: H,H,ID1448
Merge Q935,medxpert,Answer: E,E,ID1449
Merge Q936,jama,Answer: D,D,ID1450
Merge Q937,medbullets,Answer: B,B,ID1452
Merge Q938,jama,Answer: A,A,ID1453
Merge Q939,mmlu,Answer: B,B,ID1454
Merge Q940,medbullets,Answer: B,B,ID1457
Merge Q941,jama,Answer: C,C,ID1458
Merge Q942,jama,Answer: A,A,ID1459
Merge Q943,mmlu,Answer: D,D,ID1460
Merge Q944,medxpert,Answer: A,A,ID1462
Merge Q945,medxpert,Answer: E,E,ID1463
Merge Q946,jama,Answer: C,C,ID1464
Merge Q947,mmlu,Answer: D,D,ID1466
Merge Q948,mmlu,Answer: D,D,ID1467
Merge Q949,medbullets,Answer: D,D,ID1468
Merge Q950,jama,Answer: C,C,ID1469
Merge Q951,mmlu,Answer: B,B,ID1474
Merge Q952,medbullets,Answer: C,C,ID1475
Merge Q953,jama,Answer: B,B,ID1476
Merge Q954,jama,Answer: B,B,ID1477
Merge Q955,mmlu,Answer: D,D,ID1479
Merge Q956,medbullets,Answer: D,D,ID1480
Merge Q957,jama,Answer: A,A,ID1481
Merge Q958,medxpert,Answer: F,F,ID1483
Merge Q959,jama,Answer: A,A,ID1485
Merge Q960,jama,Answer: A,A,ID1486
Merge Q961,medbullets,Answer: A,A,ID1488
Merge Q962,medbullets,Answer: A,A,ID1489
Merge Q963,medbullets,Answer: B,B,ID1490
Merge Q964,jama,Answer: D,D,ID1491
Merge Q965,medxpert,Answer: F,F,ID1492
Merge Q966,medbullets,Answer: B,B,ID1494
Merge Q967,medbullets,Answer: B,B,ID1495
Merge Q968,medbullets,Answer: A,A,ID1496
Merge Q969,mmlu,Answer: C,C,ID1500
Merge Q970,medxpert,Answer: E,E,ID1501
Merge Q971,medxpert,Answer: E,E,ID1504
Merge Q972,jama,Answer: D,D,ID1505
Merge Q973,mmlu,Answer: D,D,ID1506
Merge Q974,mmlu,Answer: C,C,ID1507
Merge Q975,medbullets,Answer: D,D,ID1508
Merge Q976,jama,Answer: A,A,ID1510
Merge Q977,jama,Answer: D,D,ID1513
Merge Q978,jama,Answer: A,A,ID1514
Merge Q979,mmlu,Answer: A,A,ID1515
Merge Q980,jama,Answer: B,B,ID1517
Merge Q981,jama,Answer: D,D,ID1518
Merge Q982,jama,Answer: A,A,ID1520
Merge Q983,mmlu,Answer: C,C,ID1524
Merge Q984,jama,Answer: A,A,ID1525
Merge Q985,medbullets,Answer: B,B,ID1526
Merge Q986,jama,Answer: B,B,ID1529
Merge Q987,jama,Answer: D,D,ID1530
Merge Q988,jama,Answer: C,C,ID1531
Merge Q989,jama,Answer: B,B,ID1532
Merge Q990,jama,Answer: D,D,ID1533
Merge Q991,medbullets,Answer: C,C,ID1534
Merge Q992,medbullets,Answer: A,A,ID1536
Merge Q993,jama,Answer: D,D,ID1538
Merge Q994,medbullets,Answer: C,C,ID1539
Merge Q995,jama,Answer: B,B,ID1540
Merge Q996,medbullets,Answer: D,D,ID1541
Merge Q997,mmlu,Answer: D,D,ID1543
Merge Q998,mmlu,Answer: C,C,ID1544
Merge Q999,jama,Answer: A,A,ID1545
Merge Q1000,jama,Answer: B,B,ID1550
Merge Q1001,jama,Answer: C,C,ID1551
Merge Q1002,medbullets,Answer: D,D,ID1552
Merge Q1003,medbullets,Answer: A,A,ID1553
Merge Q1004,jama,Answer: C,C,ID1555
Merge Q1005,medxpert,Answer: I,I,ID1557
Merge Q1006,jama,Answer: A,A,ID1558
Merge Q1007,medxpert,Answer: I,I,ID1559
Merge Q1008,jama,Answer: B,B,ID1560
Merge Q1009,jama,Answer: C,C,ID1561
Merge Q1010,medbullets,Answer: B,B,ID1565
Merge Q1011,medbullets,Answer: C,C,ID1566
Merge Q1012,medxpert,Answer: E,E,ID1567
Merge Q1013,mmlu,Answer: D,D,ID1569
Merge Q1014,medbullets,Answer: A,A,ID1570
Merge Q1015,medxpert,Answer: C,C,ID1571
Merge Q1016,medxpert,Answer: I,I,ID1572
Merge Q1017,jama,Answer: C,C,ID1573
Merge Q1018,jama,Answer: C,C,ID1574
Merge Q1019,jama,Answer: C,C,ID1575
Merge Q1020,medxpert,Answer: H,H,ID1578
Merge Q1021,medxpert,Answer: J,J,ID1580
Merge Q1022,jama,Answer: D,D,ID1581
Merge Q1023,medxpert,Answer: C,C,ID1582
Merge Q1024,mmlu,Answer: A,A,ID1583
Merge Q1025,jama,Answer: A,A,ID1584
Merge Q1026,jama,Answer: C,C,ID1585
Merge Q1027,mmlu,Answer: D,D,ID1586
Merge Q1028,mmlu,Answer: C,C,ID1587
Merge Q1029,jama,Answer: A,A,ID1588
Merge Q1030,mmlu,Answer: D,D,ID1590
Merge Q1031,medxpert,Answer: I,I,ID1591
Merge Q1032,medxpert,Answer: E,E,ID1593
Merge Q1033,jama,Answer: B,B,ID1594
Merge Q1034,mmlu,Answer: D,D,ID1596
Merge Q1035,medbullets,Answer: B,B,ID1599
Merge Q1036,jama,Answer: C,C,ID1601
Merge Q1037,medbullets,Answer: A,A,ID1602
Merge Q1038,jama,Answer: B,B,ID1605
Merge Q1039,jama,Answer: C,C,ID1607
Merge Q1040,jama,Answer: B,B,ID1610
Merge Q1041,jama,Answer: A,A,ID1612
Merge Q1042,mmlu,Answer: D,D,ID1613
Merge Q1043,medxpert,Answer: F,F,ID1614
Merge Q1044,medxpert,Answer: C,C,ID1617
Merge Q1045,jama,Answer: A,A,ID1618
Merge Q1046,mmlu,Answer: D,D,ID1622
Merge Q1047,medxpert,Answer: C,C,ID1625
Merge Q1048,medbullets,Answer: C,C,ID1629
Merge Q1049,medbullets,Answer: C,C,ID1632
Merge Q1050,mmlu,Answer: D,D,ID1633
Merge Q1051,medbullets,Answer: D,D,ID1634
Merge Q1052,medbullets,Answer: B,B,ID1636
Merge Q1053,medbullets,Answer: D,D,ID1637
Merge Q1054,jama,Answer: D,D,ID1638
Merge Q1055,medxpert,Answer: B,B,ID1640
Merge Q1056,jama,Answer: D,D,ID1641
Merge Q1057,jama,Answer: D,D,ID1645
Merge Q1058,medxpert,Answer: I,I,ID1646
Merge Q1059,mmlu,Answer: B,B,ID1650
Merge Q1060,jama,Answer: A,A,ID1651
Merge Q1061,jama,Answer: A,A,ID1652
Merge Q1062,jama,Answer: B,B,ID1653
Merge Q1063,medxpert,Answer: I,I,ID1654
Merge Q1064,jama,Answer: B,B,ID1655
Merge Q1065,medxpert,Answer: E,E,ID1656
Merge Q1066,jama,Answer: B,B,ID1659
Merge Q1067,mmlu,Answer: C,C,ID1660
Merge Q1068,mmlu,Answer: D,D,ID1662
Merge Q1069,jama,Answer: B,B,ID1663
Merge Q1070,jama,Answer: D,D,ID1664
Merge Q1071,medbullets,Answer: D,D,ID1666
Merge Q1072,medxpert,Answer: A,A,ID1667
Merge Q1073,medbullets,Answer: B,B,ID1668
Merge Q1074,jama,Answer: B,B,ID1671
Merge Q1075,jama,Answer: D,D,ID1672
Merge Q1076,medxpert,Answer: A,A,ID1673
Merge Q1077,jama,Answer: C,C,ID1674
Merge Q1078,medxpert,Answer: B,B,ID1676
Merge Q1079,jama,Answer: A,A,ID1678
Merge Q1080,jama,Answer: D,D,ID1679
Merge Q1081,jama,Answer: C,C,ID1680
Merge Q1082,jama,Answer: B,B,ID1683
Merge Q1083,medxpert,Answer: G,G,ID1684
Merge Q1084,medbullets,Answer: B,B,ID1685
Merge Q1085,medxpert,Answer: C,C,ID1687
Merge Q1086,mmlu,Answer: D,D,ID1688
Merge Q1087,jama,Answer: A,A,ID1689
Merge Q1088,medxpert,Answer: F,F,ID1691
Merge Q1089,jama,Answer: C,C,ID1692
Merge Q1090,medbullets,Answer: A,A,ID1693
Merge Q1091,medxpert,Answer: H,H,ID1694
Merge Q1092,jama,Answer: B,B,ID1695
Merge Q1093,medxpert,Answer: I,I,ID1696
Merge Q1094,jama,Answer: C,C,ID1697
Merge Q1095,medxpert,Answer: B,B,ID1698
Merge Q1096,jama,Answer: D,D,ID1699
Merge Q1097,mmlu,Answer: C,C,ID1700
Merge Q1098,mmlu,Answer: B,B,ID1701
Merge Q1099,jama,Answer: D,D,ID1702
Merge Q1100,medbullets,Answer: C,C,ID1704
Merge Q1101,medbullets,Answer: B,B,ID1706
Merge Q1102,jama,Answer: B,B,ID1710
Merge Q1103,jama,Answer: A,A,ID1711
Merge Q1104,medxpert,Answer: C,C,ID1712
Merge Q1105,jama,Answer: C,C,ID1713
Merge Q1106,jama,Answer: B,B,ID1714
Merge Q1107,mmlu,Answer: D,D,ID1715
Merge Q1108,jama,Answer: C,C,ID1716
Merge Q1109,medxpert,Answer: A,A,ID1717
Merge Q1110,medbullets,Answer: C,C,ID1718
Merge Q1111,medxpert,Answer: A,A,ID1722
Merge Q1112,medxpert,Answer: G,G,ID1724
Merge Q1113,mmlu,Answer: D,D,ID1725
Merge Q1114,medxpert,Answer: A,A,ID1727
Merge Q1115,jama,Answer: C,C,ID1728
Merge Q1116,jama,Answer: A,A,ID1732
Merge Q1117,jama,Answer: D,D,ID1734
Merge Q1118,medbullets,Answer: A,A,ID1738
Merge Q1119,medxpert,Answer: F,F,ID1741
Merge Q1120,medxpert,Answer: A,A,ID1742
Merge Q1121,medxpert,Answer: A,A,ID1743
Merge Q1122,medxpert,Answer: A,A,ID1744
Merge Q1123,medxpert,Answer: I,I,ID1746
Merge Q1124,jama,Answer: A,A,ID1747
Merge Q1125,mmlu,Answer: D,D,ID1749
Merge Q1126,medxpert,Answer: H,H,ID1750
Merge Q1127,medxpert,Answer: H,H,ID1751
Merge Q1128,medxpert,Answer: G,G,ID1755
Merge Q1129,jama,Answer: D,D,ID1756
Merge Q1130,medxpert,Answer: H,H,ID1757
Merge Q1131,medxpert,Answer: H,H,ID1758
Merge Q1132,jama,Answer: B,B,ID1761
Merge Q1133,jama,Answer: B,B,ID1762
Merge Q1134,jama,Answer: B,B,ID1765
Merge Q1135,medxpert,Answer: D,D,ID1766
Merge Q1136,medxpert,Answer: D,D,ID1767
Merge Q1137,medbullets,Answer: C,C,ID1768
Merge Q1138,jama,Answer: C,C,ID1769
Merge Q1139,medxpert,Answer: F,F,ID1772
Merge Q1140,medxpert,Answer: B,B,ID1773
Merge Q1141,mmlu,Answer: B,B,ID1774
Merge Q1142,medxpert,Answer: C,C,ID1775
Merge Q1143,medxpert,Answer: B,B,ID1776
Merge Q1144,medxpert,Answer: D,D,ID1777
Merge Q1145,medxpert,Answer: C,C,ID1778
Merge Q1146,medxpert,Answer: B,B,ID1779
Merge Q1147,medxpert,Answer: B,B,ID1783
Merge Q1148,medbullets,Answer: D,D,ID1786
Merge Q1149,jama,Answer: A,A,ID1787
Merge Q1150,mmlu,Answer: D,D,ID1788
Merge Q1151,medxpert,Answer: D,D,ID1789
Merge Q1152,jama,Answer: B,B,ID1790
Merge Q1153,jama,Answer: C,C,ID1791
Merge Q1154,jama,Answer: C,C,ID1792
Merge Q1155,mmlu,Answer: B,B,ID1793
Merge Q1156,medxpert,Answer: A,A,ID1795
Merge Q1157,jama,Answer: D,D,ID1797
Merge Q1158,mmlu,Answer: A,A,ID1798
Merge Q1159,jama,Answer: A,A,ID1799
Merge Q1160,mmlu,Answer: A,A,ID1800
Merge Q1161,jama,Answer: C,C,ID1802
Merge Q1162,jama,Answer: B,B,ID1807
Merge Q1163,mmlu,Answer: B.,B,ID1808
Merge Q1164,jama,Answer: C,C,ID1809
Merge Q1165,jama,Answer: C,C,ID1811
Merge Q1166,medbullets,Answer: C,C,ID1812
Merge Q1167,medxpert,Answer: C,C,ID1817
Merge Q1168,mmlu,Answer: B,B,ID1818
Merge Q1169,jama,Answer: C,C,ID1819
Merge Q1170,jama,Answer: B,B,ID1820
Merge Q1171,medbullets,Answer: D,D,ID1821
Merge Q1172,medbullets,Answer: B,B,ID1822
Merge Q1173,jama,Answer: B,B,ID1823
Merge Q1174,medbullets,Answer: D,D,ID1824
Merge Q1175,medxpert,Answer: A,A,ID1825
Merge Q1176,mmlu,Answer: A,A,ID1826
Merge Q1177,mmlu,Answer: B,B,ID1827
Merge Q1178,jama,Answer: B,B,ID1829
Merge Q1179,medxpert,Answer: F,F,ID1830
Merge Q1180,jama,Answer: C,C,ID1831
Merge Q1181,medbullets,Answer: A,A,ID1833
Merge Q1182,medxpert,Answer: I,I,ID1834
Merge Q1183,jama,Answer: B,B,ID1835
Merge Q1184,jama,Answer: C,C,ID1836
Merge Q1185,jama,Answer: C,C,ID1837
Merge Q1186,medbullets,Answer: B,B,ID1838
Merge Q1187,medxpert,Answer: D,D,ID1840
Merge Q1188,jama,Answer: A,A,ID1841
Merge Q1189,jama,Answer: A,A,ID1842
Merge Q1190,mmlu,Answer: D,D,ID1843
Merge Q1191,medbullets,Answer: A,A,ID1845
Merge Q1192,medbullets,Answer: B,B,ID1846
Merge Q1193,jama,Answer: C,C,ID1847
Merge Q1194,jama,Answer: B,B,ID1848
Merge Q1195,mmlu,Answer: B,B,ID1849
Merge Q1196,jama,Answer: C,C,ID1850
Merge Q1197,mmlu,Answer: B,B,ID1851
Merge Q1198,jama,Answer: C,C,ID1852
Merge Q1199,jama,Answer: C,C,ID1855
Merge Q1200,jama,Answer: C,C,ID1856
Merge Q1201,medxpert,Answer: C,C,ID1858
Merge Q1202,jama,Answer: B,B,ID1859
Merge Q1203,jama,Answer: B,B,ID1860
Merge Q1204,mmlu,Answer: D,D,ID1862
Merge Q1205,mmlu,Answer: B,B,ID1863
Merge Q1206,jama,Answer: A,A,ID1865
Merge Q1207,mmlu,Answer: A,A,ID1866
Merge Q1208,jama,Answer: B,B,ID1868
Merge Q1209,jama,Answer: B,B,ID1870
Merge Q1210,medxpert,Answer: J,J,ID1871
Merge Q1211,mmlu,Answer: D,D,ID1873
Merge Q1212,mmlu,Answer: A,A,ID1874
Merge Q1213,jama,Answer: D,D,ID1875
Merge Q1214,jama,Answer: C,C,ID1876
Merge Q1215,jama,Answer: B,B,ID1879
Merge Q1216,medbullets,Answer: C,C,ID1880
Merge Q1217,mmlu,Answer: A,A,ID1881
Merge Q1218,medbullets,Answer: C,C,ID1882
Merge Q1219,medxpert,Answer: A,A,ID1886
Merge Q1220,jama,Answer: B,B,ID1887
Merge Q1221,medxpert,Answer: I,I,ID1888
Merge Q1222,mmlu,Answer: C,C,ID1889
Merge Q1223,medxpert,Answer: J,J,ID1890
Merge Q1224,medxpert,Answer: H,H,ID1892
Merge Q1225,jama,Answer: C,C,ID1893
Merge Q1226,medbullets,Answer: B,B,ID1895
Merge Q1227,medxpert,Answer: J,J,ID1896
Merge Q1228,medbullets,Answer: C.,C,ID1898
Merge Q1229,jama,Answer: D,D,ID1899
Merge Q1230,jama,Answer: C,C,ID1900
Merge Q1231,jama,Answer: A,A,ID1902
Merge Q1232,jama,Answer: B,B,ID1903
Merge Q1233,jama,Answer: D,D,ID1904
Merge Q1234,medxpert,Answer: F,F,ID1905
Merge Q1235,mmlu,Answer: C,C,ID1908
Merge Q1236,jama,Answer: C,C,ID1909
Merge Q1237,medxpert,Answer: H,H,ID1910
Merge Q1238,mmlu,Answer: D,D,ID1911
Merge Q1239,mmlu,Answer: D,D,ID1912
Merge Q1240,medxpert,Answer: D,D,ID1913
Merge Q1241,medxpert,Answer: A,A,ID1915
Merge Q1242,jama,Answer: B,B,ID1917
Merge Q1243,jama,Answer: C,C,ID1918
Merge Q1244,medbullets,Answer: A,A,ID1919
Merge Q1245,medxpert,Answer: C,C,ID1923
Merge Q1246,medxpert,Answer: F,F,ID1924
Merge Q1247,jama,Answer: C,C,ID1925
Merge Q1248,medbullets,Answer: B,B,ID1927
Merge Q1249,jama,Answer: C,C,ID1928
Merge Q1250,medxpert,Answer: F,F,ID1929
Merge Q1251,jama,Answer: A,A,ID1931
Merge Q1252,jama,Answer: A,A,ID1932
Merge Q1253,jama,Answer: C,C,ID1933
Merge Q1254,jama,Answer: A,A,ID1934
Merge Q1255,jama,Answer: A,A,ID1937
Merge Q1256,medbullets,Answer: A,A,ID1938
Merge Q1257,jama,Answer: B,B,ID1940
Merge Q1258,medxpert,Answer: F,F,ID1941
Merge Q1259,medxpert,Answer: A,A,ID1944
Merge Q1260,medbullets,Answer: B,B,ID1945
Merge Q1261,medxpert,Answer: A,A,ID1946
Merge Q1262,medxpert,Answer: B,B,ID1947
Merge Q1263,medxpert,Answer: F,F,ID1948
Merge Q1264,jama,Answer: C,C,ID1949
Merge Q1265,jama,Answer: C,C,ID1951
Merge Q1266,medbullets,Answer: A,A,ID1952
Merge Q1267,jama,Answer: B,B,ID1953
Merge Q1268,medbullets,Answer: A,A,ID1955
Merge Q1269,jama,Answer: C,C,ID1956
Merge Q1270,medxpert,Answer: E,E,ID1957
Merge Q1271,medxpert,Answer: B,B,ID1958
Merge Q1272,jama,Answer: D,D,ID1959
Merge Q1273,medxpert,Answer: B,B,ID1962
Merge Q1274,medbullets,Answer: B,B,ID1963
Merge Q1275,jama,Answer: D,D,ID1965
Merge Q1276,jama,Answer: A,A,ID1966
Merge Q1277,mmlu,Answer: A,A,ID1969
Merge Q1278,jama,Answer: B,B,ID1970
Merge Q1279,mmlu,Answer: B,B,ID1972
Merge Q1280,medbullets,Answer: B,B,ID1974
Merge Q1281,medxpert,Answer: I,I,ID1975
Merge Q1282,medxpert,Answer: C,C,ID1976
Merge Q1283,jama,Answer: D,D,ID1977
Merge Q1284,medxpert,Answer: H,H,ID1979
Merge Q1285,medxpert,Answer: I,I,ID1980
Merge Q1286,jama,Answer: B,B,ID1981
Merge Q1287,medbullets,Answer: D,D,ID1983
Merge Q1288,mmlu,Answer: D,D,ID1984
Merge Q1289,jama,Answer: C,C,ID1986
Merge Q1290,medxpert,Answer: H,H,ID1987
Merge Q1291,mmlu,Answer: B,B,ID1989
Merge Q1292,jama,Answer: C,C,ID1990
Merge Q1293,jama,Answer: A,A,ID1991
Merge Q1294,mmlu,Answer: D,D,ID1993
Merge Q1295,medxpert,Answer: I,I,ID1994
Merge Q1296,mmlu,Answer: D,D,ID1995
Merge Q1297,mmlu,Answer: D,D,ID1996
Merge Q1298,medxpert,Answer: B,B,ID1997
Merge Q1299,medbullets,Answer: B,B,ID1998
Merge Q1300,medxpert,Answer: C,C,ID1999
