QA_ID,Origin,data_source,Raw_Response,Extracted_Answer
Merge Q1,ID1207,jama,Answer: D,D
Merge Q2,ID0589,jama,Answer: C,C
Merge Q3,ID1123,jama,Answer: D,D
Merge Q4,ID0021,jama,Answer: A,A
Merge Q5,ID0044,jama,Answer: D,D
Merge Q6,ID1702,jama,Answer: C,C
Merge Q7,ID1903,jama,Answer: B,B
Merge Q8,ID0280,jama,Answer: B,B
Merge Q9,ID1148,jama,Answer: B,B
Merge Q10,ID0395,jama,Answer: B,B
Merge Q11,ID0172,jama,Answer: D,D
Merge Q12,ID0769,jama,Answer: B,B
Merge Q13,ID0809,jama,Answer: B,B
Merge Q14,ID1150,jama,Answer: D,D
Merge Q15,ID0199,jama,Answer: A,A
Merge Q16,ID1032,jama,Answer: C,C
Merge Q17,ID1977,jama,Answer: D,D
Merge Q18,ID0551,jama,Answer: C,C
Merge Q19,ID0295,jama,Answer: A,A
Merge Q20,ID1174,jama,Answer: D,D
Merge Q21,ID0278,jama,Answer: C,C
Merge Q22,ID1570,medbullets,Answer: A,A
Merge Q23,ID0852,medbullets,Answer: D,D
Merge Q24,ID0699,jama,Answer: C,C
Merge Q25,ID0728,medbullets,"I'm happy to help, but I need the patient case summary to provide an accurate answer. Please provide the patient case summary, and I'll be happy to assist you in choosing the most appropriate next step in management.",
Merge Q26,ID1919,medbullets,Answer: C,C
Merge Q27,ID0801,medbullets,Answer: B,B
Merge Q28,ID0790,medbullets,Answer: A,A
Merge Q29,ID1279,medbullets,Answer: C,C
Merge Q30,ID1488,medbullets,Answer: D,D
Merge Q31,ID0314,medbullets,Answer: C,C
Merge Q32,ID1536,medbullets,Answer: D,D
Merge Q33,ID1051,medbullets,Answer: B,B
Merge Q34,ID0529,medbullets,Answer: D,D
Merge Q35,ID1489,medbullets,Answer: A,A
Merge Q36,ID1081,medbullets,Answer: D,D
Merge Q37,ID1974,medbullets,Answer: C,C
Merge Q38,ID1130,medbullets,Answer: A,A
Merge Q39,ID1153,medbullets,Answer: A,A
Merge Q40,ID0007,medbullets,Answer: A,A
Merge Q41,ID1337,medbullets,Answer: C,C
Merge Q42,ID0135,medbullets,Answer: B,B
Merge Q43,ID1983,medbullets,Answer: B,B
Merge Q44,ID0600,medbullets,Answer: B,B
Merge Q45,ID0715,medbullets,Answer: B,B
Merge Q46,ID1900,jama,Answer: C,C
Merge Q47,ID0713,medbullets,Answer: B,B
Merge Q48,ID1845,medbullets,Answer: A,A
Merge Q49,ID1998,medbullets,Answer: B,B
Merge Q50,ID1599,medbullets,Answer: B,B
Merge Q51,ID0673,medbullets,Answer: A,A
Merge Q52,ID0564,medbullets,Answer: B,B
Merge Q53,ID0711,medbullets,Answer: D,D
Merge Q54,ID1047,jama,Answer: A,A
Merge Q55,ID1632,medbullets,Answer: C,C
Merge Q56,ID1824,medbullets,Answer: D,D
Merge Q57,ID0496,medbullets,Answer: A,A
Merge Q58,ID1955,medbullets,Answer: A,A
Merge Q59,ID1898,medbullets,Answer: C.,C
Merge Q60,ID0949,medbullets,Answer: C,C
Merge Q61,ID0325,medbullets,Answer: B,B
Merge Q62,ID0465,jama,Answer: C,C
Merge Q63,ID1963,medbullets,Answer: B,B
Merge Q64,ID0619,medbullets,Answer: C,C
Merge Q65,ID1812,medbullets,Answer: C,C
Merge Q66,ID1821,medbullets,Answer: D,D
Merge Q67,ID1157,medbullets,Answer: C.,C
Merge Q68,ID0221,medbullets,Answer: A,A
Merge Q69,ID0679,medbullets,Answer: A,A
Merge Q70,ID0830,medbullets,Answer: A,A
Merge Q71,ID0321,jama,Answer: B,B
Merge Q72,ID0415,jama,Answer: B,B
Merge Q73,ID1129,medbullets,Answer: C,C
Merge Q74,ID0788,medbullets,Answer: B,B
Merge Q75,ID1508,medbullets,Answer: D,D
Merge Q76,ID1480,medbullets,Answer: D,D
Merge Q77,ID0924,medbullets,Answer: B,B
Merge Q78,ID1315,medbullets,Answer: D,D
Merge Q79,ID1200,medbullets,Answer: C,C
Merge Q80,ID0182,medbullets,Answer: A,A
Merge Q81,ID1819,jama,Answer: C,C
Merge Q82,ID0048,medbullets,Answer: D,D
Merge Q83,ID1634,medbullets,Answer: A,A
Merge Q84,ID1602,medbullets,Answer: A,A
Merge Q85,ID0046,medbullets,Answer: D,D
Merge Q86,ID0796,medbullets,Answer: D,D
Merge Q87,ID1397,medbullets,Answer: A,A
Merge Q88,ID0215,jama,Answer: B,B
Merge Q89,ID0495,medbullets,Answer: B,B
Merge Q90,ID0967,medbullets,Answer: B,B
Merge Q91,ID0517,medbullets,Answer: A,A
Merge Q92,ID0662,medbullets,Answer: A,A
Merge Q93,ID0115,medbullets,Answer: B,B
Merge Q94,ID1496,medbullets,Answer: A,A
Merge Q95,ID1439,medbullets,Answer: B,B
Merge Q96,ID1116,medbullets,Answer: B,B
Merge Q97,ID0568,medbullets,Answer: C,C
Merge Q98,ID1685,medbullets,Answer: C,C
Merge Q99,ID1221,medbullets,Answer: D,D
Merge Q100,ID0247,medbullets,Answer: B,B
Merge Q101,ID1560,jama,Answer: D,D
Merge Q102,ID1232,medbullets,Answer: C,C
Merge Q103,ID1158,medbullets,Answer: C,C
Merge Q104,ID0974,medbullets,Answer: A,A
Merge Q105,ID1271,medbullets,Answer: A,A
Merge Q106,ID1553,medbullets,Answer: A,A
Merge Q107,ID1093,medbullets,Answer: C,C
Merge Q108,ID1490,medbullets,Answer: B,B
Merge Q109,ID0693,medbullets,Answer: D,D
Merge Q110,ID1895,medbullets,Answer: B,B
Merge Q111,ID1218,medbullets,Answer: A,A
Merge Q112,ID0893,medbullets,Answer: D,D
Merge Q113,ID1362,medbullets,Answer: B,B
Merge Q114,ID1384,medbullets,Answer: A,A
Merge Q115,ID0078,medbullets,Answer: B,B
Merge Q116,ID1833,medbullets,Answer: A,A
Merge Q117,ID0249,medbullets,Answer: C,C
Merge Q118,ID1945,medbullets,Answer: B,B
Merge Q119,ID1028,medbullets,Answer: A,A
Merge Q120,ID0238,medbullets,Answer: D,D
Merge Q121,ID0759,medbullets,Answer: B,B
Merge Q122,ID0844,medbullets,Answer: A,A
Merge Q123,ID0102,medbullets,Answer: C,C
Merge Q124,ID1494,medbullets,Answer: B,B
Merge Q125,ID1458,jama,Answer: C,C
Merge Q126,ID0152,medbullets,Answer: A,A
Merge Q127,ID0928,medbullets,Answer: C,C
Merge Q128,ID1411,medbullets,Answer: D,D
Merge Q129,ID1338,medbullets,Answer: D,D
Merge Q130,ID1718,medbullets,Answer: C,C
Merge Q131,ID1468,medbullets,Answer: D,D
Merge Q132,ID1539,medbullets,Answer: C,C
Merge Q133,ID0244,medbullets,Answer: C.,C
Merge Q134,ID1517,jama,Answer: B,B
Merge Q135,ID0185,medbullets,Answer: D,D
Merge Q136,ID0887,medbullets,Answer: B,B
Merge Q137,ID1394,medbullets,Answer: C,C
Merge Q138,ID0106,medbullets,Answer: A,A
Merge Q139,ID1378,medbullets,Answer: B,B
Merge Q140,ID0470,medbullets,Answer: B,B
Merge Q141,ID1510,jama,Answer: A,A
Merge Q142,ID0585,medbullets,Answer: B,B
Merge Q143,ID0885,medbullets,Answer: B,B
Merge Q144,ID1704,medbullets,Answer: C,C
Merge Q145,ID1228,medbullets,Answer: B,B
Merge Q146,ID1413,medbullets,Answer: B,B
Merge Q147,ID1142,medbullets,Answer: D,D
Merge Q148,ID1822,medbullets,Answer: B,B
Merge Q149,ID1706,medbullets,Answer: B,B
Merge Q150,ID0032,medbullets,Answer: D,D
Merge Q151,ID1073,jama,Answer: D,D
Merge Q152,ID1452,medbullets,Answer: D,D
Merge Q153,ID1629,medbullets,Answer: C,C
Merge Q154,ID0853,medbullets,Answer: B,B
Merge Q155,ID0111,medbullets,Answer: D,D
Merge Q156,ID1343,medbullets,Answer: B,B
Merge Q157,ID0923,medbullets,Answer: A,A
Merge Q158,ID0915,jama,Answer: C,C
Merge Q159,ID0970,medbullets,Answer: B,B
Merge Q160,ID1202,medbullets,Answer: A,A
Merge Q161,ID0029,medbullets,Answer: A,A
Merge Q162,ID0403,medbullets,Answer: B,B
Merge Q163,ID1880,medbullets,Answer: C,C
Merge Q164,ID1927,medbullets,Answer: B,B
Merge Q165,ID0034,medbullets,Answer: A,A
Merge Q166,ID0987,medbullets,Answer: A,A
Merge Q167,ID1262,medbullets,Answer: B,B
Merge Q168,ID0055,medbullets,Answer: B,B
Merge Q169,ID0836,medbullets,Answer: C,C
Merge Q170,ID1846,medbullets,Answer: C,C
Merge Q171,ID0438,medbullets,Answer: B,B
Merge Q172,ID1269,medbullets,Answer: C,C
Merge Q173,ID0305,medbullets,Answer: B,B
Merge Q174,ID0835,medbullets,Answer: A,A
Merge Q175,ID0198,medbullets,Answer: A,A
Merge Q176,ID1566,medbullets,Answer: C,C
Merge Q177,ID1457,medbullets,Answer: B,B
Merge Q178,ID1534,medbullets,Answer: C,C
Merge Q179,ID1475,medbullets,Answer: C,C
Merge Q180,ID0546,medbullets,Answer: D,D
Merge Q181,ID1024,medbullets,Answer: A,A
Merge Q182,ID1245,medbullets,Answer: B,B
Merge Q183,ID1495,medbullets,Answer: B,B
Merge Q184,ID0468,medbullets,Answer: D,D
Merge Q185,ID1637,medbullets,Answer: D,D
Merge Q186,ID0810,medbullets,Answer: C,C
Merge Q187,ID1246,medbullets,Answer: B,B
Merge Q188,ID1137,medbullets,Answer: B,B
Merge Q189,ID0732,medbullets,Answer: C,C
Merge Q190,ID0447,medbullets,Answer: D,D
Merge Q191,ID0841,medbullets,Answer: D,D
Merge Q192,ID0177,medbullets,Answer: B,B
Merge Q193,ID0072,jama,Answer: C,C
Merge Q194,ID1307,medbullets,Answer: A,A
Merge Q195,ID1952,medbullets,Answer: A,A
Merge Q196,ID0613,medbullets,Answer: A,A
Merge Q197,ID1786,medbullets,Answer: D,D
Merge Q198,ID1422,medbullets,Answer: B,B
Merge Q199,ID1249,medbullets,Answer: A,A
Merge Q200,ID0861,medbullets,Answer: C,C
Merge Q201,ID1329,medbullets,Answer: D,D
Merge Q202,ID0824,medbullets,Answer: A,A
Merge Q203,ID0101,medbullets,Answer: A,A
Merge Q204,ID1278,medbullets,Answer: C,C
Merge Q205,ID0623,medbullets,Answer: A,A
Merge Q206,ID1345,medbullets,Answer: C,C
Merge Q207,ID1636,medbullets,Answer: B,B
Merge Q208,ID0067,medbullets,Answer: A,A
Merge Q209,ID0825,medbullets,Answer: D,D
Merge Q210,ID1838,medbullets,Answer: B,B
Merge Q211,ID1768,medbullets,Answer: C,C
Merge Q212,ID0599,medbullets,Answer: C,C
Merge Q213,ID0082,medbullets,Answer: B,B
Merge Q214,ID0526,medbullets,Answer: A,A
Merge Q215,ID1313,medbullets,Answer: D,D
Merge Q216,ID1552,medbullets,Answer: D,D
Merge Q217,ID0396,medbullets,Answer: B,B
Merge Q218,ID0382,medbullets,Answer: C,C
Merge Q219,ID1666,medbullets,Answer: A,A
Merge Q220,ID1371,medbullets,Answer: C,C
Merge Q221,ID1693,medbullets,Answer: C,C
Merge Q222,ID0833,medbullets,Answer: C,C
Merge Q223,ID0309,medbullets,Answer: A,A
Merge Q224,ID0901,medbullets,Answer: A,A
Merge Q225,ID0601,medbullets,Answer: D,D
Merge Q226,ID1882,medbullets,Answer: A,A
Merge Q227,ID0784,medbullets,Answer: C,C
Merge Q228,ID1668,medbullets,Answer: B,B
Merge Q229,ID0845,medbullets,Answer: C,C
Merge Q230,ID0330,medbullets,Answer: A,A
Merge Q231,ID1565,medbullets,Answer: B,B
Merge Q232,ID0144,medbullets,Answer: B,B
Merge Q233,ID0028,medbullets,Answer: D,D
Merge Q234,ID1541,medbullets,Answer: B,B
Merge Q235,ID1402,jama,Answer: C,C
Merge Q236,ID0473,medbullets,Answer: A,A
Merge Q237,ID0363,medbullets,Answer: A,A
Merge Q238,ID1738,medbullets,Answer: A,A
Merge Q239,ID1526,medbullets,Answer: B,B
Merge Q240,ID1938,medbullets,Answer: A,A
Merge Q241,ID0535,medbullets,Answer: C,C
Merge Q242,ID0503,medbullets,Answer: C,C
Merge Q243,ID0162,medbullets,Answer: A,A
Merge Q244,ID0130,jama,Answer: A,A
Merge Q245,ID1193,jama,Answer: B,B
Merge Q246,ID1070,jama,Answer: D,D
Merge Q247,ID1204,jama,Answer: C,C
Merge Q248,ID1962,medxpert,Answer: B,B
Merge Q249,ID1011,jama,Answer: D,D
Merge Q250,ID0216,medxpert,I need the patient case summary to provide an accurate answer.,
Merge Q251,ID0207,medxpert,Answer: D,D
Merge Q252,ID0860,medxpert,Answer: D,D
Merge Q253,ID0478,jama,Answer: B,B
Merge Q254,ID0416,medxpert,Answer: F,F
Merge Q255,ID1664,jama,Answer: D,D
Merge Q256,ID0831,medxpert,Answer: F,F
Merge Q257,ID1717,medxpert,Answer: A,A
Merge Q258,ID0581,medxpert,Answer: J,J
Merge Q259,ID0957,medxpert,Answer: H,H
Merge Q260,ID1713,jama,Answer: C,C
Merge Q261,ID1684,medxpert,Answer: A,A
Merge Q262,ID0248,medxpert,Answer: A,A
Merge Q263,ID0492,jama,Answer: A,A
Merge Q264,ID0671,jama,Answer: D,D
Merge Q265,ID1915,medxpert,Answer: A,A
Merge Q266,ID0919,medxpert,Answer: D,D
Merge Q267,ID0133,jama,Answer: D,D
Merge Q268,ID1947,medxpert,Answer: B,B
Merge Q269,ID1172,medxpert,Answer: G,G
Merge Q270,ID1009,medxpert,Answer: D,D
Merge Q271,ID1255,medxpert,Answer: I,I
Merge Q272,ID0633,jama,Answer: B,B
Merge Q273,ID0191,jama,Answer: D,D
Merge Q274,ID1892,medxpert,Answer: G,G
Merge Q275,ID0701,medxpert,Answer: G.,G
Merge Q276,ID0412,jama,Answer: D,D
Merge Q277,ID0509,medxpert,Answer: G,G
Merge Q278,ID1311,medxpert,Answer: I,I
Merge Q279,ID1582,medxpert,Answer: H,H
Merge Q280,ID1580,medxpert,Answer: J,J
Merge Q281,ID1289,jama,Answer: C,C
Merge Q282,ID0042,medxpert,Answer: A,A
Merge Q283,ID1687,medxpert,Answer: C,C
Merge Q284,ID1324,medxpert,Answer: G,G
Merge Q285,ID1236,jama,Answer: D,D
Merge Q286,ID1909,jama,Answer: C,C
Merge Q287,ID1280,medxpert,Answer: A,A
Merge Q288,ID1189,medxpert,Answer: B,B
Merge Q289,ID0815,medxpert,Answer: B,B
Merge Q290,ID1999,medxpert,Answer: C,C
Merge Q291,ID0459,medxpert,Answer: C,C
Merge Q292,ID1416,jama,Answer: B,B
Merge Q293,ID0519,medxpert,Answer: D,D
Merge Q294,ID1640,medxpert,Answer: B,B
Merge Q295,ID1141,medxpert,Answer: D,D
Merge Q296,ID1698,medxpert,Answer: G,G
Merge Q297,ID1385,medxpert,Answer: A,A
Merge Q298,ID1021,jama,Answer: A,A
Merge Q299,ID0777,medxpert,Answer: I,I
Merge Q300,ID0045,medxpert,Answer: A,A
Merge Q301,ID1234,jama,Answer: B,B
Merge Q302,ID0151,medxpert,Answer: J,J
Merge Q303,ID0843,medxpert,Answer: I,I
Merge Q304,ID0229,medxpert,Answer: F,F
Merge Q305,ID0764,medxpert,Answer: A,A
Merge Q306,ID0595,medxpert,Answer: H,H
Merge Q307,ID0846,jama,Answer: C,C
Merge Q308,ID0577,jama,Answer: C,C
Merge Q309,ID1888,medxpert,Answer: I,I
Merge Q310,ID1957,medxpert,Answer: E,E
Merge Q311,ID1773,medxpert,Answer: B,B
Merge Q312,ID1758,medxpert,Answer: G,G
Merge Q313,ID1841,jama,Answer: A,A
Merge Q314,ID1074,medxpert,Answer: A,A
Merge Q315,ID0293,medxpert,Answer: C,C
Merge Q316,ID1139,jama,Answer: B,B
Merge Q317,ID0574,medxpert,Answer: G,G
Merge Q318,ID0137,medxpert,Answer: A,A
Merge Q319,ID0717,medxpert,Answer: B,B
Merge Q320,ID1066,medxpert,Answer: G,G
Merge Q321,ID0195,jama,Answer: B,B
Merge Q322,ID1065,medxpert,Answer: G,G
Merge Q323,ID1980,medxpert,Answer: F,F
Merge Q324,ID1594,jama,Answer: B,B
Merge Q325,ID0484,jama,Answer: C,C
Merge Q326,ID1572,medxpert,Answer: I,I
Merge Q327,ID0941,medxpert,Answer: C,C
Merge Q328,ID0193,medxpert,Answer: E,E
Merge Q329,ID0702,medxpert,Answer: A,A
Merge Q330,ID1320,jama,Answer: C,C
Merge Q331,ID0605,medxpert,Answer: D,D
Merge Q332,ID1825,medxpert,Answer: H,H
Merge Q333,ID0116,jama,Answer: A,A
Merge Q334,ID1886,medxpert,Answer: A,A
Merge Q335,ID0219,jama,Answer: B,B
Merge Q336,ID1923,medxpert,Answer: C,C
Merge Q337,ID0994,medxpert,Answer: A,A
Merge Q338,ID0071,medxpert,Answer: F,F
Merge Q339,ID0418,jama,Answer: A,A
Merge Q340,ID0407,medxpert,Answer: A,A
Merge Q341,ID1294,medxpert,Answer: E,E
Merge Q342,ID0765,medxpert,Answer: B,B
Merge Q343,ID1040,jama,Answer: D,D
Merge Q344,ID1776,medxpert,Answer: B,B
Merge Q345,ID0691,jama,Answer: D,D
Merge Q346,ID0112,medxpert,Answer: A,A
Merge Q347,ID1578,medxpert,Answer: H,H
Merge Q348,ID0483,jama,Answer: C,C
Merge Q349,ID0770,medxpert,Answer: E,E
Merge Q350,ID0854,jama,Answer: A,A
Merge Q351,ID0110,jama,Answer: B,B
Merge Q352,ID0165,medxpert,Answer: A,A
Merge Q353,ID1099,jama,Answer: B,B
Merge Q354,ID0878,jama,Answer: A,A
Merge Q355,ID0303,medxpert,Answer: E,E
Merge Q356,ID1929,medxpert,Answer: F,F
Merge Q357,ID1340,medxpert,Answer: G,G
Merge Q358,ID1722,medxpert,Answer: A,A
Merge Q359,ID1184,medxpert,Answer: F,F
Merge Q360,ID1199,medxpert,Answer: A,A
Merge Q361,ID0357,medxpert,Answer: A,A
Merge Q362,ID1924,medxpert,Answer: F,F
Merge Q363,ID1941,medxpert,Answer: F,F
Merge Q364,ID0902,medxpert,Answer: D,D
Merge Q365,ID1558,jama,Answer: B,B
Merge Q366,ID0758,medxpert,Answer: D,D
Merge Q367,ID1680,jama,Answer: C,C
Merge Q368,ID1299,medxpert,Answer: E,E
Merge Q369,ID0821,medxpert,Answer: H,H
Merge Q370,ID0397,medxpert,Answer: F,F
Merge Q371,ID0323,jama,Answer: D,D
Merge Q372,ID1559,medxpert,Answer: B,B
Merge Q373,ID1108,medxpert,Answer: I,I
Merge Q374,ID0990,jama,Answer: D,D
Merge Q375,ID0737,medxpert,Answer: G,G
Merge Q376,ID0786,medxpert,Answer: A,A
Merge Q377,ID1593,medxpert,Answer: E,E
Merge Q378,ID1951,jama,Answer: C,C
Merge Q379,ID0063,medxpert,Answer: J,J
Merge Q380,ID1284,medxpert,Answer: F,F
Merge Q381,ID0200,medxpert,Answer: A,A
Merge Q382,ID0584,jama,Answer: C,C
Merge Q383,ID1779,medxpert,Answer: E,E
Merge Q384,ID1212,medxpert,Answer: C,C
Merge Q385,ID0222,jama,Answer: D,D
Merge Q386,ID0444,jama,Answer: C,C
Merge Q387,ID1453,jama,Answer: A,A
Merge Q388,ID0965,medxpert,Answer: I,I
Merge Q389,ID0658,medxpert,Answer: J,J
Merge Q390,ID0992,medxpert,Answer: B,B
Merge Q391,ID1834,medxpert,Answer: I,I
Merge Q392,ID0680,medxpert,Answer: G,G
Merge Q393,ID1058,medxpert,Answer: H,H
Merge Q394,ID1117,medxpert,Answer: C,C
Merge Q395,ID1625,medxpert,Answer: H,H
Merge Q396,ID1790,jama,Answer: B,B
Merge Q397,ID0479,jama,Answer: B,B
Merge Q398,ID0934,medxpert,Answer: G,G
Merge Q399,ID1746,medxpert,Answer: I,I
Merge Q400,ID0141,medxpert,Answer: G,G
Merge Q401,ID1396,medxpert,Answer: G,G
Merge Q402,ID1309,medxpert,Answer: E,E
Merge Q403,ID1175,jama,Answer: D,D
Merge Q404,ID1395,medxpert,Answer: I,I
Merge Q405,ID0317,medxpert,Answer: A,A
Merge Q406,ID1151,medxpert,Answer: C,C
Merge Q407,ID0753,medxpert,Answer: F,F
Merge Q408,ID1171,jama,Answer: D,D
Merge Q409,ID1214,jama,Answer: B,B
Merge Q410,ID1449,medxpert,Answer: E,E
Merge Q411,ID1913,medxpert,Answer: E,E
Merge Q412,ID0304,medxpert,Answer: I,I
Merge Q413,ID1504,medxpert,Answer: E,E
Merge Q414,ID0977,jama,Answer: C,C
Merge Q415,ID0907,medxpert,Answer: E,E
Merge Q416,ID1772,medxpert,Answer: F,F
Merge Q417,ID1431,jama,Answer: A,A
Merge Q418,ID1724,medxpert,Answer: G,G
Merge Q419,ID1925,jama,Answer: C,C
Merge Q420,ID1656,medxpert,Answer: E,E
Merge Q421,ID1098,jama,Answer: A,A
Merge Q422,ID1492,medxpert,Answer: F,F
Merge Q423,ID0150,jama,Answer: C,C
Merge Q424,ID0655,medxpert,Answer: D,D
Merge Q425,ID0627,medxpert,Answer: D,D
Merge Q426,ID0626,medxpert,Answer: B,B
Merge Q427,ID1757,medxpert,Answer: H,H
Merge Q428,ID0723,jama,Answer: A,A
Merge Q429,ID1147,medxpert,Answer: F,F
Merge Q430,ID0345,jama,Answer: A,A
Merge Q431,ID1766,medxpert,Answer: D,D
Merge Q432,ID0003,medxpert,Answer: G,G
Merge Q433,ID0792,medxpert,"I need more information about the patient to provide an accurate answer. Can you please provide the patient's age, medical history, and any relevant risk factors for breast cancer?",
Merge Q434,ID1550,jama,Answer: D,D
Merge Q435,ID0856,medxpert,Answer: J,J
Merge Q436,ID1976,medxpert,Answer: C,C
Merge Q437,ID0211,medxpert,Answer: A,A
Merge Q438,ID1946,medxpert,Answer: A,A
Merge Q439,ID0805,medxpert,Answer: G,G
Merge Q440,ID0161,jama,Answer: C,C
Merge Q441,ID1409,medxpert,Answer: E,E
Merge Q442,ID1251,medxpert,Answer: C,C
Merge Q443,ID1904,jama,Answer: D,D
Merge Q444,ID1775,medxpert,Answer: B,B
Merge Q445,ID0359,medxpert,Answer: D,D
Merge Q446,ID0327,medxpert,Answer: B,B
Merge Q447,ID0002,jama,Answer: D,D
Merge Q448,ID1019,jama,Answer: A,A
Merge Q449,ID1185,jama,Answer: A,A
Merge Q450,ID1062,medxpert,Answer: J,J
Merge Q451,ID0085,medxpert,Answer: H,H
Merge Q452,ID1659,jama,Answer: B,B
Merge Q453,ID0827,medxpert,Answer: C,C
Merge Q454,ID0320,medxpert,Answer: F,F
Merge Q455,ID1994,medxpert,Answer: I,I
Merge Q456,ID1208,medxpert,Answer: D,D
Merge Q457,ID0300,jama,Answer: C,C
Merge Q458,ID0399,jama,Answer: C,C
Merge Q459,ID1448,medxpert,Answer: B,B
Merge Q460,ID1102,medxpert,Answer: B,B
Merge Q461,ID1389,medxpert,Answer: B,B
Merge Q462,ID1026,medxpert,Answer: D,D
Merge Q463,ID0927,jama,Answer: A,A
Merge Q464,ID0761,medxpert,Answer: H,H
Merge Q465,ID1727,medxpert,Answer: A,A
Merge Q466,ID1588,jama,Answer: A,A
Merge Q467,ID1712,medxpert,Answer: B,B
Merge Q468,ID0594,medxpert,Answer: G,G
Merge Q469,ID1037,jama,Answer: B,B
Merge Q470,ID0140,medxpert,Answer: J,J
Merge Q471,ID1183,jama,Answer: C,C
Merge Q472,ID1761,jama,Answer: B,B
Merge Q473,ID0684,medxpert,Answer: I,I
Merge Q474,ID0262,medxpert,Answer: I,I
Merge Q475,ID0242,medxpert,Answer: G,G
Merge Q476,ID0376,medxpert,Answer: B,B
Merge Q477,ID0099,medxpert,Answer: D,D
Merge Q478,ID0455,medxpert,Answer: E,E
Merge Q479,ID1975,medxpert,Answer: I,I
Merge Q480,ID1896,medxpert,Answer: G,G
Merge Q481,ID0092,medxpert,Answer: J,J
Merge Q482,ID0310,jama,Answer: D,D
Merge Q483,ID1743,medxpert,Answer: A,A
Merge Q484,ID0073,medxpert,Answer: D,D
Merge Q485,ID1671,jama,Answer: B,B
Merge Q486,ID1778,medxpert,Answer: C,C
Merge Q487,ID0148,medxpert,Answer: E,E
Merge Q488,ID0047,jama,Answer: A,A
Merge Q489,ID0591,medxpert,Answer: G,G
Merge Q490,ID0336,medxpert,Answer: A,A
Merge Q491,ID0870,medxpert,Answer: C,C
Merge Q492,ID1254,medxpert,Answer: E,E
Merge Q493,ID0142,jama,Answer: A,A
Merge Q494,ID1483,medxpert,Answer: H,H
Merge Q495,ID1567,medxpert,Answer: E,E
Merge Q496,ID1154,medxpert,Answer: F,F
Merge Q497,ID1694,medxpert,Answer: H,H
Merge Q498,ID0532,medxpert,Answer: B,B
Merge Q499,ID1835,jama,Answer: B,B
Merge Q500,ID1463,medxpert,Answer: D,D
Merge Q501,ID1958,medxpert,Answer: B,B
Merge Q502,ID0365,jama,Answer: C,C
Merge Q503,ID0672,medxpert,Answer: G,G
Merge Q504,ID0621,medxpert,Answer: B,B
Merge Q505,ID1540,jama,Answer: B,B
Merge Q506,ID1696,medxpert,Answer: J,J
Merge Q507,ID0668,medxpert,"There is not enough information in the prompt to determine the most appropriate recommendation for this patient. However, given that the patient is in her second trimester, I will choose an option that is generally recommended for pregnant women in their second trimester.

Answer: H",H
Merge Q508,ID1830,medxpert,Answer: F,F
Merge Q509,ID1392,medxpert,Answer: I,I
Merge Q510,ID0641,medxpert,Answer: J,J
Merge Q511,ID1937,jama,Answer: A,A
Merge Q512,ID1312,medxpert,Answer: A,A
Merge Q513,ID1434,medxpert,Answer: J,J
Merge Q514,ID1533,jama,Answer: C,C
Merge Q515,ID0798,medxpert,Answer: H,H
Merge Q516,ID1190,medxpert,Answer: F,F
Merge Q517,ID1979,medxpert,Answer: H,H
Merge Q518,ID0391,medxpert,Answer: I,I
Merge Q519,ID0651,medxpert,Answer: G,G
Merge Q520,ID1359,jama,Answer: A,A
Merge Q521,ID1176,medxpert,Answer: C,C
Merge Q522,ID0797,jama,Answer: C,C
Merge Q523,ID1067,medxpert,Answer: A,A
Merge Q524,ID1428,medxpert,Answer: A,A
Merge Q525,ID0935,jama,Answer: A,A
Merge Q526,ID0094,jama,Answer: C,C
Merge Q527,ID0614,medxpert,Answer: A,A
Merge Q528,ID0096,medxpert,Answer: D,D
Merge Q529,ID0536,medxpert,Answer: F,F
Merge Q530,ID1750,medxpert,Answer: H,H
Merge Q531,ID1318,jama,Answer: C,C
Merge Q532,ID1264,jama,Answer: C,C
Merge Q533,ID0567,medxpert,Answer: D,D
Merge Q534,ID0828,medxpert,Answer: B,B
Merge Q535,ID0257,jama,Answer: C,C
Merge Q536,ID1414,medxpert,I need the patient case summary to provide an accurate answer.,
Merge Q537,ID0811,medxpert,Answer: D,D
Merge Q538,ID0088,jama,Answer: A,A
Merge Q539,ID0572,medxpert,Answer: C,C
Merge Q540,ID1820,jama,Answer: B,B
Merge Q541,ID1020,jama,Answer: A,A
Merge Q542,ID0379,medxpert,Answer: H,H
Merge Q543,ID0511,jama,Answer: B,B
Merge Q544,ID1987,medxpert,Answer: H,H
Merge Q545,ID0598,medxpert,Answer: D,D
Merge Q546,ID0460,jama,Answer: C,C
Merge Q547,ID0523,medxpert,Answer: E,E
Merge Q548,ID0803,jama,Answer: D,D
Merge Q549,ID1614,medxpert,Answer: F,F
Merge Q550,ID0284,medxpert,Answer: I,I
Merge Q551,ID1858,medxpert,Answer: C,C
Merge Q552,ID1997,medxpert,Answer: B,B
Merge Q553,ID1085,medxpert,Answer: D,D
Merge Q554,ID1380,medxpert,Answer: B,B
Merge Q555,ID1840,medxpert,Answer: D,D
Merge Q556,ID1242,jama,Answer: C,C
Merge Q557,ID1949,jama,Answer: C,C
Merge Q558,ID0979,medxpert,Answer: B,B
Merge Q559,ID0254,jama,Answer: D,D
Merge Q560,ID0590,jama,Answer: D,D
Merge Q561,ID0616,medxpert,Answer: I,I
Merge Q562,ID0740,jama,Answer: D,D
Merge Q563,ID1432,medxpert,Answer: G,G
Merge Q564,ID0514,medxpert,Answer: I,I
Merge Q565,ID1029,medxpert,Answer: C,C
Merge Q566,ID1538,jama,Answer: B,B
Merge Q567,ID1652,jama,Answer: A,A
Merge Q568,ID0246,jama,Answer: C,C
Merge Q569,ID1353,jama,Answer: C,C
Merge Q570,ID0942,medxpert,Answer: G,G
Merge Q571,ID1551,jama,Answer: C,C
Merge Q572,ID1755,medxpert,Answer: E,E
Merge Q573,ID1178,jama,Answer: C,C
Merge Q574,ID1226,medxpert,Answer: J,J
Merge Q575,ID1557,medxpert,Answer: I,I
Merge Q576,ID1288,jama,Answer: A,A
Merge Q577,ID0425,medxpert,Answer: D,D
Merge Q578,ID1346,jama,Answer: D,D
Merge Q579,ID0235,medxpert,Answer: B,B
Merge Q580,ID0371,medxpert,Answer: F,F
Merge Q581,ID0972,medxpert,Answer: C,C
Merge Q582,ID0349,medxpert,Answer: F,F
Merge Q583,ID0973,jama,Answer: D,D
Merge Q584,ID1931,jama,Answer: A,A
Merge Q585,ID0451,jama,Answer: A,A
Merge Q586,ID1179,medxpert,Answer: C,C
Merge Q587,ID0912,medxpert,Answer: B,B
Merge Q588,ID1767,medxpert,Answer: D,D
Merge Q589,ID1691,medxpert,Answer: B,B
Merge Q590,ID0880,medxpert,Answer: E,E
Merge Q591,ID1823,jama,Answer: B,B
Merge Q592,ID0922,medxpert,Answer: I,I
Merge Q593,ID1591,medxpert,Answer: I,I
Merge Q594,ID0298,medxpert,Answer: A,A
Merge Q595,ID1356,medxpert,Answer: C,C
Merge Q596,ID1787,jama,Answer: A,A
Merge Q597,ID1423,medxpert,Answer: B,B
Merge Q598,ID1328,medxpert,Answer: A,A
Merge Q599,ID1113,jama,Answer: C,C
Merge Q600,ID1501,medxpert,Answer: E,E
Merge Q601,ID0587,medxpert,Answer: E,E
Merge Q602,ID1520,jama,Answer: A,A
Merge Q603,ID0275,medxpert,Answer: A,A
Merge Q604,ID0170,medxpert,Answer: D,D
Merge Q605,ID1127,jama,Answer: C,C
Merge Q606,ID0385,medxpert,Answer: H,H
Merge Q607,ID0417,jama,Answer: D,D
Merge Q608,ID0292,medxpert,Answer: A,A
Merge Q609,ID1852,jama,Answer: C,C
Merge Q610,ID1164,jama,Answer: B,B
Merge Q611,ID1910,medxpert,Answer: D,D
Merge Q612,ID0030,jama,Answer: B,B
Merge Q613,ID0696,medxpert,Answer: F,F
Merge Q614,ID1744,medxpert,Answer: D,D
Merge Q615,ID0079,jama,Answer: D,D
Merge Q616,ID1699,jama,Answer: D,D
Merge Q617,ID1817,medxpert,Answer: C,C
Merge Q618,ID0166,medxpert,Answer: C,C
Merge Q619,ID0426,medxpert,Answer: J,J
Merge Q620,ID0289,jama,Answer: B,B
Merge Q621,ID1194,medxpert,Answer: D,D
Merge Q622,ID1072,medxpert,Answer: I,I
Merge Q623,ID1125,medxpert,Answer: A,A
Merge Q624,ID0937,jama,Answer: A,A
Merge Q625,ID0521,medxpert,Answer: H,H
Merge Q626,ID0056,medxpert,Answer: D,D
Merge Q627,ID0018,jama,Answer: D,D
Merge Q628,ID0010,medxpert,Answer: H,H
Merge Q629,ID1571,medxpert,Answer: B,B
Merge Q630,ID0533,jama,Answer: C,C
Merge Q631,ID1932,jama,Answer: B,B
Merge Q632,ID1783,medxpert,Answer: J,J
Merge Q633,ID0389,jama,Answer: C,C
Merge Q634,ID1161,medxpert,Answer: B,B
Merge Q635,ID1710,jama,Answer: B,B
Merge Q636,ID1676,medxpert,Answer: B,B
Merge Q637,ID1646,medxpert,Answer: I,I
Merge Q638,ID0895,jama,Answer: C,C
Merge Q639,ID1585,jama,Answer: C,C
Merge Q640,ID1252,medxpert,Answer: E,E
Merge Q641,ID0353,medxpert,Answer: H,H
Merge Q642,ID1135,jama,Answer: B,B
Merge Q643,ID0625,medxpert,Answer: I,I
Merge Q644,ID1673,medxpert,Answer: A,A
Merge Q645,ID0025,medxpert,Answer: F,F
Merge Q646,ID0813,medxpert,Answer: D,D
Merge Q647,ID1953,jama,Answer: B,B
Merge Q648,ID0458,medxpert,Answer: F,F
Merge Q649,ID0281,medxpert,Answer: E,E
Merge Q650,ID1031,medxpert,Answer: I,I
Merge Q651,ID1742,medxpert,Answer: C,C
Merge Q652,ID0388,medxpert,Answer: F,F
Merge Q653,ID1751,medxpert,Answer: H,H
Merge Q654,ID1301,jama,Answer: B,B
Merge Q655,ID0872,medxpert,Answer: D,D
Merge Q656,ID1871,medxpert,Answer: I,I
Merge Q657,ID0233,medxpert,Answer: A,A
Merge Q658,ID1777,medxpert,Answer: D,D
Merge Q659,ID0596,jama,Answer: A,A
Merge Q660,ID0367,medxpert,Answer: I,I
Merge Q661,ID1333,medxpert,Answer: C,C
Merge Q662,ID0541,jama,Answer: B,B
Merge Q663,ID1654,medxpert,"Given the low blood pressure (90/60 mmHg), the patient is likely hypotensive. The most appropriate next step would be to address the hypotension, which could be due to various reasons such as dehydration, blood loss, or sepsis. Among the options provided, none directly address the hypotension, but some can help identify the cause. 

Considering the options, a plain abdominal radiograph (option J) can quickly help identify potential causes of hypotension such",J
Merge Q664,ID0948,medxpert,Answer: H,H
Merge Q665,ID0842,medbullets,Answer: D,D
Merge Q666,ID0816,medxpert,Answer: D,D
Merge Q667,ID0243,jama,Answer: A,A
Merge Q668,ID1357,medxpert,Answer: E,E
Merge Q669,ID0847,jama,Answer: C,C
Merge Q670,ID0926,medxpert,Answer: A,A
Merge Q671,ID0778,medxpert,Answer: D,D
Merge Q672,ID1462,medxpert,Answer: A,A
Merge Q673,ID0440,medxpert,Answer: H,H
Merge Q674,ID1348,jama,Answer: C,C
Merge Q675,ID1667,medxpert,Answer: F,F
Merge Q676,ID0466,jama,Answer: D,D
Merge Q677,ID1155,medxpert,Answer: D,D
Merge Q678,ID1369,medxpert,Answer: F,F
Merge Q679,ID0240,jama,Answer: A,A
Merge Q680,ID0883,medxpert,Answer: G,G
Merge Q681,ID1789,medxpert,Answer: J,J
Merge Q682,ID1298,medxpert,Answer: A,A
Merge Q683,ID1741,medxpert,Answer: F,F
Merge Q684,ID0356,jama,Answer: C,C
Merge Q685,ID1291,medxpert,Answer: B,B
Merge Q686,ID1948,medxpert,Answer: F,F
Merge Q687,ID1674,jama,Answer: C,C
Merge Q688,ID1270,medxpert,Answer: D,D
Merge Q689,ID1890,medxpert,Answer: E,E
Merge Q690,ID0504,medxpert,Answer: H,H
Merge Q691,ID1084,jama,Answer: A,A
Merge Q692,ID0435,medxpert,Answer: I,I
Merge Q693,ID1256,medxpert,Answer: C,C
Merge Q694,ID0506,medxpert,Answer: D,D
Merge Q695,ID1905,medxpert,Answer: F,F
Merge Q696,ID1399,medxpert,Answer: A,A
Merge Q697,ID0053,medxpert,Answer: G,G
Merge Q698,ID0908,jama,Answer: B,B
Merge Q699,ID0491,medxpert,Answer: I,I
Merge Q700,ID1795,medxpert,Answer: I,I
Merge Q701,ID0716,jama,Answer: B,B
Merge Q702,ID1944,medxpert,Answer: A,A
Merge Q703,ID0086,medxpert,Answer: A,A
Merge Q704,ID0351,jama,Answer: D,D
Merge Q705,ID0433,medxpert,Answer: C,C
Merge Q706,ID1055,medxpert,Answer: E,E
Merge Q707,ID0422,jama,Answer: C,C
Merge Q708,ID0328,jama,Answer: B,B
Merge Q709,ID0575,jama,Answer: C,C
Merge Q710,ID0639,jama,Answer: B,B
Merge Q711,ID0502,jama,Answer: B,B
Merge Q712,ID0488,jama,Answer: A,A
Merge Q713,ID0377,jama,Answer: C,C
Merge Q714,ID0553,jama,Answer: D,D
Merge Q715,ID1859,jama,Answer: C,C
Merge Q716,ID1377,jama,Answer: C,C
Merge Q717,ID1016,jama,Answer: A,A
Merge Q718,ID0476,jama,Answer: A,A
Merge Q719,ID0206,jama,Answer: D,D
Merge Q720,ID1285,jama,Answer: B,B
Merge Q721,ID0477,jama,Answer: A,A
Merge Q722,ID1469,jama,Answer: C,C
Merge Q723,ID0654,mmlu,Answer: C,C
Merge Q724,ID0256,mmlu,Answer: D,D
Merge Q725,ID1152,mmlu,Answer: C,C
Merge Q726,ID0951,mmlu,Answer: B,B
Merge Q727,ID1336,mmlu,Answer: C,C
Merge Q728,ID1466,mmlu,Answer: D,D
Merge Q729,ID1863,mmlu,Answer: B,B
Merge Q730,ID1633,mmlu,Answer: D,D
Merge Q731,ID1587,mmlu,Answer: C,C
Merge Q732,ID0251,mmlu,Answer: C,C
Merge Q733,ID1749,mmlu,Answer: D,D
Merge Q734,ID1316,mmlu,Answer: C,C
Merge Q735,ID0708,jama,Answer: C,C
Merge Q736,ID1808,mmlu,Answer: B.,B
Merge Q737,ID1339,mmlu,Answer: D,D
Merge Q738,ID1418,mmlu,Answer: D,D
Merge Q739,ID1912,mmlu,Answer: D,D
Merge Q740,ID0136,mmlu,Answer: B,B
Merge Q741,ID0802,mmlu,Answer: B,B
Merge Q742,ID0607,mmlu,Answer: A,A
Merge Q743,ID0155,jama,Answer: C,C
Merge Q744,ID0569,mmlu,Answer: D,D
Merge Q745,ID0013,mmlu,Answer: B,B
Merge Q746,ID1569,mmlu,Answer: D,D
Merge Q747,ID1454,mmlu,Answer: B,B
Merge Q748,ID1500,mmlu,Answer: C,C
Merge Q749,ID0554,mmlu,Answer: A,A
Merge Q750,ID1650,mmlu,Answer: B,B
Merge Q751,ID1788,mmlu,Answer: D,D
Merge Q752,ID1969,mmlu,Answer: A,A
Merge Q753,ID1267,jama,Answer: A,A
Merge Q754,ID1383,mmlu,Answer: A,A
Merge Q755,ID0437,mmlu,Answer: C,C
Merge Q756,ID0074,mmlu,Answer: A,A
Merge Q757,ID1112,mmlu,Answer: A,A
Merge Q758,ID0253,mmlu,Answer: D,D
Merge Q759,ID1688,mmlu,Answer: D,D
Merge Q760,ID1297,mmlu,Answer: B,B
Merge Q761,ID0647,jama,Answer: A,A
Merge Q762,ID1889,mmlu,Answer: C,C
Merge Q763,ID1335,mmlu,Answer: A,A
Merge Q764,ID0819,mmlu,Answer: C,C
Merge Q765,ID0604,mmlu,Answer: C,C
Merge Q766,ID0799,mmlu,Answer: D,D
Merge Q767,ID1376,jama,Answer: A,A
Merge Q768,ID0918,mmlu,Answer: D,D
Merge Q769,ID1442,mmlu,Answer: D,D
Merge Q770,ID1701,mmlu,Answer: B,B
Merge Q771,ID1310,mmlu,Answer: D,D
Merge Q772,ID1025,mmlu,Answer: A,A
Merge Q773,ID1700,mmlu,Answer: C,C
Merge Q774,ID1715,mmlu,Answer: D,D
Merge Q775,ID1543,mmlu,Answer: D,D
Merge Q776,ID0520,mmlu,Answer: B,B
Merge Q777,ID1866,mmlu,Answer: A,A
Merge Q778,ID0752,mmlu,Answer: A,A
Merge Q779,ID1851,mmlu,Answer: D,D
Merge Q780,ID0057,mmlu,Answer: D,D
Merge Q781,ID0735,mmlu,Answer: B,B
Merge Q782,ID0339,mmlu,Answer: B,B
Merge Q783,ID1881,mmlu,Answer: A,A
Merge Q784,ID0164,mmlu,Answer: B,B
Merge Q785,ID1506,mmlu,Answer: D,D
Merge Q786,ID1405,mmlu,Answer: B,B
Merge Q787,ID1613,mmlu,Answer: D,D
Merge Q788,ID1296,mmlu,Answer: B,B
Merge Q789,ID1248,mmlu,Answer: D,D
Merge Q790,ID0168,mmlu,Answer: B,B
Merge Q791,ID1013,mmlu,Answer: D,D
Merge Q792,ID1800,mmlu,Answer: A.,A
Merge Q793,ID1911,mmlu,Answer: D,D
Merge Q794,ID0189,mmlu,Answer: A.,A
Merge Q795,ID1227,mmlu,Answer: C,C
Merge Q796,ID1793,mmlu,Answer: B,B
Merge Q797,ID1874,mmlu,Answer: A,A
Merge Q798,ID1660,mmlu,Answer: C.,C
Merge Q799,ID1114,mmlu,Answer: C.,C
Merge Q800,ID0999,mmlu,Answer: D,D
Merge Q801,ID0315,mmlu,Answer: C,C
Merge Q802,ID1330,mmlu,Answer: A,A
Merge Q803,ID1993,mmlu,Answer: D,D
Merge Q804,ID0566,mmlu,Answer: B,B
Merge Q805,ID0576,mmlu,Answer: C.,C
Merge Q806,ID1446,mmlu,Answer: C,C
Merge Q807,ID0840,mmlu,Answer: A,A
Merge Q808,ID0628,mmlu,Answer: D,D
Merge Q809,ID1180,mmlu,Answer: D,D
Merge Q810,ID1826,mmlu,Answer: A,A
Merge Q811,ID1843,mmlu,Answer: D,D
Merge Q812,ID1181,mmlu,Answer: D,D
Merge Q813,ID1445,mmlu,Answer: A,A
Merge Q814,ID0953,mmlu,Answer: D,D
Merge Q815,ID1209,mmlu,Answer: D,D
Merge Q816,ID0039,mmlu,Answer: B,B
Merge Q817,ID1590,mmlu,Answer: D,D
Merge Q818,ID1818,mmlu,Answer: B,B
Merge Q819,ID1287,mmlu,Answer: D,D
Merge Q820,ID0618,mmlu,Answer: A,A
Merge Q821,ID0578,mmlu,Answer: D,D
Merge Q822,ID1544,mmlu,Answer: C,C
Merge Q823,ID1583,mmlu,Answer: A,A
Merge Q824,ID0622,mmlu,Answer: D,D
Merge Q825,ID1515,mmlu,Answer: A.,A
Merge Q826,ID0543,mmlu,Answer: D,D
Merge Q827,ID0682,mmlu,Answer: C,C
Merge Q828,ID0963,mmlu,Answer: D,D
Merge Q829,ID1984,mmlu,Answer: D,D
Merge Q830,ID0944,mmlu,Answer: B,B
Merge Q831,ID0113,mmlu,Answer: D,D
Merge Q832,ID1261,mmlu,Answer: B,B
Merge Q833,ID1187,mmlu,Answer: D,D
Merge Q834,ID0648,jama,Answer: B,B
Merge Q835,ID0634,mmlu,Answer: B,B
Merge Q836,ID1059,mmlu,Answer: C,C
Merge Q837,ID1258,mmlu,Answer: D,D
Merge Q838,ID1082,mmlu,Answer: B,B
Merge Q839,ID1989,mmlu,Answer: B,B
Merge Q840,ID1995,mmlu,Answer: D,D
Merge Q841,ID0510,mmlu,Answer: B,B
Merge Q842,ID0209,mmlu,Answer: D,D
Merge Q843,ID0064,mmlu,Answer: D,D
Merge Q844,ID0910,mmlu,Answer: A,A
Merge Q845,ID0697,jama,Answer: B,B
Merge Q846,ID1223,mmlu,Answer: D,D
Merge Q847,ID1268,mmlu,Answer: D,D
Merge Q848,ID1063,mmlu,Answer: B,B
Merge Q849,ID1182,mmlu,Answer: B,B
Merge Q850,ID0059,mmlu,Answer: B,B
Merge Q851,ID1088,mmlu,Answer: B,B
Merge Q852,ID0864,mmlu,Answer: A,A
Merge Q853,ID1990,jama,Answer: C,C
Merge Q854,ID1331,mmlu,Answer: B,B
Merge Q855,ID1622,mmlu,Answer: D,D
Merge Q856,ID1163,mmlu,Answer: D,D
Merge Q857,ID0766,mmlu,Answer: D,D
Merge Q858,ID0757,mmlu,Answer: B,B
Merge Q859,ID1460,mmlu,Answer: C,C
Merge Q860,ID0265,mmlu,Answer: C,C
Merge Q861,ID0307,mmlu,Answer: D,D
Merge Q862,ID0202,jama,Answer: D,D
Merge Q863,ID1206,mmlu,Answer: A,A
Merge Q864,ID0270,mmlu,Answer: D,D
Merge Q865,ID1996,mmlu,Answer: D,D
Merge Q866,ID0665,mmlu,Answer: C,C
Merge Q867,ID1240,mmlu,Answer: A,A
Merge Q868,ID1239,mmlu,Answer: D,D
Merge Q869,ID1908,mmlu,Answer: C,C
Merge Q870,ID0909,mmlu,Answer: A,A
Merge Q871,ID0712,mmlu,Answer: A,A
Merge Q872,ID1272,mmlu,Answer: A,A
Merge Q873,ID1849,mmlu,Answer: B.,B
Merge Q874,ID0313,mmlu,Answer: A,A
Merge Q875,ID0237,mmlu,Answer: A,A
Merge Q876,ID1862,mmlu,Answer: D,D
Merge Q877,ID0653,mmlu,Answer: D,D
Merge Q878,ID0900,jama,Answer: C,C
Merge Q879,ID0851,mmlu,Answer: D,D
Merge Q880,ID1725,mmlu,Answer: D,D
Merge Q881,ID0027,mmlu,Answer: B,B
Merge Q882,ID0429,mmlu,Answer: B,B
Merge Q883,ID1586,mmlu,Answer: D,D
Merge Q884,ID0190,mmlu,Answer: A,A
Merge Q885,ID0428,mmlu,Answer: D,D
Merge Q886,ID0700,jama,Answer: C,C
Merge Q887,ID0109,jama,Answer: A,A
Merge Q888,ID0122,mmlu,Answer: D,D
Merge Q889,ID0652,mmlu,Answer: A,A
Merge Q890,ID1277,mmlu,Answer: D,D
Merge Q891,ID1662,mmlu,Answer: D,D
Merge Q892,ID1425,mmlu,Answer: D,D
Merge Q893,ID0360,mmlu,Answer: A,A
Merge Q894,ID0220,mmlu,Answer: B,B
Merge Q895,ID1524,mmlu,Answer: C,C
Merge Q896,ID1355,mmlu,Answer: A,A
Merge Q897,ID1302,mmlu,Answer: D,D
Merge Q898,ID0695,mmlu,Answer: D,D
Merge Q899,ID0911,mmlu,Answer: D,D
Merge Q900,ID1798,mmlu,Answer: A,A
Merge Q901,ID0184,mmlu,Answer: C,C
Merge Q902,ID0409,mmlu,Answer: D,D
Merge Q903,ID1596,mmlu,Answer: D,D
Merge Q904,ID1479,mmlu,Answer: D,D
Merge Q905,ID1426,mmlu,Answer: D,D
Merge Q906,ID0773,mmlu,Answer: D,D
Merge Q907,ID0789,mmlu,Answer: A,A
Merge Q908,ID1421,mmlu,Answer: D,D
Merge Q909,ID1474,mmlu,Answer: B.,B
Merge Q910,ID0154,mmlu,Answer: A,A
Merge Q911,ID0129,mmlu,Answer: A,A
Merge Q912,ID0117,mmlu,Answer: B,B
Merge Q913,ID0542,mmlu,Answer: D,D
Merge Q914,ID1044,mmlu,Answer: C.,C
Merge Q915,ID1873,mmlu,Answer: D,D
Merge Q916,ID0884,mmlu,Answer: C,C
Merge Q917,ID0617,mmlu,Answer: D,D
Merge Q918,ID0998,jama,Answer: B,B
Merge Q919,ID0098,mmlu,Answer: D,D
Merge Q920,ID1064,mmlu,Answer: A,A
Merge Q921,ID1507,mmlu,Answer: C.,C
Merge Q922,ID1467,mmlu,Answer: D,D
Merge Q923,ID0024,mmlu,Answer: B,B
Merge Q924,ID0217,mmlu,Answer: C,C
Merge Q925,ID1972,mmlu,Answer: B,B
Merge Q926,ID0406,mmlu,Answer: D,D
Merge Q927,ID1827,mmlu,Answer: B,B
Merge Q928,ID1774,mmlu,Answer: B,B
Merge Q929,ID1981,jama,Answer: B,B
Merge Q930,ID0258,jama,Answer: C,C
Merge Q931,ID0054,jama,Answer: A,A
Merge Q932,ID1711,jama,Answer: C,C
Merge Q933,ID0660,jama,Answer: C,C
Merge Q934,ID0785,jama,Answer: C,C
Merge Q935,ID1247,jama,Answer: B,B
Merge Q936,ID0146,jama,Answer: A,A
Merge Q937,ID0387,jama,Answer: C,C
Merge Q938,ID1607,jama,Answer: C,C
Merge Q939,ID0449,jama,Answer: C,C
Merge Q940,ID1015,jama,Answer: D,D
Merge Q941,ID0683,jama,Answer: D,D
Merge Q942,ID0776,jama,Answer: B,B
Merge Q943,ID0993,jama,Answer: B,B
Merge Q944,ID1575,jama,Answer: B,B
Merge Q945,ID0494,jama,Answer: C,C
Merge Q946,ID0373,jama,Answer: C,C
Merge Q947,ID0762,jama,Answer: C,C
Merge Q948,ID0555,jama,Answer: D,D
Merge Q949,ID0904,jama,Answer: A,A
Merge Q950,ID0876,jama,Answer: C,C
Merge Q951,ID0862,jama,Answer: A,A
Merge Q952,ID0859,jama,Answer: B,B
Merge Q953,ID1928,jama,Answer: C,C
Merge Q954,ID1140,jama,Answer: C,C
Merge Q955,ID0669,jama,Answer: D,D
Merge Q956,ID1166,jama,Answer: A,A
Merge Q957,ID1728,jama,Answer: C,C
Merge Q958,ID0472,jama,Answer: D,D
Merge Q959,ID0539,jama,Answer: C,C
Merge Q960,ID0093,jama,Answer: A,A
Merge Q961,ID1334,jama,Answer: C,C
Merge Q962,ID0364,jama,Answer: B,B
Merge Q963,ID1308,jama,Answer: B,B
Merge Q964,ID0213,jama,Answer: C,C
Merge Q965,ID1879,jama,Answer: B,B
Merge Q966,ID1438,jama,Answer: D,D
Merge Q967,ID1734,jama,Answer: D,D
Merge Q968,ID1005,jama,Answer: C,C
Merge Q969,ID1518,jama,Answer: D,D
Merge Q970,ID0719,jama,Answer: C,C
Merge Q971,ID1275,jama,Answer: B,B
Merge Q972,ID0069,jama,Answer: D,D
Merge Q973,ID0287,jama,Answer: C,C
Merge Q974,ID1791,jama,Answer: C,C
Merge Q975,ID0277,jama,Answer: B,B
Merge Q976,ID0301,jama,Answer: B,B
Merge Q977,ID1485,jama,Answer: A,A
Merge Q978,ID1089,jama,Answer: B,B
Merge Q979,ID0779,jama,Answer: C,C
Merge Q980,ID1110,jama,Answer: A,A
Merge Q981,ID1121,jama,Answer: C,C
Merge Q982,ID0124,jama,Answer: B,B
Merge Q983,ID1811,jama,Answer: C,C
Merge Q984,ID0781,jama,Answer: C,C
Merge Q985,ID0522,jama,Answer: A,A
Merge Q986,ID1505,jama,Answer: D,D
Merge Q987,ID0869,jama,Answer: B,B
Merge Q988,ID0561,jama,Answer: A,A
Merge Q989,ID1601,jama,Answer: C,C
Merge Q990,ID0469,jama,Answer: A,A
Merge Q991,ID0746,jama,Answer: C,C
Merge Q992,ID0855,jama,Answer: A,A
Merge Q993,ID0368,jama,Answer: A,A
Merge Q994,ID0119,jama,Answer: C,C
Merge Q995,ID1321,jama,Answer: C,C
Merge Q996,ID1573,jama,Answer: C,C
Merge Q997,ID1695,jama,Answer: B,B
Merge Q998,ID0446,jama,Answer: C,C
Merge Q999,ID0670,jama,Answer: B,B
Merge Q1000,ID0043,jama,Answer: C,C
Merge Q1001,ID1756,jama,Answer: A,A
Merge Q1002,ID0097,jama,Answer: D,D
Merge Q1003,ID1655,jama,Answer: B,B
Merge Q1004,ID1893,jama,Answer: C,C
Merge Q1005,ID0982,jama,Answer: D,D
Merge Q1006,ID1215,jama,Answer: B,B
Merge Q1007,ID0867,jama,Answer: B,B
Merge Q1008,ID0366,jama,Answer: B,B
Merge Q1009,ID1366,jama,Answer: B,B
Merge Q1010,ID1464,jama,Answer: C,C
Merge Q1011,ID0710,jama,Answer: D,D
Merge Q1012,ID0991,jama,Answer: D,D
Merge Q1013,ID1060,jama,Answer: A,A
Merge Q1014,ID0747,jama,Answer: D,D
Merge Q1015,ID0302,jama,Answer: A,A
Merge Q1016,ID0186,jama,Answer: C,C
Merge Q1017,ID1645,jama,Answer: C,C
Merge Q1018,ID0703,jama,Answer: B,B
Merge Q1019,ID1290,jama,Answer: A,A
Merge Q1020,ID1014,jama,Answer: B,B
Merge Q1021,ID1403,jama,Answer: B,B
Merge Q1022,ID1273,jama,Answer: A,A
Merge Q1023,ID0661,jama,Answer: C,C
Merge Q1024,ID1807,jama,Answer: B,B
Merge Q1025,ID1477,jama,Answer: A,A
Merge Q1026,ID0324,jama,Answer: C,C
Merge Q1027,ID1847,jama,Answer: C,C
Merge Q1028,ID0692,jama,Answer: B,B
Merge Q1029,ID0268,jama,Answer: D,D
Merge Q1030,ID1002,jama,Answer: C,C
Merge Q1031,ID0635,jama,Answer: D,D
Merge Q1032,ID1132,jama,Answer: B,B
Merge Q1033,ID1747,jama,Answer: A,A
Merge Q1034,ID1381,jama,Answer: C,C
Merge Q1035,ID0559,jama,Answer: D,D
Merge Q1036,ID0629,jama,Answer: A,A
Merge Q1037,ID0743,jama,Answer: B,B
Merge Q1038,ID1382,jama,Answer: C,C
Merge Q1039,ID0404,jama,Answer: C,C
Merge Q1040,ID0337,jama,Answer: A,A
Merge Q1041,ID0157,jama,Answer: C,C
Merge Q1042,ID1276,jama,Answer: C,C
Merge Q1043,ID1792,jama,Answer: C,C
Merge Q1044,ID1080,jama,Answer: B,B
Merge Q1045,ID1610,jama,Answer: B,B
Merge Q1046,ID1216,jama,Answer: B,B
Merge Q1047,ID0837,jama,Answer: C,C
Merge Q1048,ID1075,jama,Answer: B,B
Merge Q1049,ID1581,jama,Answer: D,D
Merge Q1050,ID1167,jama,Answer: A,A
Merge Q1051,ID1605,jama,Answer: B,B
Merge Q1052,ID1352,jama,Answer: A,A
Merge Q1053,ID0009,jama,Answer: D,D
Merge Q1054,ID1917,jama,Answer: B,B
Merge Q1055,ID1856,jama,Answer: C,C
Merge Q1056,ID0745,jama,Answer: A,A
Merge Q1057,ID1679,jama,Answer: D,D
Merge Q1058,ID0163,jama,Answer: A,A
Merge Q1059,ID1201,jama,Answer: C,C
Merge Q1060,ID0676,jama,Answer: C,C
Merge Q1061,ID1349,jama,Answer: B,B
Merge Q1062,ID0525,jama,Answer: B,B
Merge Q1063,ID1689,jama,Answer: A,A
Merge Q1064,ID1692,jama,Answer: C,C
Merge Q1065,ID1087,jama,Answer: B,B
Merge Q1066,ID1430,jama,Answer: D,D
Merge Q1067,ID1842,jama,Answer: B,B
Merge Q1068,ID1584,jama,Answer: A,A
Merge Q1069,ID1001,jama,Answer: C,C
Merge Q1070,ID1048,jama,Answer: B,B
Merge Q1071,ID1902,jama,Answer: C,C
Merge Q1072,ID0283,jama,Answer: A,A
Merge Q1073,ID0442,jama,Answer: D,D
Merge Q1074,ID0286,jama,Answer: C,C
Merge Q1075,ID0052,jama,Answer: C,C
Merge Q1076,ID1162,jama,Answer: B,B
Merge Q1077,ID0718,jama,Answer: B,B
Merge Q1078,ID0643,jama,Answer: C,C
Merge Q1079,ID0453,jama,Answer: D,D
Merge Q1080,ID1837,jama,Answer: B,B
Merge Q1081,ID1373,jama,Answer: B,B
Merge Q1082,ID0016,jama,Answer: A,A
Merge Q1083,ID0331,jama,Answer: C,C
Merge Q1084,ID1829,jama,Answer: B,B
Merge Q1085,ID0916,jama,Answer: B,B
Merge Q1086,ID0675,jama,Answer: A,A
Merge Q1087,ID0296,jama,Answer: C,C
Merge Q1088,ID1303,jama,Answer: A,A
Merge Q1089,ID0513,jama,Answer: A,A
Merge Q1090,ID1332,jama,Answer: B,B
Merge Q1091,ID1347,jama,Answer: B,B
Merge Q1092,ID1965,jama,Answer: C,C
Merge Q1093,ID1612,jama,Answer: A,A
Merge Q1094,ID1229,jama,Answer: A,A
Merge Q1095,ID1933,jama,Answer: C,C
Merge Q1096,ID1732,jama,Answer: D,D
Merge Q1097,ID0603,jama,Answer: A,A
Merge Q1098,ID0015,jama,Answer: C,C
Merge Q1099,ID0508,jama,Answer: A,A
Merge Q1100,ID1476,jama,Answer: B,B
Merge Q1101,ID0062,jama,Answer: B,B
Merge Q1102,ID0592,jama,Answer: C,C
Merge Q1103,ID1197,jama,Answer: A,A
Merge Q1104,ID1653,jama,Answer: B,B
Merge Q1105,ID1545,jama,Answer: B,B
Merge Q1106,ID1641,jama,Answer: D,D
Merge Q1107,ID0656,jama,Answer: A,A
Merge Q1108,ID0756,jama,Answer: B,B
Merge Q1109,ID0500,jama,Answer: B,B
Merge Q1110,ID1090,jama,Answer: C,C
Merge Q1111,ID0405,jama,Answer: A,A
Merge Q1112,ID1491,jama,Answer: D,D
Merge Q1113,ID0060,jama,Answer: C,C
Merge Q1114,ID0734,jama,Answer: C,C
Merge Q1115,ID1855,jama,Answer: A,A
Merge Q1116,ID1514,jama,Answer: A,A
Merge Q1117,ID1076,jama,Answer: B,B
Merge Q1118,ID1286,jama,Answer: B,B
Merge Q1119,ID0780,jama,Answer: A,A
Merge Q1120,ID0342,jama,Answer: B,B
Merge Q1121,ID1118,jama,Answer: A,A
Merge Q1122,ID1388,jama,Answer: A,A
Merge Q1123,ID0230,jama,Answer: C,C
Merge Q1124,ID1354,jama,Answer: B,B
Merge Q1125,ID0976,jama,Answer: B,B
Merge Q1126,ID1555,jama,Answer: C,C
Merge Q1127,ID0232,jama,Answer: B,B
Merge Q1128,ID1529,jama,Answer: B,B
Merge Q1129,ID0879,jama,Answer: C,C
Merge Q1130,ID1870,jama,Answer: B,B
Merge Q1131,ID0241,jama,Answer: A,A
Merge Q1132,ID0858,jama,Answer: B,B
Merge Q1133,ID1875,jama,Answer: D,D
Merge Q1134,ID0041,jama,Answer: A,A
Merge Q1135,ID0814,jama,Answer: B,B
Merge Q1136,ID0889,jama,Answer: A,A
Merge Q1137,ID0400,jama,Answer: B,B
Merge Q1138,ID0962,jama,Answer: A,A
Merge Q1139,ID1068,jama,Answer: C,C
Merge Q1140,ID0332,jama,Answer: C,C
Merge Q1141,ID1663,jama,Answer: B,B
Merge Q1142,ID0642,jama,Answer: C,C
Merge Q1143,ID1561,jama,Answer: C,C
Merge Q1144,ID1314,jama,Answer: B,B
Merge Q1145,ID1956,jama,Answer: C,C
Merge Q1146,ID0894,jama,Answer: B,B
Merge Q1147,ID1450,jama,Answer: D,D
Merge Q1148,ID0636,jama,Answer: C,C
Merge Q1149,ID1532,jama,Answer: B,B
Merge Q1150,ID0352,jama,Answer: A,A
Merge Q1151,ID1831,jama,Answer: B,B
Merge Q1152,ID1865,jama,Answer: B,B
Merge Q1153,ID0954,jama,Answer: B,B
Merge Q1154,ID1525,jama,Answer: A,A
Merge Q1155,ID1481,jama,Answer: A,A
Merge Q1156,ID1530,jama,Answer: D,D
Merge Q1157,ID0871,jama,Answer: C,C
Merge Q1158,ID1233,jama,Answer: C,C
Merge Q1159,ID1387,jama,Answer: C,C
Merge Q1160,ID0783,jama,Answer: C,C
Merge Q1161,ID0017,jama,Answer: D,D
Merge Q1162,ID1401,jama,Answer: C,C
Merge Q1163,ID0236,jama,Answer: B,B
Merge Q1164,ID1762,jama,Answer: B,B
Merge Q1165,ID1071,jama,Answer: B,B
Merge Q1166,ID0552,jama,Answer: C,C
Merge Q1167,ID0490,jama,Answer: B,B
Merge Q1168,ID1848,jama,Answer: D,D
Merge Q1169,ID0775,jama,Answer: B,B
Merge Q1170,ID1802,jama,Answer: C,C
Merge Q1171,ID0631,jama,Answer: A,A
Merge Q1172,ID0149,jama,Answer: C,C
Merge Q1173,ID1266,jama,Answer: A,A
Merge Q1174,ID1966,jama,Answer: A,A
Merge Q1175,ID1638,jama,Answer: D,D
Merge Q1176,ID0421,jama,Answer: D,D
Merge Q1177,ID0402,jama,Answer: B,B
Merge Q1178,ID0534,jama,Answer: B,B
Merge Q1179,ID0834,jama,Answer: C,C
Merge Q1180,ID1940,jama,Answer: B,B
Merge Q1181,ID0528,jama,Answer: B,B
Merge Q1182,ID1244,jama,Answer: C,C
Merge Q1183,ID1149,jama,Answer: D,D
Merge Q1184,ID1217,jama,Answer: D,D
Merge Q1185,ID1799,jama,Answer: A,A
Merge Q1186,ID0826,jama,Answer: A,A
Merge Q1187,ID0939,jama,Answer: A,A
Merge Q1188,ID1160,jama,Answer: C,C
Merge Q1189,ID0739,jama,Answer: C,C
Merge Q1190,ID1513,jama,Answer: D,D
Merge Q1191,ID1765,jama,Answer: B,B
Merge Q1192,ID1934,jama,Answer: A,A
Merge Q1193,ID1391,jama,Answer: D,D
Merge Q1194,ID1531,jama,Answer: C,C
Merge Q1195,ID1146,jama,Answer: B,B
Merge Q1196,ID0463,jama,Answer: A,A
Merge Q1197,ID1022,jama,Answer: D,D
Merge Q1198,ID0961,jama,Answer: A,A
Merge Q1199,ID0744,jama,Answer: A,A
Merge Q1200,ID0733,jama,Answer: D,D
Merge Q1201,ID1281,jama,Answer: B,B
Merge Q1202,ID0800,jama,Answer: B,B
Merge Q1203,ID1809,jama,Answer: C,C
Merge Q1204,ID1850,jama,Answer: C,C
Merge Q1205,ID1797,jama,Answer: D,D
Merge Q1206,ID0524,jama,Answer: B,B
Merge Q1207,ID0153,jama,Answer: D,D
Merge Q1208,ID0899,jama,Answer: B,B
Merge Q1209,ID0996,jama,Answer: C,C
Merge Q1210,ID1697,jama,Answer: D,D
Merge Q1211,ID0049,jama,Answer: B,B
Merge Q1212,ID0602,jama,Answer: D,D
Merge Q1213,ID1006,jama,Answer: C,C
Merge Q1214,ID0726,jama,Answer: A,A
Merge Q1215,ID0586,jama,Answer: B,B
Merge Q1216,ID0609,jama,Answer: C,C
Merge Q1217,ID1991,jama,Answer: A,A
Merge Q1218,ID1131,jama,Answer: A,A
Merge Q1219,ID0108,jama,Answer: A,A
Merge Q1220,ID1079,jama,Answer: B,B
Merge Q1221,ID1035,jama,Answer: A,A
Merge Q1222,ID1017,jama,Answer: D,D
Merge Q1223,ID0326,jama,Answer: B,B
Merge Q1224,ID1860,jama,Answer: B,B
Merge Q1225,ID1398,jama,Answer: C,C
Merge Q1226,ID1899,jama,Answer: C,C
Merge Q1227,ID0782,jama,Answer: A,A
Merge Q1228,ID1368,jama,Answer: A,A
Merge Q1229,ID1459,jama,Answer: A,A
Merge Q1230,ID1986,jama,Answer: B,B
Merge Q1231,ID1918,jama,Answer: A,A
Merge Q1232,ID1836,jama,Answer: C,C
Merge Q1233,ID1486,jama,Answer: A,A
Merge Q1234,ID0925,jama,Answer: B,B
Merge Q1235,ID1618,jama,Answer: A,A
Merge Q1236,ID1868,jama,Answer: A,A
Merge Q1237,ID0076,jama,Answer: A,A
Merge Q1238,ID1769,jama,Answer: C,C
Merge Q1239,ID0471,jama,Answer: D,D
Merge Q1240,ID1683,jama,Answer: C,C
Merge Q1241,ID1350,jama,Answer: A,A
Merge Q1242,ID0334,jama,Answer: C,C
Merge Q1243,ID1198,jama,Answer: C,C
Merge Q1244,ID0498,jama,Answer: B,B
Merge Q1245,ID0659,jama,Answer: B,B
Merge Q1246,ID1260,jama,Answer: C,C
Merge Q1247,ID1887,jama,Answer: C,C
Merge Q1248,ID1138,jama,Answer: C,C
Merge Q1249,ID1714,jama,Answer: B,B
Merge Q1250,ID1970,jama,Answer: B,B
Merge Q1251,ID0362,jama,Answer: C,C
Merge Q1252,ID1077,jama,Answer: D,D
Merge Q1253,ID1419,jama,Answer: B,B
Merge Q1254,ID1101,jama,Answer: B,B
Merge Q1255,ID1119,jama,Answer: B,B
Merge Q1256,ID0081,jama,Answer: D,D
Merge Q1257,ID1374,jama,Answer: A,A
Merge Q1258,ID1959,jama,Answer: D,D
Merge Q1259,ID0709,jama,Answer: B,B
Merge Q1260,ID0850,jama,Answer: C,C
Merge Q1261,ID1230,jama,Answer: A,A
Merge Q1262,ID0127,jama,Answer: C,C
Merge Q1263,ID1360,jama,Answer: D,D
Merge Q1264,ID0981,jama,Answer: C,C
Merge Q1265,ID0969,jama,Answer: C,C
Merge Q1266,ID0125,jama,Answer: A,A
Merge Q1267,ID0731,jama,Answer: C,C
Merge Q1268,ID1716,jama,Answer: C,C
Merge Q1269,ID0297,jama,Answer: B,B
Merge Q1270,ID0192,jama,Answer: A,A
Merge Q1271,ID0461,jama,Answer: C,C
Merge Q1272,ID0721,jama,Answer: A,A
Merge Q1273,ID0754,jama,Answer: C,C
Merge Q1274,ID0147,jama,Answer: B,B
Merge Q1275,ID0866,jama,Answer: D,D
Merge Q1276,ID0089,jama,Answer: A,A
Merge Q1277,ID1876,jama,Answer: A,A
Merge Q1278,ID1429,jama,Answer: B,B
Merge Q1279,ID1170,jama,Answer: C,C
Merge Q1280,ID1038,jama,Answer: B,B
Merge Q1281,ID1678,jama,Answer: B,B
Merge Q1282,ID1224,jama,Answer: B,B
Merge Q1283,ID0968,jama,Answer: A,A
Merge Q1284,ID0393,jama,Answer: D,D
Merge Q1285,ID0832,jama,Answer: D,D
Merge Q1286,ID1049,jama,Answer: A,A
Merge Q1287,ID0664,jama,Answer: B,B
Merge Q1288,ID1672,jama,Answer: B,B
Merge Q1289,ID1574,jama,Answer: C,C
Merge Q1290,ID0169,jama,Answer: B,B
