Origin,data_source,Raw_Response,Extracted_Answer
ID0002,jama,,
ID0003,medxpert,,
ID0007,medbullets,,
ID0009,jama,,
ID0010,medxpert,,
ID0013,mmlu,,
ID0015,jama,,
ID0016,jama,,
ID0017,jama,,
ID0018,jama,,
ID0021,jama,,
ID0024,mmlu,,
ID0025,medxpert,,
ID0027,mmlu,,
ID0028,medbullets,,
ID0029,medbullets,,
ID0030,jama,,
ID0032,medbullets,,
ID0034,medbullets,,
ID0039,mmlu,,
ID0041,jama,,
ID0042,medxpert,,
ID0043,jama,,
ID0044,jama,,
ID0045,medxpert,,
ID0046,medbullets,,
ID0047,jama,,
ID0048,medbullets,,
ID0049,jama,,
ID0052,jama,,
ID0053,medxpert,,
ID0054,jama,,
ID0055,medbullets,,
ID0056,medxpert,,
ID0057,mmlu,,
ID0059,mmlu,,
ID0060,jama,,
ID0062,jama,,
ID0063,medxpert,,
ID0064,mmlu,,
ID0067,medbullets,,
ID0069,jama,,
ID0071,medxpert,,
ID0072,jama,,
ID0073,medxpert,,
ID0074,mmlu,,
ID0076,jama,,
ID0078,medbullets,,
ID0079,jama,,
ID0081,jama,,
ID0082,medbullets,,
ID0085,medxpert,,
ID0086,medxpert,,
ID0088,jama,,
ID0089,jama,,
ID0092,medxpert,,
ID0093,jama,,
ID0094,jama,,
ID0096,medxpert,,
ID0097,jama,,
ID0098,mmlu,,
ID0099,medxpert,,
ID0101,medbullets,,
ID0102,medbullets,,
ID0106,medbullets,,
ID0108,jama,,
ID0109,jama,,
ID0110,jama,,
ID0111,medbullets,,
ID0112,medxpert,,
ID0113,mmlu,,
ID0115,medbullets,,
ID0116,jama,,
ID0117,mmlu,,
ID0119,jama,,
ID0122,mmlu,,
ID0124,jama,,
ID0125,jama,,
ID0127,jama,,
ID0129,mmlu,Answer: A.,A
ID0130,jama,,
ID0133,jama,,
ID0135,medbullets,,
ID0136,mmlu,,
ID0137,medxpert,,
ID0140,medxpert,,
ID0141,medxpert,,
ID0142,jama,,
ID0144,medbullets,,
ID0146,jama,,
ID0147,jama,,
ID0148,medxpert,,
ID0149,jama,,
ID0150,jama,,
ID0151,medxpert,,
ID0152,medbullets,,
ID0153,jama,,
ID0154,mmlu,,
ID0155,jama,,
ID0157,jama,,
ID0161,jama,,
ID0162,medbullets,,
ID0163,jama,Answer: A.,A
ID0164,mmlu,,
ID0165,medxpert,,
ID0166,medxpert,,
ID0168,mmlu,,
ID0169,jama,,
ID0170,medxpert,,
ID0172,jama,,
ID0177,medbullets,,
ID0182,medbullets,,
ID0184,mmlu,,
ID0185,medbullets,,
ID0186,jama,,
ID0189,mmlu,,
ID0190,mmlu,,
ID0191,jama,,
ID0192,jama,,
ID0193,medxpert,,
ID0195,jama,,
ID0198,medbullets,,
ID0199,jama,,
ID0200,medxpert,,
ID0202,jama,,
ID0206,jama,,
ID0207,medxpert,,
ID0209,mmlu,,
ID0211,medxpert,,
ID0213,jama,,
ID0215,jama,,
ID0216,medxpert,,
ID0217,mmlu,,
ID0219,jama,,
ID0220,mmlu,,
ID0221,medbullets,,
ID0222,jama,,
ID0229,medxpert,,
ID0230,jama,,
ID0232,jama,,
ID0233,medxpert,,
ID0235,medxpert,,
ID0236,jama,,
ID0237,mmlu,,
ID0238,medbullets,,
ID0240,jama,,
ID0241,jama,,
ID0242,medxpert,,
ID0243,jama,,
ID0244,medbullets,,
ID0246,jama,,
ID0247,medbullets,,
ID0248,medxpert,,
ID0249,medbullets,,
ID0251,mmlu,,
ID0253,mmlu,,
ID0254,jama,,
ID0256,mmlu,,
ID0257,jama,,
ID0258,jama,,
ID0262,medxpert,,
ID0265,mmlu,,
ID0268,jama,,
ID0270,mmlu,,
ID0275,medxpert,,
ID0277,jama,,
ID0278,jama,,
ID0280,jama,,
ID0281,medxpert,,
ID0283,jama,,
ID0284,medxpert,,
ID0286,jama,,
ID0287,jama,,
ID0289,jama,,
ID0291,medxpert,,
ID0292,medxpert,,
ID0293,medxpert,,
ID0295,jama,,
ID0296,jama,,
ID0297,jama,,
ID0298,medxpert,,
ID0300,jama,,
ID0301,jama,,
ID0302,jama,,
ID0303,medxpert,,
ID0304,medxpert,,
ID0305,medbullets,,
ID0307,mmlu,,
ID0309,medbullets,,
ID0310,jama,,
ID0313,mmlu,,
ID0314,medbullets,,
ID0315,mmlu,,
ID0317,medxpert,,
ID0320,medxpert,,
ID0321,jama,,
ID0323,jama,,
ID0324,jama,,
ID0325,medbullets,,
ID0326,jama,,
ID0327,medxpert,,
ID0328,jama,,
ID0330,medbullets,,
ID0331,jama,,
ID0332,jama,,
ID0334,jama,,
ID0336,medxpert,,
ID0337,jama,,
ID0339,mmlu,,
ID0342,jama,,
ID0345,jama,,
ID0349,medxpert,,
ID0351,jama,,
ID0352,jama,,
ID0353,medxpert,,
ID0356,jama,,
ID0357,medxpert,,
ID0359,medxpert,,
ID0360,mmlu,,
ID0362,jama,,
ID0363,medbullets,,
ID0364,jama,,
ID0365,jama,,
ID0366,jama,,
ID0367,medxpert,,
ID0368,jama,,
ID0371,medxpert,,
ID0373,jama,,
ID0376,medxpert,,
ID0377,jama,,
ID0379,medxpert,,
ID0382,medbullets,,
ID0385,medxpert,,
ID0387,jama,,
ID0388,medxpert,,
ID0389,jama,,
ID0391,medxpert,,
ID0393,jama,,
ID0395,jama,,
ID0396,medbullets,,
ID0397,medxpert,,
ID0399,jama,,
ID0400,jama,,
ID0402,jama,,
ID0403,medbullets,,
ID0404,jama,,
ID0405,jama,,
ID0406,mmlu,,
ID0407,medxpert,,
ID0409,mmlu,,
ID0412,jama,,
ID0415,jama,,
ID0416,medxpert,,
ID0417,jama,,
ID0418,jama,,
ID0421,jama,,
ID0422,jama,,
ID0425,medxpert,,
ID0426,medxpert,,
ID0428,mmlu,,
ID0429,mmlu,,
ID0431,jama,,
ID0433,medxpert,,
ID0435,medxpert,,
ID0437,mmlu,,
ID0438,medbullets,,
ID0440,medxpert,,
ID0442,jama,,
ID0444,jama,,
ID0446,jama,,
ID0447,medbullets,,
ID0449,jama,,
ID0451,jama,,
ID0453,jama,,
ID0455,medxpert,,
ID0458,medxpert,,
ID0459,medxpert,,
ID0460,jama,,
ID0461,jama,,
ID0462,jama,,
ID0463,jama,,
ID0465,jama,,
ID0466,jama,,
ID0467,jama,,
ID0468,medbullets,,
ID0469,jama,,
ID0470,medbullets,,
ID0471,jama,,
ID0472,jama,,
ID0473,medbullets,,
ID0476,jama,,
ID0477,jama,,
ID0478,jama,,
ID0479,jama,,
ID0483,jama,,
ID0484,jama,,
ID0487,jama,,
ID0488,jama,,
ID0490,jama,,
ID0491,medxpert,,
ID0492,jama,,
ID0494,jama,,
ID0495,medbullets,,
ID0496,medbullets,,
ID0498,jama,,
ID0500,jama,,
ID0502,jama,,
ID0503,medbullets,,
ID0504,medxpert,,
ID0506,medxpert,,
ID0508,jama,,
ID0509,medxpert,,
ID0510,mmlu,,
ID0511,jama,,
ID0513,jama,,
ID0514,medxpert,,
ID0517,medbullets,,
ID0519,medxpert,,
ID0520,mmlu,,
ID0521,medxpert,,
ID0522,jama,,
ID0523,medxpert,,
ID0524,jama,,
ID0525,jama,,
ID0526,medbullets,,
ID0528,jama,,
ID0529,medbullets,,
ID0532,medxpert,,
ID0533,jama,,
ID0534,jama,,
ID0535,medbullets,,
ID0536,medxpert,,
ID0539,jama,,
ID0541,jama,,
ID0542,mmlu,,
ID0543,mmlu,,
ID0546,medbullets,,
ID0551,jama,,
ID0552,jama,,
ID0553,jama,,
ID0554,mmlu,,
ID0555,jama,,
ID0559,jama,,
ID0561,jama,,
ID0564,medbullets,,
ID0566,mmlu,,
ID0567,medxpert,,
ID0568,medbullets,,
ID0569,mmlu,,
ID0572,medxpert,,
ID0574,medxpert,,
ID0575,jama,,
ID0576,mmlu,,
ID0577,jama,,
ID0578,mmlu,,
ID0581,medxpert,,
ID0584,jama,,
ID0585,medbullets,,
ID0586,jama,,
ID0587,medxpert,,
ID0589,jama,,
ID0590,jama,,
ID0591,medxpert,,
ID0592,jama,,
ID0594,medxpert,,
ID0595,medxpert,,
ID0596,jama,,
ID0598,medxpert,,
ID0599,medbullets,,
ID0600,medbullets,,
ID0601,medbullets,,
ID0602,jama,,
ID0603,jama,,
ID0604,mmlu,,
ID0605,medxpert,,
ID0607,mmlu,,
ID0609,jama,,
ID0613,medbullets,,
ID0614,medxpert,,
ID0616,medxpert,,
ID0617,mmlu,,
ID0618,mmlu,,
ID0619,medbullets,,
ID0621,medxpert,,
ID0622,mmlu,,
ID0623,medbullets,,
ID0625,medxpert,,
ID0626,medxpert,,
ID0627,medxpert,,
ID0628,mmlu,,
ID0629,jama,,
ID0631,jama,,
ID0633,jama,,
ID0634,mmlu,Answer: B.,B
ID0635,jama,,
ID0636,jama,,
ID0639,jama,,
ID0641,medxpert,,
ID0642,jama,,
ID0643,jama,,
ID0647,jama,,
ID0648,jama,,
ID0651,medxpert,,
ID0652,mmlu,,
ID0653,mmlu,,
ID0654,mmlu,,
ID0655,medxpert,,
ID0656,jama,,
ID0658,medxpert,,
ID0659,jama,,
ID0660,jama,,
ID0661,jama,,
ID0662,medbullets,,
ID0664,jama,,
ID0665,mmlu,,
ID0668,medxpert,,
ID0669,jama,,
ID0670,jama,,
ID0671,jama,,
ID0672,medxpert,,
ID0673,medbullets,,
ID0675,jama,,
ID0676,jama,,
ID0679,medbullets,,
ID0680,medxpert,,
ID0682,mmlu,,
ID0683,jama,,
ID0684,medxpert,,
ID0691,jama,,
ID0692,jama,,
ID0693,medbullets,,
ID0695,mmlu,,
ID0696,medxpert,,
ID0697,jama,,
ID0698,medxpert,,
ID0699,jama,,
ID0700,jama,,
ID0701,medxpert,,
ID0702,medxpert,,
ID0703,jama,,
ID0708,jama,,
ID0709,jama,,
ID0710,jama,,
ID0711,medbullets,,
ID0712,mmlu,,
ID0713,medbullets,,
ID0715,medbullets,,
ID0716,jama,,
ID0717,medxpert,,
ID0718,jama,,
ID0719,jama,,
ID0721,jama,,
ID0723,jama,,
ID0726,jama,,
ID0728,medbullets,,
ID0731,jama,,
ID0732,medbullets,,
ID0733,jama,,
ID0734,jama,,
ID0735,mmlu,,
ID0737,medxpert,,
ID0739,jama,,
ID0740,jama,,
ID0743,jama,,
ID0744,jama,,
ID0745,jama,,
ID0746,jama,,
ID0747,jama,,
ID0752,mmlu,,
ID0753,medxpert,,
ID0754,jama,,
ID0756,jama,,
ID0757,mmlu,,
ID0758,medxpert,,
ID0759,medbullets,,
ID0761,medxpert,,
ID0762,jama,,
ID0764,medxpert,,
ID0765,medxpert,,
ID0766,mmlu,,
ID0769,jama,,
ID0770,medxpert,,
ID0773,mmlu,,
ID0775,jama,,
ID0776,jama,,
ID0777,medxpert,,
ID0778,medxpert,,
ID0779,jama,,
ID0780,jama,,
ID0781,jama,,
ID0782,jama,,
ID0783,jama,,
ID0784,medbullets,,
ID0785,jama,,
ID0786,medxpert,,
ID0788,medbullets,,
ID0789,mmlu,,
ID0790,medbullets,,
ID0792,medxpert,,
ID0796,medbullets,,
ID0797,jama,,
ID0798,medxpert,,
ID0799,mmlu,,
ID0800,jama,,
ID0801,medbullets,,
ID0802,mmlu,,
ID0803,jama,,
ID0805,medxpert,,
ID0809,jama,,
ID0810,medbullets,,
ID0811,medxpert,,
ID0813,medxpert,,
ID0814,jama,,
ID0815,medxpert,,
ID0816,medxpert,,
ID0819,mmlu,,
ID0821,medxpert,,
ID0824,medbullets,,
ID0825,medbullets,,
ID0826,jama,,
ID0827,medxpert,,
ID0828,medxpert,,
ID0830,medbullets,,
ID0831,medxpert,,
ID0832,jama,,
ID0833,medbullets,,
ID0834,jama,,
ID0835,medbullets,,
ID0836,medbullets,,
ID0837,jama,,
ID0840,mmlu,,
ID0841,medbullets,,
ID0842,medbullets,,
ID0843,medxpert,,
ID0844,medbullets,,
ID0845,medbullets,,
ID0846,jama,,
ID0847,jama,,
ID0850,jama,,
ID0851,mmlu,,
ID0852,medbullets,,
ID0853,medbullets,,
ID0854,jama,,
ID0855,jama,,
ID0856,medxpert,,
ID0858,jama,,
ID0859,jama,,
ID0860,medxpert,,
ID0861,medbullets,,
ID0862,jama,,
ID0864,mmlu,,
ID0866,jama,,
ID0867,jama,,
ID0869,jama,,
ID0870,medxpert,,
ID0871,jama,,
ID0872,medxpert,,
ID0876,jama,,
ID0878,jama,,
ID0879,jama,,
ID0880,medxpert,,
ID0883,medxpert,,
ID0884,mmlu,,
ID0885,medbullets,,
ID0887,medbullets,,
ID0889,jama,,
ID0893,medbullets,,
ID0894,jama,,
ID0895,jama,,
ID0899,jama,,
ID0900,jama,,
ID0901,medbullets,,
ID0902,medxpert,,
ID0904,jama,,
ID0905,jama,,
ID0907,medxpert,,
ID0908,jama,,
ID0909,mmlu,,
ID0910,mmlu,,
ID0911,mmlu,,
ID0912,medxpert,,
ID0915,jama,,
ID0916,jama,,
ID0918,mmlu,,
ID0919,medxpert,,
ID0922,medxpert,,
ID0923,medbullets,,
ID0924,medbullets,,
ID0925,jama,,
ID0926,medxpert,,
ID0927,jama,,
ID0928,medbullets,,
ID0934,medxpert,,
ID0935,jama,,
ID0937,jama,,
ID0939,jama,,
ID0941,medxpert,,
ID0942,medxpert,,
ID0944,mmlu,,
ID0948,medxpert,,
ID0949,medbullets,,
ID0951,mmlu,,
ID0953,mmlu,,
ID0954,jama,,
ID0957,medxpert,,
ID0961,jama,,
ID0962,jama,,
ID0963,mmlu,,
ID0965,medxpert,,
ID0967,medbullets,,
ID0968,jama,,
ID0969,jama,,
ID0970,medbullets,,
ID0972,medxpert,,
ID0973,jama,,
ID0974,medbullets,,
ID0976,jama,,
ID0977,jama,,
ID0979,medxpert,,
ID0981,jama,,
ID0982,jama,,
ID0987,medbullets,,
ID0990,jama,,
ID0991,jama,,
ID0992,medxpert,,
ID0993,jama,,
ID0994,medxpert,,
ID0996,jama,,
ID0998,jama,,
ID0999,mmlu,,
ID1001,jama,,
ID1002,jama,,
ID1005,jama,,
ID1006,jama,,
ID1009,medxpert,,
ID1011,jama,,
ID1013,mmlu,,
ID1014,jama,,
ID1015,jama,,
ID1016,jama,,
ID1017,jama,,
ID1019,jama,,
ID1020,jama,,
ID1021,jama,,
ID1022,jama,,
ID1024,medbullets,,
ID1025,mmlu,,
ID1026,medxpert,,
ID1028,medbullets,,
ID1029,medxpert,,
ID1031,medxpert,,
ID1032,jama,,
ID1035,jama,,
ID1037,jama,,
ID1038,jama,,
ID1040,jama,,
ID1044,mmlu,,
ID1047,jama,,
ID1048,jama,,
ID1049,jama,,
ID1051,medbullets,,
ID1055,medxpert,,
ID1058,medxpert,,
ID1059,mmlu,,
ID1060,jama,,
ID1062,medxpert,,
ID1063,mmlu,,
ID1064,mmlu,,
ID1065,medxpert,,
ID1066,medxpert,,
ID1067,medxpert,,
ID1068,jama,,
ID1070,jama,,
ID1071,jama,,
ID1072,medxpert,,
ID1073,jama,,
ID1074,medxpert,,
ID1075,jama,,
ID1076,jama,,
ID1077,jama,,
ID1079,jama,,
ID1080,jama,,
ID1081,medbullets,,
ID1082,mmlu,,
ID1084,jama,,
ID1085,medxpert,,
ID1087,jama,,
ID1088,mmlu,,
ID1089,jama,,
ID1090,jama,,
ID1093,medbullets,,
ID1098,jama,,
ID1099,jama,,
ID1101,jama,,
ID1102,medxpert,,
ID1108,medxpert,,
ID1110,jama,,
ID1112,mmlu,,
ID1113,jama,,
ID1114,mmlu,,
ID1116,medbullets,,
ID1117,medxpert,,
ID1118,jama,,
ID1119,jama,,
ID1121,jama,,
ID1123,jama,,
ID1125,medxpert,,
ID1127,jama,,
ID1129,medbullets,,
ID1130,medbullets,,
ID1131,jama,,
ID1132,jama,,
ID1135,jama,,
ID1137,medbullets,,
ID1138,jama,,
ID1139,jama,,
ID1140,jama,,
ID1141,medxpert,,
ID1142,medbullets,,
ID1146,jama,,
ID1147,medxpert,,
ID1148,jama,,
ID1149,jama,,
ID1150,jama,,
ID1151,medxpert,,
ID1152,mmlu,,
ID1153,medbullets,,
ID1154,medxpert,,
ID1155,medxpert,,
ID1157,medbullets,,
ID1158,medbullets,,
ID1160,jama,,
ID1161,medxpert,,
ID1162,jama,,
ID1163,mmlu,,
ID1164,jama,,
ID1166,jama,,
ID1167,jama,,
ID1170,jama,,
ID1171,jama,,
ID1172,medxpert,,
ID1174,jama,,
ID1175,jama,,
ID1176,medxpert,,
ID1178,jama,,
ID1179,medxpert,,
ID1180,mmlu,,
ID1181,mmlu,,
ID1182,mmlu,,
ID1183,jama,,
ID1184,medxpert,,
ID1185,jama,,
ID1187,mmlu,,
ID1189,medxpert,,
ID1190,medxpert,,
ID1193,jama,,
ID1194,medxpert,,
ID1197,jama,,
ID1198,jama,,
ID1199,medxpert,,
ID1200,medbullets,,
ID1201,jama,,
ID1202,medbullets,,
ID1204,jama,,
ID1206,mmlu,,
ID1207,jama,,
ID1208,medxpert,,
ID1209,mmlu,,
ID1212,medxpert,,
ID1214,jama,,
ID1215,jama,,
ID1216,jama,,
ID1217,jama,,
ID1218,medbullets,,
ID1219,jama,,
ID1221,medbullets,,
ID1223,mmlu,,
ID1224,jama,,
ID1226,medxpert,,
ID1227,mmlu,,
ID1228,medbullets,,
ID1229,jama,,
ID1230,jama,,
ID1232,medbullets,,
ID1233,jama,,
ID1234,jama,,
ID1236,jama,,
ID1239,mmlu,,
ID1240,mmlu,,
ID1242,jama,,
ID1244,jama,,
ID1245,medbullets,,
ID1246,medbullets,,
ID1247,jama,,
ID1248,mmlu,,
ID1249,medbullets,,
ID1251,medxpert,,
ID1252,medxpert,,
ID1254,medxpert,,
ID1255,medxpert,,
ID1256,medxpert,,
ID1258,mmlu,,
ID1260,jama,,
ID1261,mmlu,,
ID1262,medbullets,,
ID1264,jama,,
ID1266,jama,,
ID1267,jama,,
ID1268,mmlu,,
ID1269,medbullets,,
ID1270,medxpert,,
ID1271,medbullets,,
ID1272,mmlu,,
ID1273,jama,,
ID1275,jama,,
ID1276,jama,,
ID1277,mmlu,,
ID1278,medbullets,,
ID1279,medbullets,,
ID1280,medxpert,,
ID1281,jama,,
ID1284,medxpert,,
ID1285,jama,,
ID1286,jama,,
ID1287,mmlu,,
ID1288,jama,,
ID1289,jama,,
ID1290,jama,,
ID1291,medxpert,,
ID1294,medxpert,,
ID1296,mmlu,,
ID1297,mmlu,,
ID1298,medxpert,,
ID1299,medxpert,,
ID1301,jama,,
ID1302,mmlu,,
ID1303,jama,,
ID1307,medbullets,,
ID1308,jama,,
ID1309,medxpert,,
ID1310,mmlu,,
ID1311,medxpert,,
ID1312,medxpert,,
ID1313,medbullets,,
ID1314,jama,,
ID1315,medbullets,,
ID1316,mmlu,,
ID1318,jama,,
ID1320,jama,,
ID1321,jama,,
ID1324,medxpert,,
ID1328,medxpert,,
ID1329,medbullets,,
ID1330,mmlu,,
ID1331,mmlu,,
ID1332,jama,,
ID1333,medxpert,,
ID1334,jama,,
ID1335,mmlu,,
ID1336,mmlu,,
ID1337,medbullets,,
ID1338,medbullets,,
ID1339,mmlu,,
ID1340,medxpert,,
ID1343,medbullets,,
ID1345,medbullets,,
ID1346,jama,,
ID1347,jama,,
ID1348,jama,,
ID1349,jama,,
ID1350,jama,,
ID1352,jama,,
ID1353,jama,,
ID1354,jama,,
ID1355,mmlu,,
ID1356,medxpert,,
ID1357,medxpert,,
ID1359,jama,,
ID1360,jama,,
ID1362,medbullets,,
ID1366,jama,,
ID1368,jama,,
ID1369,medxpert,,
ID1371,medbullets,,
ID1373,jama,,
ID1374,jama,,
ID1376,jama,,
ID1377,jama,,
ID1378,medbullets,,
ID1380,medxpert,,
ID1381,jama,,
ID1382,jama,,
ID1383,mmlu,,
ID1384,medbullets,,
ID1385,medxpert,,
ID1387,jama,,
ID1388,jama,,
ID1389,medxpert,,
ID1391,jama,,
ID1392,medxpert,,
ID1394,medbullets,,
ID1395,medxpert,,
ID1396,medxpert,,
ID1397,medbullets,,
ID1398,jama,,
ID1399,medxpert,,
ID1401,jama,,
ID1402,jama,,
ID1403,jama,,
ID1405,mmlu,,
ID1409,medxpert,,
ID1411,medbullets,,
ID1413,medbullets,,
ID1414,medxpert,,
ID1416,jama,,
ID1418,mmlu,,
ID1419,jama,,
ID1421,mmlu,,
ID1422,medbullets,,
ID1423,medxpert,,
ID1425,mmlu,,
ID1426,mmlu,,
ID1428,medxpert,,
ID1429,jama,,
ID1430,jama,,
ID1431,jama,,
ID1432,medxpert,,
ID1434,medxpert,,
ID1438,jama,,
ID1439,medbullets,,
