QA_ID,Mean_Score,Std_Score,Extracted_Answer,Upper_Threshold,Lower_Threshold,Highly Relevant,Low Relevant,Irrelevant,QA_Index,Ground_Truth_Answer,Answer_Match
MedBullets_df_op4_Q1,0.0,0.0,B,0.0,0.0,0.0,0.0,1.0,0,C,False
MedBullets_df_op4_Q2,31.92748628109924,21.444823815925364,C,53.37231009702461,10.482662465173878,0.2222222222222222,0.7777777777777778,0.0,1,B,False
MedBullets_df_op4_Q3,45.347794817473066,47.929126198970806,D,93.27692101644388,-2.5813313814977406,0.25,0.375,0.375,2,A,False
MedBullets_df_op4_Q4,29.398547665197242,22.186412791216323,A,51.58496045641357,7.212134873980919,0.25,0.75,0.0,3,D,False
MedBullets_df_op4_Q5,38.94342918274864,43.41700122374675,A,82.3604304064954,-4.473572040998114,0.18181818181818182,0.6363636363636364,0.18181818181818182,4,A,True
MedBullets_df_op4_Q6,38.62766486375737,31.06978132272063,B,69.697446186478,7.5578835410367375,0.14285714285714285,0.7142857142857143,0.14285714285714285,5,C,False
MedBullets_df_op4_Q7,44.48252272543107,31.965778233329566,C,76.44830095876063,12.516744492101502,0.14285714285714285,0.8571428571428571,0.0,6,C,True
MedBullets_df_op4_Q8,4.680776609460678,9.292681779827054,NONE,13.973458389287732,-4.611905170366376,0.18181818181818182,0.09090909090909091,0.7272727272727273,7,B,False
MedBullets_df_op4_Q9,30.56329142828064,25.27144318635323,NONE,55.834734614633874,5.291848241927408,0.25,0.75,0.0,8,A,False
MedBullets_df_op4_Q11,7.979385431275836,16.171874513883225,NONE,24.15125994515906,-8.192489082607388,0.09090909090909091,0.45454545454545453,0.45454545454545453,10,A,False
MedBullets_df_op4_Q12,33.34411511785493,19.78823369837544,A,53.132348816230376,13.555881419479494,0.2,0.8,0.0,11,C,False
MedBullets_df_op4_Q13,37.795995091710786,33.118963792746996,A,70.91495888445777,4.67703129896379,0.25,0.5,0.25,12,D,False
MedBullets_df_op4_Q15,35.06659518086891,27.06417229336417,A,62.13076747423308,8.00242288750474,0.125,0.75,0.125,14,B,False
MedBullets_df_op4_Q16,41.596203190270295,35.79031368756506,A,77.38651687783536,5.805889502705234,0.16666666666666666,0.6666666666666666,0.16666666666666666,15,C,False
MedBullets_df_op4_Q17,30.59499599666336,36.83101873378767,B,67.42601473045103,-6.236022737124312,0.2857142857142857,0.2857142857142857,0.42857142857142855,16,A,False
MedBullets_df_op4_Q19,25.95160613247787,18.329546082356714,B,44.281152214834584,7.622060050121156,0.2857142857142857,0.7142857142857143,0.0,18,A,False
MedBullets_df_op4_Q20,64.07254215155449,38.05440993710201,A,102.1269520886565,26.01813221445248,0.2,0.8,0.0,19,D,False
MedBullets_df_op4_Q21,21.851657748792107,36.0993286217534,D,57.95098637054551,-14.247670872961294,0.2222222222222222,0.2222222222222222,0.5555555555555556,20,A,False
MedBullets_df_op4_Q22,24.534827593089698,21.557110406943547,B,46.091938000033245,2.977717186146151,0.2222222222222222,0.5555555555555556,0.2222222222222222,21,A,False
MedBullets_df_op4_Q23,39.05065772107793,59.51704867990431,C,98.56770640098225,-20.46639095882638,0.1,0.7,0.2,22,D,False
MedBullets_df_op4_Q24,36.27287818460482,16.32225206204022,C,52.59513024664504,19.9506261225646,0.125,0.875,0.0,23,D,False
MedBullets_df_op4_Q25,44.42163727757474,31.186588875179712,D,75.60822615275445,13.235048402395027,0.25,0.75,0.0,24,C,False
MedBullets_df_op4_Q26,17.08153418347541,19.132301682707737,D,36.213835866183146,-2.050767499232329,0.08333333333333333,0.6666666666666666,0.25,25,C,False
MedBullets_df_op4_Q27,27.988078567663965,30.751257236056425,A,58.739335803720394,-2.7631786683924595,0.1111111111111111,0.7777777777777778,0.1111111111111111,26,A,True
MedBullets_df_op4_Q28,47.504227630295695,29.63992994596533,A,77.14415757626102,17.864297684330364,0.2,0.6,0.2,27,A,True
MedBullets_df_op4_Q30,2.3675642250827877,6.779886673610621,NONE,9.147450898693409,-4.412322448527833,0.1,0.1,0.8,29,A,False
MedBullets_df_op4_Q31,70.48170476286603,23.199394259937325,D,93.68109902280335,47.28231050292871,0.0,1.0,0.0,30,A,False
MedBullets_df_op4_Q32,11.837658223136238,21.7198373652449,NONE,33.55749558838114,-9.882179142108662,0.2222222222222222,0.1111111111111111,0.6666666666666666,31,A,False
MedBullets_df_op4_Q33,38.186837337492186,30.03492278061745,D,68.22176011810964,8.151914556874736,0.14285714285714285,0.7142857142857143,0.14285714285714285,32,D,True
MedBullets_df_op4_Q34,29.234104711519933,17.330931187626188,A,46.565035899146125,11.903173523893745,0.3,0.6,0.1,33,B,False
MedBullets_df_op4_Q35,10.431691257897647,17.003718822988056,NONE,27.435410080885703,-6.5720275650904085,0.1111111111111111,0.3333333333333333,0.5555555555555556,34,B,False
MedBullets_df_op4_Q36,19.578692580269493,28.794513732274236,NONE,48.37320631254373,-9.215821152004743,0.125,0.5,0.375,35,B,False
MedBullets_df_op4_Q38,20.367750767534996,39.967424929286985,NONE,60.33517569682198,-19.599674161751988,0.2222222222222222,0.1111111111111111,0.6666666666666666,37,A,False
MedBullets_df_op4_Q39,20.28953468059389,25.518921050366377,D,45.80845573096026,-5.229386369772488,0.18181818181818182,0.5454545454545454,0.2727272727272727,38,C,False
MedBullets_df_op4_Q40,68.91571179978703,39.31733345231301,A,108.23304525210004,29.598378347474025,0.2,0.8,0.0,39,A,True
MedBullets_df_op4_Q41,38.708165682394814,36.63342881167325,B,75.34159449406806,2.0747368707215657,0.25,0.625,0.125,40,A,False
MedBullets_df_op4_Q42,33.776667714640126,29.07036316302543,B,62.84703087766556,4.706304551614696,0.14285714285714285,0.7142857142857143,0.14285714285714285,41,B,True
MedBullets_df_op4_Q44,43.236704418859226,30.946415008031508,A,74.18311942689073,12.290289410827718,0.14285714285714285,0.8571428571428571,0.0,43,D,False
MedBullets_df_op4_Q47,37.109426070791784,37.44201201117093,A,74.55143808196271,-0.3325859403791469,0.3333333333333333,0.5555555555555556,0.1111111111111111,46,D,False
MedBullets_df_op4_Q48,23.6775457881486,40.176841264757336,NONE,63.854387052905935,-16.499295476608737,0.125,0.25,0.625,47,C,False
MedBullets_df_op4_Q49,45.10142911406655,20.045113217068987,A,65.14654233113554,25.05631589699756,0.16666666666666666,0.8333333333333334,0.0,48,C,False
MedBullets_df_op4_Q50,51.49389546177939,25.074336562935397,D,76.56823202471479,26.41955889884399,0.2857142857142857,0.7142857142857143,0.0,49,D,True
MedBullets_df_op4_Q51,51.66898012840857,41.28431203700514,NONE,92.9532921654137,10.384668091403434,0.2222222222222222,0.6666666666666666,0.1111111111111111,50,C,False
MedBullets_df_op4_Q53,26.205749172891064,21.364187492994425,C,47.56993666588549,4.841561679896639,0.25,0.625,0.125,52,C,True
MedBullets_df_op4_Q54,36.72227638742325,31.687810668986963,A,68.41008705641022,5.034465718436287,0.1,0.8,0.1,53,D,False
MedBullets_df_op4_Q55,17.75841711825043,25.870295297936988,NONE,43.62871241618742,-8.111878179686556,0.14285714285714285,0.42857142857142855,0.42857142857142855,54,B,False
MedBullets_df_op4_Q56,14.2533176776494,28.297348979304644,NONE,42.55066665695404,-14.044031301655243,0.125,0.375,0.5,55,D,False
MedBullets_df_op4_Q57,25.082254902220686,39.69628249868011,A,64.7785374009008,-14.614027596459426,0.16666666666666666,0.5,0.3333333333333333,56,B,False
MedBullets_df_op4_Q58,37.39003323029836,31.30891752698191,A,68.69895075728027,6.081115703316446,0.2222222222222222,0.6666666666666666,0.1111111111111111,57,C,False
MedBullets_df_op4_Q59,24.437325272627174,19.344466170255686,B,43.78179144288286,5.092859102371488,0.18181818181818182,0.6363636363636364,0.18181818181818182,58,C,False
MedBullets_df_op4_Q60,44.28132836214715,37.33504026742809,C,81.61636862957525,6.946288094719058,0.125,0.75,0.125,59,C,True
MedBullets_df_op4_Q61,2.914782278839687,6.05287487625806,C,8.967657155097747,-3.138092597418373,0.2,0.1,0.7,60,D,False
MedBullets_df_op4_Q62,32.81712375489614,29.550250310223905,A,62.367374065120046,3.266873444672232,0.14285714285714285,0.5714285714285714,0.2857142857142857,61,C,False
MedBullets_df_op4_Q63,34.75317783867179,33.18451642434542,A,67.9376942630172,1.568661414326371,0.18181818181818182,0.6363636363636364,0.18181818181818182,62,A,True
MedBullets_df_op4_Q64,11.345094452483604,16.922339461078185,NONE,28.26743391356179,-5.577245008594581,0.2,0.4,0.4,63,A,False
MedBullets_df_op4_Q65,34.27845910287901,26.587105956222302,A,60.865565059101314,7.691353146656709,0.14285714285714285,0.7142857142857143,0.14285714285714285,64,A,True
MedBullets_df_op4_Q66,10.774891444647837,18.918411793683138,NONE,29.693303238330977,-8.1435203490353,0.09090909090909091,0.36363636363636365,0.5454545454545454,65,D,False
MedBullets_df_op4_Q67,37.5637930477876,37.348195032193146,D,74.91198807998074,0.2155980155944519,0.14285714285714285,0.42857142857142855,0.42857142857142855,66,C,False
MedBullets_df_op4_Q68,59.2511532299561,47.03160502997892,D,106.28275825993502,12.219548199977183,0.25,0.75,0.0,67,B,False
MedBullets_df_op4_Q69,11.848325034643919,18.000120525321258,NONE,29.848445559965178,-6.151795490677339,0.16666666666666666,0.3333333333333333,0.5,68,D,False
MedBullets_df_op4_Q70,31.396523280930566,93.34552175450824,B,124.7420450354388,-61.948998473577674,0.06666666666666667,0.26666666666666666,0.6666666666666666,69,D,False
MedBullets_df_op4_Q71,27.10563963090565,28.124856772851768,A,55.230496403757414,-1.0192171419461182,0.2727272727272727,0.45454545454545453,0.2727272727272727,70,B,False
MedBullets_df_op4_Q72,63.41149975547258,35.49811108533801,D,98.90961084081059,27.913388670134573,0.0,0.8333333333333334,0.16666666666666666,71,D,True
MedBullets_df_op4_Q73,18.851853049555857,17.68502737263689,B,36.536880422192745,1.1668256769189682,0.2,0.6,0.2,72,C,False
MedBullets_df_op4_Q74,46.57194142493667,21.884787885842563,D,68.45672931077922,24.687153539094105,0.125,0.75,0.125,73,C,False
MedBullets_df_op4_Q75,35.96262539402621,13.870528388168385,NONE,49.8331537821946,22.092097005857827,0.0,1.0,0.0,74,A,False
MedBullets_df_op4_Q76,33.87363768747013,21.09050293017867,B,54.964140617648795,12.78313475729146,0.2,0.7,0.1,75,D,False
MedBullets_df_op4_Q77,25.70993809654833,28.858266159560497,B,54.56820425610883,-3.1483280630121655,0.125,0.625,0.25,76,A,False
MedBullets_df_op4_Q78,31.385803492244822,16.24005648907709,B,47.62585998132191,15.145747003167731,0.3,0.7,0.0,77,B,True
MedBullets_df_op4_Q79,20.905498192348045,12.314252711008486,C,33.21975090335653,8.59124548133956,0.14285714285714285,0.7142857142857143,0.14285714285714285,78,A,False
MedBullets_df_op4_Q80,17.421003008565076,23.2115849709757,NONE,40.63258797954077,-5.790581962410624,0.2,0.3,0.5,79,C,False
MedBullets_df_op4_Q81,29.715947783425552,19.83069143463016,A,49.54663921805572,9.88525634879539,0.2,0.8,0.0,80,D,False
MedBullets_df_op4_Q82,22.08474580554108,19.4266786373647,A,41.51142444290578,2.6580671681763803,0.07692307692307693,0.6923076923076923,0.23076923076923078,81,D,False
MedBullets_df_op4_Q83,24.151722498055307,30.838667430975,A,54.99038992903031,-6.686944932919694,0.23529411764705882,0.47058823529411764,0.29411764705882354,82,D,False
MedBullets_df_op4_Q84,46.0175235265441,39.70792428535821,D,85.72544781190231,6.309599241185893,0.125,0.875,0.0,83,C,False
MedBullets_df_op4_Q85,19.194351251619324,26.025212262780027,NONE,45.219563514399354,-6.830861011160703,0.2,0.3,0.5,84,B,False
MedBullets_df_op4_Q86,10.448938754286521,13.094211283764675,NONE,23.543150038051195,-2.645272529478154,0.2222222222222222,0.2222222222222222,0.5555555555555556,85,B,False
MedBullets_df_op4_Q87,20.96882678816027,20.358295622515573,D,41.32712241067584,0.6105311656446979,0.08333333333333333,0.8333333333333334,0.08333333333333333,86,B,False
MedBullets_df_op4_Q88,17.842962465797168,20.894371313014087,D,38.737333778811255,-3.051408847216919,0.125,0.625,0.25,87,A,False
MedBullets_df_op4_Q89,8.69676488688813,12.637967808140573,NONE,21.334732695028706,-3.941202921252442,0.25,0.16666666666666666,0.5833333333333334,88,D,False
MedBullets_df_op4_Q90,21.817988746624447,24.797730892349005,D,46.61571963897345,-2.9797421457245576,0.14285714285714285,0.5714285714285714,0.2857142857142857,89,A,False
MedBullets_df_op4_Q91,48.58509117124961,32.97150681039489,D,81.5565979816445,15.613584360854716,0.3333333333333333,0.6666666666666666,0.0,90,A,False
MedBullets_df_op4_Q92,46.50841165784119,36.12393231322289,A,82.63234397106407,10.384479344618299,0.125,0.875,0.0,91,A,True
MedBullets_df_op4_Q93,27.80224259983783,17.923428633267083,A,45.72567123310491,9.878813966570746,0.1111111111111111,0.6666666666666666,0.2222222222222222,92,B,False
MedBullets_df_op4_Q94,22.874770395459812,18.433955427190632,NONE,41.308725822650445,4.44081496826918,0.25,0.625,0.125,93,D,False
MedBullets_df_op4_Q95,25.085175213921367,25.50464594916631,A,50.58982116308768,-0.4194707352449427,0.18181818181818182,0.6363636363636364,0.18181818181818182,94,A,True
MedBullets_df_op4_Q96,47.66496513355838,42.80738843361839,A,90.47235356717678,4.85757669993999,0.3333333333333333,0.5,0.16666666666666666,95,C,False
MedBullets_df_op4_Q97,26.162707844536236,23.40809928603346,C,49.57080713056969,2.7546085585027775,0.18181818181818182,0.6363636363636364,0.18181818181818182,96,B,False
MedBullets_df_op4_Q98,37.33981282440744,31.201210313078736,C,68.54102313748618,6.138602511328703,0.1111111111111111,0.8888888888888888,0.0,97,B,False
MedBullets_df_op4_Q99,31.158683186784266,26.794558870405687,C,57.953242057189954,4.364124316378579,0.25,0.625,0.125,98,C,True
MedBullets_df_op4_Q100,30.070169226425506,27.185327117809432,D,57.25549634423494,2.8848421086160734,0.18181818181818182,0.6363636363636364,0.18181818181818182,99,B,False
MedBullets_df_op4_Q101,15.339155644902096,23.476464346740634,NONE,38.815619991642734,-8.137308701838538,0.1111111111111111,0.4444444444444444,0.4444444444444444,100,B,False
MedBullets_df_op4_Q102,43.64188394022825,44.837250035354316,A,88.47913397558256,-1.1953660951260687,0.2857142857142857,0.7142857142857143,0.0,101,D,False
MedBullets_df_op4_Q103,7.825454225782973,12.110272885986902,NONE,19.935727111769875,-4.284818660203928,0.1875,0.3125,0.5,102,C,False
MedBullets_df_op4_Q104,38.100456548978485,30.811362634886773,C,68.91181918386526,7.289093914091712,0.2,0.6,0.2,103,B,False
MedBullets_df_op4_Q105,18.865268579854163,23.958390026278273,C,42.82365860613244,-5.09312144642411,0.2222222222222222,0.6666666666666666,0.1111111111111111,104,C,True
MedBullets_df_op4_Q106,48.24202040841014,44.065541691664876,D,92.30756210007502,4.176478716745265,0.25,0.75,0.0,105,C,False
MedBullets_df_op4_Q107,23.52378639666516,15.544448416331685,D,39.06823481299684,7.979337980333474,0.1111111111111111,0.7777777777777778,0.1111111111111111,106,C,False
MedBullets_df_op4_Q108,11.359429111422603,15.462676855622812,NONE,26.822105967045417,-4.103247744200209,0.1,0.7,0.2,107,A,False
MedBullets_df_op4_Q109,4.042401803458327,9.040061460270257,NONE,13.082463263728584,-4.99765965681193,0.125,0.125,0.75,108,D,False
MedBullets_df_op4_Q110,19.250952803785307,26.856555388464272,B,46.10750819224958,-7.605602584678966,0.2857142857142857,0.14285714285714285,0.5714285714285714,109,D,False
MedBullets_df_op4_Q111,41.37563775376619,25.764032834891296,B,67.13967058865748,15.611604918874896,0.2857142857142857,0.7142857142857143,0.0,110,A,False
MedBullets_df_op4_Q112,29.57126295802167,34.214331383681674,D,63.785594341703344,-4.6430684256600046,0.18181818181818182,0.5454545454545454,0.2727272727272727,111,B,False
MedBullets_df_op4_Q113,0.7721861543324071,1.968298689706911,NONE,2.740484844039318,-1.196112535374504,0.09090909090909091,0.09090909090909091,0.8181818181818182,112,C,False
MedBullets_df_op4_Q114,47.505740661398555,39.15179666907837,A,86.65753733047693,8.353943992320183,0.25,0.625,0.125,113,A,True
MedBullets_df_op4_Q115,35.90534593892738,20.10613978637684,A,56.011485725304226,15.799206152550543,0.2,0.7,0.1,114,D,False
MedBullets_df_op4_Q116,17.526701640296697,22.05596435417475,A,39.58266599447145,-4.529262713878055,0.2,0.4,0.4,115,B,False
MedBullets_df_op4_Q117,31.225959806341695,27.464489514163162,A,58.690449320504854,3.761470292178533,0.25,0.5,0.25,116,A,True
MedBullets_df_op4_Q118,5.136041869428102,12.580681877669074,NONE,17.716723747097177,-7.444640008240972,0.16666666666666666,0.0,0.8333333333333334,117,D,False
MedBullets_df_op4_Q119,11.265719943386099,16.76528171494638,NONE,28.031001658332478,-5.4995617715602805,0.2,0.3,0.5,118,B,False
MedBullets_df_op4_Q120,10.039528882843952,13.869322250245737,NONE,23.90885113308969,-3.829793367401786,0.13333333333333333,0.3333333333333333,0.5333333333333333,119,A,False
MedBullets_df_op4_Q121,45.663473638961236,34.13688771520517,A,79.8003613541664,11.526585923756066,0.375,0.5,0.125,120,B,False
MedBullets_df_op4_Q122,28.254550575655674,19.37756262879117,B,47.632113204446846,8.876987946864503,0.1111111111111111,0.7777777777777778,0.1111111111111111,121,B,True
MedBullets_df_op4_Q123,43.16828272834173,28.636963480138284,D,71.80524620848001,14.531319248203445,0.1,0.7,0.2,122,A,False
MedBullets_df_op4_Q124,34.40916577520478,43.647907470505054,C,78.05707324570983,-9.238741695300277,0.1,0.8,0.1,123,C,True
MedBullets_df_op4_Q125,51.98638024102767,25.007160856899155,A,76.99354109792682,26.979219384128513,0.16666666666666666,0.8333333333333334,0.0,124,A,True
MedBullets_df_op4_Q126,25.137286537352125,29.218406647076367,A,54.35569318442849,-4.081120109724242,0.15384615384615385,0.5384615384615384,0.3076923076923077,125,C,False
MedBullets_df_op4_Q127,19.9809705119397,16.810004090762657,B,36.790974602702356,3.1709664211770416,0.125,0.75,0.125,126,B,True
MedBullets_df_op4_Q128,36.56446869216653,33.33847447367464,A,69.90294316584117,3.2259942184918913,0.2222222222222222,0.5555555555555556,0.2222222222222222,127,D,False
MedBullets_df_op4_Q129,39.41229552978112,26.618087059566708,A,66.03038258934782,12.79420847021441,0.2222222222222222,0.6666666666666666,0.1111111111111111,128,D,False
MedBullets_df_op4_Q130,35.047964014463325,27.36785868876798,D,62.415822703231306,7.680105325695344,0.16666666666666666,0.8333333333333334,0.0,129,B,False
MedBullets_df_op4_Q131,25.969280734747738,17.223628068780865,A,43.1929088035286,8.745652665966873,0.25,0.625,0.125,130,A,True
MedBullets_df_op4_Q132,33.99639212290526,23.752554830194438,A,57.748946953099704,10.243837292710825,0.18181818181818182,0.7272727272727273,0.09090909090909091,131,A,True
MedBullets_df_op4_Q133,6.492447560411919,15.229559276489695,NONE,21.722006836901613,-8.737111716077777,0.18181818181818182,0.09090909090909091,0.7272727272727273,132,D,False
MedBullets_df_op4_Q134,38.10292362316502,19.444928873313103,B,57.54785249647812,18.657994749851916,0.16666666666666666,0.8333333333333334,0.0,133,B,True
MedBullets_df_op4_Q135,27.337204241604447,39.26396976072491,A,66.60117400232936,-11.926765519120465,0.3,0.1,0.6,134,B,False
MedBullets_df_op4_Q136,29.43524986979118,21.434084178345042,C,50.869334048136224,8.001165691446136,0.2857142857142857,0.7142857142857143,0.0,135,C,True
MedBullets_df_op4_Q137,27.771880884181765,30.51067088484393,A,58.282551769025694,-2.7387900006621635,0.18181818181818182,0.5454545454545454,0.2727272727272727,136,C,False
MedBullets_df_op4_Q138,38.36243631460874,25.439539611274252,A,63.801975925883,12.92289670333449,0.2222222222222222,0.7777777777777778,0.0,137,C,False
MedBullets_df_op4_Q139,40.18689584224841,23.253029271774043,A,63.43992511402246,16.93386657047437,0.18181818181818182,0.7272727272727273,0.09090909090909091,138,B,False
MedBullets_df_op4_Q140,32.94475166669007,36.08677609496445,A,69.03152776165452,-3.1420244282743823,0.3,0.4,0.3,139,D,False
MedBullets_df_op4_Q141,16.186379330745087,15.393694336099294,NONE,31.58007366684438,0.7926849946457928,0.1111111111111111,0.5555555555555556,0.3333333333333333,140,C,False
MedBullets_df_op4_Q142,22.357061405314578,22.54296233543098,A,44.90002374074555,-0.18590093011640008,0.16666666666666666,0.6666666666666666,0.16666666666666666,141,A,True
MedBullets_df_op4_Q143,36.63385053024198,37.92280475927053,A,74.5566552895125,-1.2889542290285476,0.1,0.7,0.2,142,D,False
MedBullets_df_op4_Q144,23.100480144162063,23.574938951320643,A,46.67541909548271,-0.47445880715858024,0.25,0.5,0.25,143,C,False
MedBullets_df_op4_Q145,19.856198959278768,25.489814852731943,A,45.34601381201071,-5.633615893453175,0.125,0.625,0.25,144,C,False
MedBullets_df_op4_Q146,17.193241181097,24.754718574594033,D,41.94795975569103,-7.561477393497032,0.2,0.2,0.6,145,D,True
MedBullets_df_op4_Q147,27.386819460644585,24.60603135227906,C,51.99285081292365,2.780788108365524,0.2,0.5,0.3,146,B,False
MedBullets_df_op4_Q148,20.617855869422353,13.306746773647333,D,33.92460264306969,7.31110909577502,0.3333333333333333,0.5833333333333334,0.08333333333333333,147,D,True
MedBullets_df_op4_Q149,32.63392942367226,19.287692113939695,D,51.921621537611955,13.346237309732562,0.25,0.75,0.0,148,C,False
MedBullets_df_op4_Q150,33.880880358771236,29.95932800744594,NONE,63.840208366217176,3.921552351325296,0.2222222222222222,0.6666666666666666,0.1111111111111111,149,C,False
MedBullets_df_op4_Q151,32.13377731058314,31.712904218031927,A,63.846681528615065,0.42087309255121497,0.1111111111111111,0.7777777777777778,0.1111111111111111,150,B,False
MedBullets_df_op4_Q152,28.86419105791596,24.2065965896867,D,53.07078764760266,4.657594468229259,0.125,0.75,0.125,151,B,False
MedBullets_df_op4_Q153,51.74035124590481,36.27084014745715,NONE,88.01119139336197,15.469511098447661,0.16666666666666666,0.6666666666666666,0.16666666666666666,152,C,False
MedBullets_df_op4_Q154,26.972161152849157,23.183444538870155,NONE,50.155605691719316,3.788716613979002,0.25,0.625,0.125,153,C,False
MedBullets_df_op4_Q155,46.577656209098606,29.717926737935947,B,76.29558294703455,16.85972947116266,0.25,0.75,0.0,154,D,False
MedBullets_df_op4_Q156,10.638848179148244,18.48832818266304,NONE,29.127176361811284,-7.849480003514795,0.1,0.5,0.4,155,B,False
MedBullets_df_op4_Q157,82.13584353769568,30.100198203319643,B,112.23604174101533,52.035645334376035,0.0,1.0,0.0,156,D,False
MedBullets_df_op4_Q158,1.127578521808289,3.5213411063305435,NONE,4.648919628138833,-2.3937625845222543,0.07692307692307693,0.07692307692307693,0.8461538461538461,157,C,False
MedBullets_df_op4_Q159,0.4834931884888129,1.3675252489517808,NONE,1.8510184374405938,-0.8840320604629679,0.125,0.0,0.875,158,B,False
MedBullets_df_op4_Q160,14.31181341669665,14.277769449458141,B,28.589582866154792,0.034043967238508444,0.23076923076923078,0.5384615384615384,0.23076923076923078,159,C,False
MedBullets_df_op4_Q161,24.840046075366683,39.337483128557025,NONE,64.17752920392371,-14.497437053190342,0.18181818181818182,0.36363636363636365,0.45454545454545453,160,D,False
MedBullets_df_op4_Q162,14.672338219163219,20.26906108112142,NONE,34.941399300284644,-5.596722861958202,0.15384615384615385,0.3076923076923077,0.5384615384615384,161,B,False
MedBullets_df_op4_Q163,39.9928342573186,28.547731864728537,A,68.54056612204714,11.445102392590062,0.2222222222222222,0.7777777777777778,0.0,162,B,False
MedBullets_df_op4_Q164,13.077861518315311,25.169325416473974,NONE,38.24718693478928,-12.091463898158663,0.1111111111111111,0.3333333333333333,0.5555555555555556,163,C,False
MedBullets_df_op4_Q165,10.680193041515134,22.99067653932252,NONE,33.67086958083765,-12.310483497807388,0.1111111111111111,0.3333333333333333,0.5555555555555556,164,D,False
MedBullets_df_op4_Q166,11.525291671434864,14.97939086020103,C,26.504682531635893,-3.4540991887661665,0.16666666666666666,0.3333333333333333,0.5,165,D,False
MedBullets_df_op4_Q167,41.512132983375,21.69459012426861,A,63.20672310764361,19.817542859106386,0.25,0.75,0.0,166,C,False
MedBullets_df_op4_Q168,16.406459168909436,19.874307256462135,NONE,36.28076642537157,-3.4678480875526994,0.2,0.3,0.5,167,B,False
MedBullets_df_op4_Q169,29.33113044008611,23.87403083555498,A,53.20516127564109,5.45709960453113,0.2,0.6,0.2,168,D,False
MedBullets_df_op4_Q170,21.83988484640993,31.17979623706551,NONE,53.01968108347544,-9.33991139065558,0.3,0.2,0.5,169,D,False
MedBullets_df_op4_Q171,26.371662446010777,12.857001355298527,D,39.2286638013093,13.51466109071225,0.08333333333333333,0.8333333333333334,0.08333333333333333,170,D,True
MedBullets_df_op4_Q172,29.560908884901956,23.431439334177078,A,52.992348219079034,6.1294695507248775,0.2222222222222222,0.6666666666666666,0.1111111111111111,171,A,True
MedBullets_df_op4_Q173,35.64101023043723,21.77084546586559,A,57.41185569630282,13.87016476457164,0.3333333333333333,0.5555555555555556,0.1111111111111111,172,A,True
MedBullets_df_op4_Q174,49.70278909212583,39.47131435879628,A,89.1741034509221,10.231474733329556,0.3333333333333333,0.6666666666666666,0.0,173,B,False
MedBullets_df_op4_Q175,15.972137950302681,28.86892615155109,B,44.841064101853775,-12.896788201248409,0.2222222222222222,0.1111111111111111,0.6666666666666666,174,A,False
MedBullets_df_op4_Q176,12.379118400788684,18.838304116358398,NONE,31.21742251714708,-6.459185715569713,0.18181818181818182,0.2727272727272727,0.5454545454545454,175,B,False
MedBullets_df_op4_Q177,23.831948502779714,19.255310578386563,B,43.08725908116628,4.57663792439315,0.15384615384615385,0.6153846153846154,0.23076923076923078,176,A,False
MedBullets_df_op4_Q178,13.875159825676429,26.833516503913557,NONE,40.708676329589984,-12.958356678237129,0.2,0.2,0.6,177,B,False
MedBullets_df_op4_Q179,25.18134601460746,17.13374905874345,NONE,42.31509507335091,8.047596955864009,0.18181818181818182,0.7272727272727273,0.09090909090909091,178,A,False
MedBullets_df_op4_Q180,18.308741355757054,12.337180699352425,NONE,30.64592205510948,5.971560656404629,0.2,0.8,0.0,179,A,False
MedBullets_df_op4_Q181,45.681477096505446,20.259691364968216,A,65.94116846147367,25.42178573153723,0.25,0.75,0.0,180,B,False
MedBullets_df_op4_Q182,41.463414455188776,29.769414024838007,C,71.23282848002678,11.69400043035077,0.1111111111111111,0.8888888888888888,0.0,181,B,False
MedBullets_df_op4_Q183,47.06051570892767,36.77423393802034,A,83.83474964694801,10.28628177090733,0.125,0.875,0.0,182,B,False
MedBullets_df_op4_Q184,16.929159055784357,17.56013188720354,A,34.48929094298789,-0.6309728314191823,0.21428571428571427,0.42857142857142855,0.35714285714285715,183,A,True
MedBullets_df_op4_Q185,13.680859382735616,18.02324245289746,NONE,31.704101835633075,-4.342383070161844,0.125,0.625,0.25,184,A,False
MedBullets_df_op4_Q186,28.72428066835341,35.00950566674579,D,63.7337863350992,-6.28522499839238,0.2,0.4,0.4,185,B,False
MedBullets_df_op4_Q187,21.914223484130602,27.66829829783935,NONE,49.58252178196995,-5.754074813708748,0.1111111111111111,0.4444444444444444,0.4444444444444444,186,A,False
MedBullets_df_op4_Q188,18.021347229011102,31.504707635799814,A,49.52605486481092,-13.483360406788712,0.1,0.6,0.3,187,B,False
MedBullets_df_op4_Q189,24.86263959404903,26.8968153642564,D,51.759454958305426,-2.034175770207373,0.16666666666666666,0.5,0.3333333333333333,188,B,False
MedBullets_df_op4_Q190,32.89448548752704,31.192723694195976,A,64.08720918172301,1.701761793331066,0.25,0.75,0.0,189,C,False
MedBullets_df_op4_Q191,7.420551219036742,15.41318304414746,NONE,22.833734263184205,-7.992631825110719,0.15384615384615385,0.15384615384615385,0.6923076923076923,190,D,False
MedBullets_df_op4_Q192,19.082593595824726,18.307590667888793,B,37.39018426371352,0.7750029279359332,0.1111111111111111,0.5555555555555556,0.3333333333333333,191,B,True
MedBullets_df_op4_Q193,29.709428235806865,21.504553020978232,D,51.2139812567851,8.204875214828633,0.2222222222222222,0.7777777777777778,0.0,192,B,False
MedBullets_df_op4_Q194,22.642145044285176,25.74245966488695,B,48.38460470917212,-3.1003146206017753,0.18181818181818182,0.45454545454545453,0.36363636363636365,193,C,False
MedBullets_df_op4_Q195,27.751277540643432,22.597647125586292,B,50.34892466622972,5.15363041505714,0.18181818181818182,0.6363636363636364,0.18181818181818182,194,C,False
MedBullets_df_op4_Q196,6.734025214741359,13.923029752491733,NONE,20.65705496723309,-7.189004537750374,0.08333333333333333,0.3333333333333333,0.5833333333333334,195,B,False
MedBullets_df_op4_Q197,17.187711579184178,13.713974611006183,A,30.90168619019036,3.4737369681779953,0.18181818181818182,0.7272727272727273,0.09090909090909091,196,A,True
MedBullets_df_op4_Q198,26.83440732736523,21.848948567257665,A,48.68335589462289,4.985458760107566,0.16666666666666666,0.8333333333333334,0.0,197,D,False
MedBullets_df_op4_Q199,56.70703996850345,12.972088423780965,C,69.67912839228441,43.734951544722485,0.2,0.8,0.0,198,A,False
MedBullets_df_op4_Q200,22.440793768568604,20.645106860743756,A,43.08590062931236,1.795686907824848,0.2,0.6,0.2,199,A,True
MedBullets_df_op4_Q201,25.072996299718216,24.69882187920979,A,49.77181817892801,0.37417442050842453,0.09090909090909091,0.6363636363636364,0.2727272727272727,200,C,False
MedBullets_df_op4_Q202,36.68287657138087,37.10573068150629,C,73.78860725288716,-0.42285411012541374,0.25,0.625,0.125,201,D,False
MedBullets_df_op4_Q203,18.472890854542843,30.07574306994014,A,48.548633924482985,-11.602852215397295,0.09090909090909091,0.6363636363636364,0.2727272727272727,202,D,False
MedBullets_df_op4_Q204,15.931127636958513,14.610531581604107,A,30.54165921856262,1.3205960553544056,0.2727272727272727,0.5454545454545454,0.18181818181818182,203,B,False
MedBullets_df_op4_Q205,15.565208199052384,25.86409588471198,B,41.429304083764364,-10.298887685659595,0.14285714285714285,0.38095238095238093,0.47619047619047616,204,A,False
MedBullets_df_op4_Q206,32.880649323090495,32.945551102622524,A,65.82620042571301,-0.06490177953202902,0.36363636363636365,0.2727272727272727,0.36363636363636365,205,C,False
MedBullets_df_op4_Q207,31.72856635009847,27.782368858959916,C,59.51093520905839,3.946197491138552,0.1111111111111111,0.7777777777777778,0.1111111111111111,206,C,True
MedBullets_df_op4_Q208,23.011921134281707,22.716751951399967,A,45.72867308568168,0.29516918288173954,0.2,0.4,0.4,207,D,False
MedBullets_df_op4_Q209,21.99484406201937,21.367829976613667,A,43.36267403863304,0.6270140854057047,0.14285714285714285,0.5714285714285714,0.2857142857142857,208,D,False
MedBullets_df_op4_Q210,33.17874902719131,29.48245705613249,A,62.6612060833238,3.6962919710588196,0.14285714285714285,0.8571428571428571,0.0,209,B,False
MedBullets_df_op4_Q211,44.344237915655434,26.724231120760287,D,71.06846903641572,17.620006794895147,0.2727272727272727,0.7272727272727273,0.0,210,B,False
MedBullets_df_op4_Q212,26.57368203764525,35.29170072220344,D,61.865382759848686,-8.718018684558189,0.2857142857142857,0.2857142857142857,0.42857142857142855,211,C,False
MedBullets_df_op4_Q213,37.87371280163096,45.95317279349603,A,83.82688559512698,-8.079459991865072,0.2222222222222222,0.5555555555555556,0.2222222222222222,212,D,False
MedBullets_df_op4_Q214,13.96083187983229,13.239515690430146,D,27.200347570262437,0.7213161894021436,0.08333333333333333,0.5833333333333334,0.3333333333333333,213,C,False
MedBullets_df_op4_Q215,31.95724450282207,24.739463969485787,D,56.69670847230786,7.217780533336285,0.18181818181818182,0.7272727272727273,0.09090909090909091,214,C,False
MedBullets_df_op4_Q216,10.83997507878188,11.61782193456042,NONE,22.4577970133423,-0.7778468557785398,0.3333333333333333,0.3333333333333333,0.3333333333333333,215,D,False
MedBullets_df_op4_Q217,12.185585379047309,15.723173134275905,D,27.908758513323214,-3.5375877552285964,0.16666666666666666,0.4166666666666667,0.4166666666666667,216,D,True
MedBullets_df_op4_Q219,11.007710156167256,16.780717113377303,NONE,27.78842726954456,-5.773006957210047,0.18181818181818182,0.36363636363636365,0.45454545454545453,218,A,False
MedBullets_df_op4_Q220,42.819995395512116,25.52792048845087,B,68.34791588396298,17.292074907061245,0.2,0.8,0.0,219,B,True
MedBullets_df_op4_Q221,46.360747913251195,36.06726657957738,A,82.42801449282857,10.293481333673817,0.18181818181818182,0.5454545454545454,0.2727272727272727,220,D,False
MedBullets_df_op4_Q222,41.99966287850183,21.995904227266884,A,63.995567105768714,20.003758651234946,0.16666666666666666,0.75,0.08333333333333333,221,C,False
MedBullets_df_op4_Q223,36.1205960413658,36.430777722476996,NONE,72.5513737638428,-0.31018168111119593,0.16666666666666666,0.5,0.3333333333333333,222,D,False
MedBullets_df_op4_Q224,15.623833282787887,15.186705933045063,A,30.81053921583295,0.4371273497428234,0.15384615384615385,0.5384615384615384,0.3076923076923077,223,C,False
MedBullets_df_op4_Q225,13.021067762854825,19.313447750875685,NONE,32.33451551373051,-6.29237998802086,0.18181818181818182,0.2727272727272727,0.5454545454545454,224,B,False
MedBullets_df_op4_Q226,64.07381136133934,32.011396345649594,C,96.08520770698894,32.062415015689744,0.0,1.0,0.0,225,D,False
MedBullets_df_op4_Q227,17.995271319071392,16.548288896888334,A,34.54356021595973,1.4469824221830585,0.2,0.6,0.2,226,A,True
MedBullets_df_op4_Q228,22.06017133208959,30.700695959257548,A,52.76086729134714,-8.64052462716796,0.2,0.4,0.4,227,C,False
MedBullets_df_op4_Q229,21.236210865300773,23.78008531639367,C,45.01629618169444,-2.543874451092897,0.23076923076923078,0.5384615384615384,0.23076923076923078,228,D,False
MedBullets_df_op4_Q230,26.96923647849981,15.666135013638542,B,42.63537149213835,11.303101464861268,0.0,1.0,0.0,229,A,False
MedBullets_df_op4_Q231,32.474260791069426,23.943364319036174,A,56.417625110105604,8.530896472033252,0.2857142857142857,0.5714285714285714,0.14285714285714285,230,C,False
MedBullets_df_op4_Q232,7.343494897772639,20.770540159295383,NONE,28.114035057068023,-13.427045261522743,0.125,0.0,0.875,231,A,False
MedBullets_df_op4_Q233,24.176083080725807,25.884999595437225,A,50.06108267616303,-1.7089165147114187,0.13333333333333333,0.6,0.26666666666666666,232,C,False
MedBullets_df_op4_Q234,38.52501669617514,26.45939319980926,A,64.9844098959844,12.065623496365884,0.25,0.75,0.0,233,D,False
MedBullets_df_op4_Q235,25.828926996045094,36.57326470772006,B,62.402191703765155,-10.744337711674962,0.1,0.6,0.3,234,A,False
MedBullets_df_op4_Q236,29.95276845965711,29.969012892198492,D,59.9217813518556,-0.01624443254138086,0.14285714285714285,0.8571428571428571,0.0,235,A,False
MedBullets_df_op4_Q237,55.06724119881978,30.436316974580652,B,85.50355817340044,24.630924224239127,0.2,0.8,0.0,236,C,False
MedBullets_df_op4_Q238,33.81012274035554,24.32488922855023,A,58.13501196890577,9.485233511805308,0.1,0.8,0.1,237,B,False
MedBullets_df_op4_Q239,17.139125063669457,16.37023530748746,A,33.509360371156916,0.7688897561819985,0.125,0.625,0.25,238,A,True
MedBullets_df_op4_Q240,26.51811233061128,22.649317186057637,A,49.16742951666892,3.868795144553644,0.125,0.625,0.25,239,C,False
MedBullets_df_op4_Q241,28.93145905542199,28.33969346854667,A,57.27115252396866,0.5917655868753187,0.1,0.7,0.2,240,D,False
MedBullets_df_op4_Q242,34.078354912437824,25.57429212268114,A,59.65264703511896,8.504062789756684,0.16666666666666666,0.8333333333333334,0.0,241,B,False
MedBullets_df_op4_Q243,34.6681040135218,27.438028918628127,C,62.106132932149926,7.230075094893671,0.14285714285714285,0.7142857142857143,0.14285714285714285,242,A,False
MedBullets_df_op4_Q244,45.29247756215258,26.726832579084796,A,72.01931014123737,18.56564498306778,0.16666666666666666,0.6666666666666666,0.16666666666666666,243,A,True
MedBullets_df_op4_Q245,30.438157868088574,27.452439239349506,C,57.89059710743808,2.9857186287390682,0.25,0.5,0.25,244,D,False
MedBullets_df_op4_Q246,23.151287073937194,30.66213914303973,NONE,53.81342621697692,-7.510852069102537,0.16666666666666666,0.5,0.3333333333333333,245,A,False
MedBullets_df_op4_Q247,38.57103226425977,22.479261201480373,D,61.05029346574014,16.091771062779397,0.18181818181818182,0.7272727272727273,0.09090909090909091,246,A,False
MedBullets_df_op4_Q248,22.935861698405564,23.53041596247524,C,46.466277660880806,-0.594554264069675,0.18181818181818182,0.5454545454545454,0.2727272727272727,247,B,False
MedBullets_df_op4_Q249,2.838029525331988,6.21555211424402,NONE,9.053581639576008,-3.3775225889120324,0.2,0.0,0.8,248,B,False
MedBullets_df_op4_Q250,33.22625698638329,28.795758502396325,B,62.022015488779616,4.430498483986966,0.2222222222222222,0.6666666666666666,0.1111111111111111,249,A,False
MedBullets_df_op4_Q251,27.2255752797554,35.83108125131944,A,63.056656531074836,-8.605505971564039,0.09090909090909091,0.6363636363636364,0.2727272727272727,250,C,False
MedBullets_df_op4_Q252,18.35568270306367,23.028408945777937,B,41.384091648841604,-4.6727262427142655,0.1111111111111111,0.5555555555555556,0.3333333333333333,251,A,False
MedBullets_df_op4_Q253,84.51546811824898,3.0385425302998708,C,87.55401064854884,81.47692558794911,0.0,1.0,0.0,252,B,False
MedBullets_df_op4_Q254,58.94853323416297,32.90334740201341,D,91.85188063617639,26.045185832149564,0.2,0.8,0.0,253,D,True
MedBullets_df_op4_Q255,10.873011247355386,17.09804732083652,A,27.971058568191907,-6.225036073481135,0.1111111111111111,0.3333333333333333,0.5555555555555556,254,B,False
MedBullets_df_op4_Q256,28.753931472598854,28.181927266009286,A,56.93585873860814,0.5720042065895683,0.2222222222222222,0.5555555555555556,0.2222222222222222,255,C,False
MedBullets_df_op4_Q257,31.12351809858351,25.466068601388532,C,56.589586699972045,5.657449497194978,0.3333333333333333,0.6666666666666666,0.0,256,D,False
MedBullets_df_op4_Q258,10.380086320804407,18.46241499047497,C,28.842501311279378,-8.082328669670561,0.2222222222222222,0.1111111111111111,0.6666666666666666,257,B,False
MedBullets_df_op4_Q259,68.44391347110685,36.43069817544443,B,104.87461164655127,32.01321529566243,0.3333333333333333,0.6666666666666666,0.0,258,C,False
MedBullets_df_op4_Q260,41.09383089300039,35.057938816732374,B,76.15176970973276,6.035892076268013,0.1111111111111111,0.6666666666666666,0.2222222222222222,259,C,False
MedBullets_df_op4_Q261,37.663275443038785,41.92817732164287,A,79.59145276468166,-4.2649018786040855,0.125,0.875,0.0,260,D,False
MedBullets_df_op4_Q262,36.325743031777016,24.37297777048009,D,60.69872080225711,11.952765261296925,0.25,0.625,0.125,261,A,False
MedBullets_df_op4_Q263,41.81479839612497,32.12028794482159,A,73.93508634094655,9.69451045130338,0.16666666666666666,0.8333333333333334,0.0,262,C,False
MedBullets_df_op4_Q264,20.79386923150124,19.71541659594226,D,40.5092858274435,1.0784526355589819,0.2222222222222222,0.4444444444444444,0.3333333333333333,263,C,False
MedBullets_df_op4_Q265,56.11381261056102,1.6390202779800798,B,57.7528328885411,54.47479233258094,0.0,1.0,0.0,264,D,False
MedBullets_df_op4_Q266,27.985994975858898,33.49647596570585,B,61.48247094156474,-5.5104809898469505,0.125,0.75,0.125,265,A,False
MedBullets_df_op4_Q267,32.93739663608254,33.88973611290914,D,66.82713274899169,-0.9523394768266016,0.125,0.875,0.0,266,B,False
MedBullets_df_op4_Q268,37.29975164690851,51.43115282264356,A,88.73090446955207,-14.13140117573505,0.14285714285714285,0.7142857142857143,0.14285714285714285,267,B,False
MedBullets_df_op4_Q269,17.624272481526287,20.10796754170806,A,37.73224002323435,-2.4836950601817733,0.25,0.5,0.25,268,A,True
MedBullets_df_op4_Q270,32.791284377682054,24.6735022286219,A,57.46478660630395,8.117782149060154,0.125,0.875,0.0,269,D,False
MedBullets_df_op4_Q271,18.928556263444943,19.648651426469524,A,38.57720768991447,-0.7200951630245811,0.1,0.5,0.4,270,A,True
MedBullets_df_op4_Q272,29.638472100648396,26.275342082285054,D,55.91381418293345,3.363130018363343,0.25,0.5,0.25,271,C,False
MedBullets_df_op4_Q273,35.4484035090016,21.51380591456142,A,56.962209423563024,13.93459759444018,0.2222222222222222,0.6666666666666666,0.1111111111111111,272,B,False
MedBullets_df_op4_Q274,24.233010623360915,23.02247837676159,A,47.25548900012251,1.2105322465993247,0.09090909090909091,0.7272727272727273,0.18181818181818182,273,A,True
MedBullets_df_op4_Q275,25.62714417797655,34.74129998592451,NONE,60.36844416390106,-9.114155807947963,0.25,0.75,0.0,274,A,False
MedBullets_df_op4_Q276,28.768820002663194,29.309016103657658,B,58.07783610632085,-0.5401961009944642,0.1111111111111111,0.6666666666666666,0.2222222222222222,275,A,False
MedBullets_df_op4_Q277,39.57169290570084,36.074036132209834,A,75.64572903791068,3.497656773491009,0.23076923076923078,0.6923076923076923,0.07692307692307693,276,D,False
MedBullets_df_op4_Q278,23.05397343783008,30.674110104557595,NONE,53.72808354238768,-7.6201366667275146,0.3,0.2,0.5,277,C,False
MedBullets_df_op4_Q279,36.95590063840946,33.52839985845815,A,70.4843004968676,3.427500779951309,0.125,0.75,0.125,278,C,False
MedBullets_df_op4_Q280,23.345400895653,35.46258909576431,NONE,58.80798999141731,-12.117188200111308,0.2222222222222222,0.2222222222222222,0.5555555555555556,279,C,False
MedBullets_df_op4_Q281,39.151609704884635,22.992549002494723,C,62.14415870737936,16.15906070238991,0.09090909090909091,0.8181818181818182,0.09090909090909091,280,B,False
MedBullets_df_op4_Q282,11.498485923399889,10.925521311681058,NONE,22.424007235080946,0.572964611718831,0.2222222222222222,0.4444444444444444,0.3333333333333333,281,B,False
MedBullets_df_op4_Q283,18.049938548626614,17.83456407680032,A,35.88450262542693,0.2153744718262942,0.14285714285714285,0.42857142857142855,0.42857142857142855,282,A,True
MedBullets_df_op4_Q284,33.81533038277539,23.23911885269081,A,57.05444923546621,10.576211530084581,0.3,0.5,0.2,283,A,True
MedBullets_df_op4_Q285,12.42528430366553,23.73247354396308,NONE,36.15775784762861,-11.307189240297552,0.1,0.2,0.7,284,B,False
MedBullets_df_op4_Q286,43.84938141274886,36.504238904074434,C,80.3536203168233,7.345142508674428,0.125,0.75,0.125,285,D,False
MedBullets_df_op4_Q287,46.29180161026633,21.984622764953553,A,68.27642437521989,24.30717884531278,0.14285714285714285,0.8571428571428571,0.0,286,A,True
MedBullets_df_op4_Q288,6.1760660234204385,16.112007571803286,NONE,22.288073595223725,-9.935941548382846,0.09090909090909091,0.09090909090909091,0.8181818181818182,287,A,False
MedBullets_df_op4_Q289,51.95595158933698,29.887572040481356,A,81.84352362981834,22.068379548855628,0.2857142857142857,0.7142857142857143,0.0,288,A,True
MedBullets_df_op4_Q290,43.0008952818714,34.18065994216694,A,77.18155522403833,8.82023533970446,0.1111111111111111,0.7777777777777778,0.1111111111111111,289,B,False
MedBullets_df_op4_Q291,20.216083393299193,21.517512699616795,NONE,41.73359609291599,-1.3014293063176012,0.2222222222222222,0.3333333333333333,0.4444444444444444,290,A,False
MedBullets_df_op4_Q292,27.705971859953365,20.96007702956373,B,48.6660488895171,6.745894830389634,0.2,0.6,0.2,291,D,False
MedBullets_df_op4_Q293,30.48924007444255,21.811675240114887,A,52.300915314557436,8.677564834327661,0.08333333333333333,0.9166666666666666,0.0,292,A,True
MedBullets_df_op4_Q294,26.584211503925918,30.26045698303577,D,56.84466848696169,-3.676245479109852,0.16666666666666666,0.5,0.3333333333333333,293,C,False
MedBullets_df_op4_Q295,0.6895134535197373,3.0055194641042635,NONE,3.6950329176240007,-2.3160060105845264,0.05263157894736842,0.0,0.9473684210526315,294,A,False
MedBullets_df_op4_Q296,44.30048354936367,43.307083548948135,D,87.6075670983118,0.9934000004155337,0.2857142857142857,0.5714285714285714,0.14285714285714285,295,A,False
MedBullets_df_op4_Q297,49.75158291676673,51.21478977533569,A,100.96637269210242,-1.4632068585689595,0.14285714285714285,0.7142857142857143,0.14285714285714285,296,B,False
MedBullets_df_op4_Q298,30.72885310025951,25.538163498772413,A,56.26701659903192,5.190689601487097,0.1111111111111111,0.7777777777777778,0.1111111111111111,297,C,False
MedBullets_df_op4_Q299,16.364156930841773,16.006467296424763,D,32.37062422726653,0.3576896344170102,0.18181818181818182,0.5454545454545454,0.2727272727272727,298,,False
MedBullets_df_op4_Q300,50.71599159365286,32.67244325042343,A,83.38843484407629,18.043548343229432,0.16666666666666666,0.8333333333333334,0.0,299,,False
MedBullets_df_op4_Q301,8.255524684199994,12.912211392468414,C,21.167736076668408,-4.6566867082684205,0.2,0.3,0.5,300,,False
MedBullets_df_op4_Q302,29.005657082507124,28.529806128277702,B,57.535463210784826,0.47585095422942203,0.18181818181818182,0.45454545454545453,0.36363636363636365,301,,False
MedBullets_df_op4_Q303,41.739326635380266,28.241367261046957,C,69.98069389642723,13.497959374333309,0.2222222222222222,0.6666666666666666,0.1111111111111111,302,,False
MedBullets_df_op4_Q304,30.157630008649896,21.01471119278569,A,51.172341201435586,9.142918815864206,0.25,0.6666666666666666,0.08333333333333333,303,,False
MedBullets_df_op4_Q305,30.703636860509942,25.979202707187863,A,56.682839567697805,4.724434153322079,0.25,0.5,0.25,304,,False
MedBullets_df_op4_Q306,42.97889750101237,28.349782884934694,A,71.32868038594707,14.629114616077675,0.2,0.7,0.1,305,,False
MedBullets_df_op4_Q307,25.329941199804583,20.9968363137333,A,46.326777513537884,4.333104886071283,0.16666666666666666,0.6666666666666666,0.16666666666666666,306,,False
MedBullets_df_op4_Q308,53.55328079241295,41.58098540386831,A,95.13426619628126,11.972295388544637,0.16666666666666666,0.6666666666666666,0.16666666666666666,307,,False
