Score,Source,row_index,QA_ID
0.0,She is started on verapamil and instructed to exercise at 50% of her VO2 max while several cardiac parameters are being measured.,0,MedBullets df_op4 Q1
0.0,A 42-year-old woman is enrolled in a randomized controlled trial to study cardiac function in the setting of several different drugs.,0,MedBullets df_op4 Q1
102.54634858070266,"Her temperature is 99.5°F (37.5°C), blood pressure is 60/35 mmHg, pulse is 190/min, respirations are 33/min, and oxygen saturation is 98% on room air.",1,MedBullets df_op4 Q2
90.16539679251929,"This morning she was minimally responsive, vomited several times, and produced a small amount of dark cloudy urine.",1,MedBullets df_op4 Q2
62.302801099522206,Her parents are divorced and her father has noted she does not seem to get sick when he takes care of her.,1,MedBullets df_op4 Q2
46.15340928097278,"Her mother says that last night her daughter felt ill, and her condition has been worsening.",1,MedBullets df_op4 Q2
43.739664538937724,She presented with similar symptoms 6 weeks ago and was treated for an Escherchia coli infection.,1,MedBullets df_op4 Q2
149.8379835094525,"Physical exam reveals innumerable hypopigmented macules on the skin and an irregularly shaped, thickened, and elevated plaque on the lower back.",2,MedBullets df_op4 Q3
104.84472283588971,"She recently underwent a neurology evaluation which revealed hypsarrhythmia on electroencephalography (EEG) with a mix of slow waves, multifocal spikes, and asynchrony.",2,MedBullets df_op4 Q3
66.63834381103516,Her parents have noticed the patient occasionally stiffens and spreads her arms at home.,2,MedBullets df_op4 Q3
43.95909374738858,She was born at 38-weeks gestational age without complications.,2,MedBullets df_op4 Q3
38.8581289628515,Her medications consist of lamotrigine and valproic acid.,2,MedBullets df_op4 Q3
64.94967099533093,"A 17-year-old boy presents to his primary care physician with a chief concern of ""bad"" skin that has not improved despite home remedies.",3,MedBullets df_op4 Q4
42.3455606251955,He has a diet high in refined carbohydrates and has gained 20 pounds since starting high school.,3,MedBullets df_op4 Q4
41.580142484821266,The patient has had lesions on his face that have persisted since he was 13 years of age.,3,MedBullets df_op4 Q4
38.67922607982281,Physical exam is notable for the findings in Figure A.,3,MedBullets df_op4 Q4
23.454603330710963,The patient is started on benzoyl peroxide and topical retinoids.,3,MedBullets df_op4 Q4
86.95179393994172,Serum laboratory results are shown below: Na+: 120 mEq/L Cl-: 92 mEq/L K+: 3.9 mEq/L HCO3-: 26 mEq/L BUN: 32 mg/dL Creatinine: 1.0 mg/dL Serum osmolality is 265 mEq/L and urine osmolality is 340 mEq/L.,4,MedBullets df_op4 Q5
47.61678926020053,"Her medical problems consist of heart failure for which she takes furosemide, spironolactone, and metoprolol, which were continued at admission.",4,MedBullets df_op4 Q5
33.0480955903393,"On hospital day 3, she is found to be disoriented to person, place, and time.",4,MedBullets df_op4 Q5
28.4613723036498,"The headache started suddenly while she was eating dinner and she says it feels like the “worst headache of my life.” An emergent CT scan of the head without contrast confirms the diagnosis, and a CT angiogram identifies the source of bleeding.",4,MedBullets df_op4 Q5
13.238824781369864,A 55-year-old woman is brought to the emergency department by her husband with a 1 hour history of an unremitting headache.,4,MedBullets df_op4 Q5
85.29255110144389,The patient was born at 39 weeks via vaginal delivery to a G1P1 29-year-old woman.,5,MedBullets df_op4 Q6
78.36219215201318,"His temperature is 99.5°F (37.5°C), blood pressure is 60/38 mmHg, pulse is 150/min, respirations are 24/min, and oxygen saturation is 98% on room air.",5,MedBullets df_op4 Q6
49.70378875732422,The patient has been breastfeeding and producing 5 stools/day.,5,MedBullets df_op4 Q6
48.461681625039446,A cardiopulmonary exam is notable for a benign flow murmur.,5,MedBullets df_op4 Q6
48.15341622469417,A 2-week-old boy is evaluated by his pediatrician for abnormal feet.,5,MedBullets df_op4 Q6
85.3415084571557,The patient’s family history is significant for an older brother with glucose-6-phosphate dehydrogenase (G6PD) deficiency and a maternal uncle with cirrhosis secondary to chronic hepatitis B.,6,MedBullets df_op4 Q7
56.520758108913455,"On physical exam, the patient has scleral icterus and dark urine staining her diaper.",6,MedBullets df_op4 Q7
51.3033954871155,The patient’s mother endorses decreased appetite during the aforementioned illness which has now returned to baseline.,6,MedBullets df_op4 Q7
49.33873329334363,A 1-month-old girl presents to her pediatrician with her mother.,6,MedBullets df_op4 Q7
37.43351254205116,The patient was born at 38 weeks gestation via Caesarean section for cervical incompetence.,6,MedBullets df_op4 Q7
112.20663422440897,"His temperature is 97.1°F (36.2°C), blood pressure is 57/42 mmHg, pulse is 140/min, and respirations are 38/min.",7,MedBullets df_op4 Q8
82.53980045880658,"On physical exam, the patient has a wide nasal bridge, down slanting palpebral fissures, and widely spaced eyes.",7,MedBullets df_op4 Q8
38.830413818359375,The patient’s mother received routine prenatal care and the pregnancy was uncomplicated.,7,MedBullets df_op4 Q8
29.78682064779469,"His height and head circumference are in the 15th and 3rd percentile, respectively.",7,MedBullets df_op4 Q8
28.714320969690466,The patient’s anatomy ultrasound at 20 weeks of gestation was unremarkable.,7,MedBullets df_op4 Q8
84.83339384992986,"The patient states he has experienced these symptoms for a few weeks; however, today his hand felt so weak he dropped his cup of tea.",8,MedBullets df_op4 Q9
79.1717420036589,"His temperature is 99.5°F (37.5°C), blood pressure is 177/108 mmHg, pulse is 90/min, respirations are 17/min, and oxygen saturation is 98% on room air.",8,MedBullets df_op4 Q9
63.233124908076796,He drinks 2-7 alcoholic drinks per day and has smoked 2 packs of cigarettes per day since he was 25.,8,MedBullets df_op4 Q9
47.056322842302876,Physical exam reveals decreased sensation in the right arm and 2/5 strength in the right arm and 5/5 strength in in the left arm.,8,MedBullets df_op4 Q9
30.82243104419528,The patient states that he is experiencing a dull aching and burning pain in his right arm during the exam.,8,MedBullets df_op4 Q9
101.91190814174492,"Laboratory values are ordered as seen below: Serum: Na+: 137 mEq/L Cl-: 105 mEq/L K+: 4.1 mEq/L HCO3-: 24 mEq/L BUN: 22 mg/dL Glucose: 129 mg/dL Creatinine: 1.2 mg/dL Ca2+: 10.1 mg/dL AST: 11 U/L ALT: 12 U/L On physical exam, the patient appears to be in distress.",10,MedBullets df_op4 Q11
98.13179836701059,"His temperature is 99.5°F (37.5°C), blood pressure is 130/87 mmHg, pulse is 120/min, respirations are 15/min, and oxygen saturation is 93% on room air.",10,MedBullets df_op4 Q11
60.78391481538873,"The patient's right lower extremity appears mildly inflamed, and palpation of the calf elicits pain.",10,MedBullets df_op4 Q11
48.85508074943895,Pulmonary exam reveals bilateral air movement without any wheezes or crackles.,10,MedBullets df_op4 Q11
45.443382263183594,"The patient has a medical history of obesity, diabetes, diabetic nephropathy, hypertension, and a 40-pack-year smoking history.",10,MedBullets df_op4 Q11
