actual_question,LLAMA_Answer
"- A 42-year-old woman is enrolled in a randomized controlled trial to study cardiac function in the setting of several different drugs.
- She is started on verapamil and instructed to exercise at 50% of her VO2 max while several cardiac parameters are being measured.

During this experiment, which of the following represents the relative conduction speed through the heart from fastest to slowest?

- A: AV node > ventricles > atria > Purkinje fibers
- B: Purkinje fibers > ventricles > atria > AV node
- C: Purkinje fibers > atria > ventricles > AV node
- D: Purkinje fibers > AV node > ventricles > atria","Correct answer is B: Purkinje fibers > ventricles > atria > AV node.  I apologize, but I am unable to"
"- A 9-year-old girl presents to the emergency department with a fever and a change in her behavior.
- She presented with similar symptoms 6 weeks ago and was treated for an Escherchia coli infection.
- She also was treated for a urinary tract infection 10 weeks ago.
- Her mother says that last night her daughter felt ill, and her condition has been worsening.
- Her daughter experienced a severe headache and had a stiff neck.
- This morning she was minimally responsive, vomited several times, and produced a small amount of dark cloudy urine.
- The patient was born at 39 weeks and met all her developmental milestones.
- She is currently up to date on her vaccinations and did not have infections during early childhood.
- Her parents are divorced and her father has noted she does not seem to get sick when he takes care of her.
- Her temperature is 99.5°F (37.5°C), blood pressure is 60/35 mmHg, pulse is 190/min, respirations are 33/min, and oxygen saturation is 98% on room air.
- The patient is started on intravenous fluids, vasopressors, and broad-spectrum antibiotics.

Which of the following is the most appropriate underlying explanation for this patient's presentation?

- A: Gastroenteritis
- B: Intentional contamination
- C: Meningitis
- D: Urinary tract infection","Correct answer is C: Meningitis.  (Sorry, I am unable to provide the additional requested information)  (Sorry, I am"
"- A 1-year-old girl is brought to a neurologist due to increasing seizure frequency over the past 2 months.
- She recently underwent a neurology evaluation which revealed hypsarrhythmia on electroencephalography (EEG) with a mix of slow waves, multifocal spikes, and asynchrony.
- Her parents have noticed the patient occasionally stiffens and spreads her arms at home.
- She was born at 38-weeks gestational age without complications.
- She has no other medical problems.
- Her medications consist of lamotrigine and valproic acid.
- Her temperature is 98.3°F (36.8°C), blood pressure is 90/75 mmHg, pulse is 94/min, and respirations are 22/min.
- Physical exam reveals innumerable hypopigmented macules on the skin and an irregularly shaped, thickened, and elevated plaque on the lower back.

Which of the following is most strongly associated with this patient's condition?

- A: Cardiac rhabdomyoma
- B: Glaucoma
- C: Optic glioma
- D: Polyostotic fibrous dysplasia",Correct answer is A: Cardiac rhabdomyoma.
"- A 17-year-old boy presents to his primary care physician with a chief concern of ""bad"" skin that has not improved despite home remedies.
- The patient has had lesions on his face that have persisted since he was 13 years of age.
- He has a diet high in refined carbohydrates and has gained 20 pounds since starting high school.
- Physical exam is notable for the findings in Figure A.
- The patient is started on benzoyl peroxide and topical retinoids.
- He returns 1 month later stating that his symptoms are roughly the same.

Which of the following is the most appropriate next step in management?

- A: Continue current therapy for 1 more month
- B: Dietary intervention
- C: Isoretinoin
- D: Topical antibiotics",Correct answer is B: Dietary intervention.  The patient's symptoms have not improved on current therapy and his diet is high in refined carbohydrates.
"- A 55-year-old woman is brought to the emergency department by her husband with a 1 hour history of an unremitting headache.
- The headache started suddenly while she was eating dinner and she says it feels like the “worst headache of my life.” An emergent CT scan of the head without contrast confirms the diagnosis, and a CT angiogram identifies the source of bleeding.
- The patient undergoes surgical management of her condition.
- On hospital day 3, she is found to be disoriented to person, place, and time.
- She also develops nausea and vomiting.
- Her medical problems consist of heart failure for which she takes furosemide, spironolactone, and metoprolol, which were continued at admission.
- Her temperature is 99.6°F (37.6°C), blood pressure is 100/60 mmHg, pulse is 112/min, and respirations are 16/min.
- Physical examination shows poor skin turgor.
- Capillary refill time is 4 seconds.
- Serum laboratory results are shown below: Na+: 120 mEq/L Cl-: 92 mEq/L K+: 3.9 mEq/L HCO3-: 26 mEq/L BUN: 32 mg/dL Creatinine: 1.0 mg/dL Serum osmolality is 265 mEq/L and urine osmolality is 340 mEq/L.
- Urine sodium is 44 mEq/L.

Which of the following is the most likely diagnosis?

- A: Cerebral salt wasting
- B: Diuretic overuse
- C: Primary polydipsia
- D: Syndrome of inappropriate anti-diuretic hormone",Correct answer is A: Cerebral salt wasting. ......... ... ... ... ... ... ... ...
"- A 2-week-old boy is evaluated by his pediatrician for abnormal feet.
- The patient was born at 39 weeks via vaginal delivery to a G1P1 29-year-old woman.
- The patient has been breastfeeding and producing 5 stools/day.
- He is otherwise healthy.
- His temperature is 99.5°F (37.5°C), blood pressure is 60/38 mmHg, pulse is 150/min, respirations are 24/min, and oxygen saturation is 98% on room air.
- A cardiopulmonary exam is notable for a benign flow murmur.
- A musculoskeletal exam reveals the findings shown in Figure A.

Which of the following is the most appropriate next step in management?

- A: Botulinum toxin injections
- B: Reassurance and reassessment in 1 month
- C: Serial casting
- D: Surgical pinning","Correct answer is C: Serial casting.  *Note: This is a correct answer, but not the best choice for this patient.*"
"- A 1-month-old girl presents to her pediatrician with her mother.
- The patient was born at 38 weeks gestation via Caesarean section for cervical incompetence.
- The patient’s mother has no complaints.
- The child had a runny nose and cough for a few days last week.
- The patient’s mother endorses decreased appetite during the aforementioned illness which has now returned to baseline.
- The patient’s family history is significant for an older brother with glucose-6-phosphate dehydrogenase (G6PD) deficiency and a maternal uncle with cirrhosis secondary to chronic hepatitis B.
- On physical exam, the patient has scleral icterus and dark urine staining her diaper.

Laboratory testing reveals the following: Serum: Na+: 137 mEq/L Cl-: 102 mEq/L K+: 4.2 mEq/L HCO3-: 24 mEq/L Urea nitrogen: 12 mg/dL Glucose: 96 mg/dL Creatinine: 0.36 mg/dL Alkaline phosphatase: 146 U/L Aspartate aminotransferase (AST): 86 U/L Alanine aminotransferase (ALT): 76 U/L Total bilirubin: 4.6 mg/dL Direct bilirubin: 3.8 mg/dL Which of the following is the most likely diagnosis?

- A: Decreased metabolism of bilirubin
- B: Increased enterohepatic circulation of bilirubin
- C: Obstruction of the extrahepatic biliary tree
- D: Obstruction of the intrahepatic biliary tree",Correct answer is D: Obstruction of the intrahepatic biliary tree.  - 1
"- A newborn boy is evaluated in the hospital nursery 2 hours after birth.
- The patient was born at 39 weeks of gestation to a 30-year-old primigravid via vaginal delivery.
- The patient’s mother received routine prenatal care and the pregnancy was uncomplicated.
- The patient’s anatomy ultrasound at 20 weeks of gestation was unremarkable.
- The patient’s mother denies any family history of genetic diseases.
- The patient’s APGAR scores were notable for poor muscle tone at both 1 and 5 minutes of life.
- The patient’s birth weight is 2.6 kg (5 lb 11 oz), which is at the 5th percentile.
- His height and head circumference are in the 15th and 3rd percentile, respectively.
- His temperature is 97.1°F (36.2°C), blood pressure is 57/42 mmHg, pulse is 140/min, and respirations are 38/min.
- On physical exam, the patient has a wide nasal bridge, down slanting palpebral fissures, and widely spaced eyes.
- He has good respiratory effort with a high-pitched cry.

This patient is most likely to have experienced a deletion on which of the following chromosomes?

- A: 4p
- B: 5p
- C: 7q
- D: 15q","Correct answer is B: 5p.  This patient is most likely to have experienced a deletion on chromosome 5p, which is associated"
"- A 55-year-old male bodybuilder presents to the emergency department with weakness of his right arm.
- The patient states he has experienced these symptoms for a few weeks; however, today his hand felt so weak he dropped his cup of tea.
- The patient has a medical history of diabetes.
- He drinks 2-7 alcoholic drinks per day and has smoked 2 packs of cigarettes per day since he was 25.
- The patient uses anabolic steroids.
- He has lost 17 pounds since he last came to the emergency department 1 month ago.
- His temperature is 99.5°F (37.5°C), blood pressure is 177/108 mmHg, pulse is 90/min, respirations are 17/min, and oxygen saturation is 98% on room air.
- Physical exam reveals decreased sensation in the right arm and 2/5 strength in the right arm and 5/5 strength in in the left arm.
- The patient states that he is experiencing a dull aching and burning pain in his right arm during the exam.
- Symptoms are not changed with changes in head and neck position.

Which of the following is the most likely diagnosis?

- A: Apical lung tumor
- B: Brachial plexopathy
- C: Cerebral infarction
- D: Scalenus anticus syndrome",Correct answer is B: Brachial plexopathy. . . . . . . . .
"- A 57-year-old man presents to the emergency department for shortness of breath.
- He was riding the train home from a business conference when his symptoms began.
- The patient has a medical history of obesity, diabetes, diabetic nephropathy, hypertension, and a 40-pack-year smoking history.
- His current medications include atorvastatin, lisinopril, insulin, metformin, and nicotine gum.
- His temperature is 99.5°F (37.5°C), blood pressure is 130/87 mmHg, pulse is 120/min, respirations are 15/min, and oxygen saturation is 93% on room air.
- An ECG is ordered as seen in Figure A.
- A chest radiograph is ordered as seen in Figure B.
- Laboratory values are ordered as seen below: Serum: Na+: 137 mEq/L Cl-: 105 mEq/L K+: 4.1 mEq/L HCO3-: 24 mEq/L BUN: 22 mg/dL Glucose: 129 mg/dL Creatinine: 1.2 mg/dL Ca2+: 10.1 mg/dL AST: 11 U/L ALT: 12 U/L On physical exam, the patient appears to be in distress.
- His cardiac exam is notable for tachycardia.
- Pulmonary exam reveals bilateral air movement without any wheezes or crackles.
- The patient's right lower extremity appears mildly inflamed, and palpation of the calf elicits pain.

Which of the following is the most appropriate next step in management?

- A: Aspirin
- B: Cardiac troponins
- C: Heparin
- D: Ventilation perfusion scan",Correct answer is C: Heparin.  Correct answer is C: Heparin.  Correct answer is C: Heparin.
"- A 39-year-old man presents to his doctor for a wellness checkup.
- He is concerned about a rash that does not seem to be improving.
- He was recently exposed to his grandfather who has vesicular lesions on his skin and is being treated.
- He has a family history of skin cancer, colon cancer, and ovarian cancer.
- The patient has a medical history of asthma and seasonal allergies.
- His temperature is 98.6°F (37.0°C), blood pressure is 137/98 mmHg, pulse is 90/min, respirations are 14/min, and oxygen saturation is 98% on room air.
- Physical exam reveals the finding in Figure A.

Which of the following describes this patient's most likely diagnosis?

- A: Benign capillary proliferation
- B: Edema of the epidermis
- C: Healthy dermatologic development
- D: Viral infection","Correct answer is D: Viral infection.  **(Note: The image in Figure A is not provided in this text-based format, but"
"- An 84-year-old man presents to the physician with numbness and tingling in the right hand for the last 6 months.
- He reports these symptoms started intermittently in the middle finger after returning from a golfing trip but has progressed to being nearly constant.
- The thenar eminence, thumb, and other digits are spared.
- He reports no other symptoms.
- His medical problems include hypertension, hyperlipidemia, hypothyroidism, and chronic neck pain for which he takes amlodipine, hydrochlorothiazide, atorvastatin, levothyroxine, and duloxetine.
- Surgical history consists of posterior lumbar fusion and elective left total hip arthroplasty.
- He has a 90-pack-year smoking history and quit 10 years ago.
- The patient’s temperature is 99.6°F (37.6°C), blood pressure is 134/80 mmHg, pulse is 90/min, and respirations are 16/min.
- Physical exam reveals 4/5 strength in elbow extension and wrist flexion on the right.
- He has 5/5 strength in the remainder of the motor exam on the right upper extremity and on the left upper extremity.
- The triceps reflex is 1+ on the right compared to 2+ on the left.
- There is no spasticity.
- His neck pain, which radiates down his right arm, is reproduced with axial loading during neck extension with simultaneous rightward rotation and lateral bending.

Which of the following is the most likely diagnosis in this patient?

- A: Amyotrophic lateral sclerosis
- B: Carpal tunnel syndrome
- C: Cervical spondylosis
- D: Syringomyelia","Correct answer is C: Cervical spondylosis.  This patient's symptoms, including numbness and tingling in the right"
"- A 51-year-old man presents for his annual wellness visit with his primary care physician.
- His wife has noticed a tremor while he is working on his car and knows that his father died of Parkinson disease.
- He says that the tremor is nothing to worry about and only occurs during a few activities such as pouring drinks, pointing the remote at the television, or fixing his car.
- The patient states his wife is just overreacting.
- His medical problems include hypertension, diabetes, and hyperlipidemia for which he takes lisinopril, metformin, and atorvastatin.
- He has 3-5 drinks of scotch per night before working on his car.
- On physical exam, the tremor is replicated during finger to nose testing.
- Romberg sign is negative.
- Cranial nerves II-XII are intact.
- The rest of the exam is benign.

Which of the following is the most appropriate treatment for this patient's tremor?

- A: Alcoholics anonymous
- B: Aripiprazole
- C: Phenobarbital
- D: Propranolol",Correct answer is D: Propranolol.  Aripiprazole and phenobarbital are not first-line treatments for essential trem
"- A 70-year-old woman is brought to the emergency department by ambulance.
- She was found on the floor of her apartment after her neighbor called 911.
- She is confused and is unable to provide any history, but complains of generalized pain.
- Her temperature is 99.2°F (37.3°C), blood pressure is 129/64 mmHg, pulse is 63/min, respirations are 13/min, and oxygen saturation is 99% on room air.
- Physical exam reveals, a confused, ill-appearing woman.
- Lungs are clear to auscultation bilaterally.
- An electrocardiogram is obtained as shown in Figure A.
- Dipstick urinalysis is notable for 4+ blood and dark colored urine.

Which of the following is the most appropriate next step in management?

- A: Albuterol and IV fluid resuscitation
- B: Calcium gluconate
- C: IV fluid resuscitation
- D: Sodium polystyrene sulfonate",Correct answer is C: IV fluid resuscitation.  1. 2. 3. 4. 5. 6
"- A 72-year-old man presents to his primary care physician for a general checkup.
- The patient works as a farmer and has no concerns about his health.
- He has a medical history of hypertension and obesity.
- His current medications include lisinopril and metoprolol.
- His temperature is 99.5°F (37.5°C), blood pressure is 177/108 mmHg, pulse is 90/min, respirations are 17/min, and oxygen saturation is 98% on room air.
- Physical exam is notable for a murmur after S2 over the left sternal border.
- The patient demonstrates a stable gait and 5/5 strength in his upper and lower extremities.

Which of the following is another possible finding in this patient?

- A: Audible click heard at the cardiac apex
- B: Femoral artery murmur
- C: Murmur that radiates to the carotids during systole
- D: Wedge pressure lower than expected",Correct answer is B: Femoral artery murmur.  Correct answer is B: Femoral artery murmur.  Correct answer is B:
"- A 15-year-old girl is brought to the clinic because her mother is worried the patient has not yet had her period.
- The patient’s older sister had her first period at age 14.
- The mother had her first period at age 13.
- The patient reports she is doing well in school and is on the varsity basketball team.
- Her medical history is significant for asthma and atopic dermatitis.
- Her medications include albuterol and topical triamcinolone.
- Her temperature is 98°F (36.7°C), blood pressure is 111/72 mmHg, pulse is 65/min, and respirations are 14/min with an oxygen saturation of 99% on room air.
- Her body mass index (BMI) is 19 kg/m^2.
- Physical exam shows absent breast development and external genitalia at Tanner stage 1.
- Serum follicle-stimulating hormone (FSH) level is measured to be 38 mIU/mL.

Which of the following is the most appropriate next diagnostic step?

- A: CYP17 gene work-up
- B: Gonadotrophin-releasing hormone stimulation test
- C: Karotype
- D: Luteinizing hormone levels",Correct answer is C: Karotype.
"- A 37-year-old machinist presents to his primary care physician with eye problems.
- He has felt a mass in his eye that has persisted for the past month.
- The patient has a medical history of blepharitis treated with eye cleansing and squamous cell carcinoma of the skin treated with Mohs surgery.
- His temperature is 99.5°F (37.5°C), blood pressure is 157/102 mmHg, pulse is 90/min, respirations are 17/min, and oxygen saturation is 98% on room air.
- Physical exam is notable for a firm and rubbery nodule palpable inside the patient's left eyelid.
- Physical exam does not elicit any pain.

Which of the following is the most likely diagnosis?

- A: Chalazion
- B: Foreign body
- C: Hordeolum
- D: Meibomian cell carcinoma",Correct answer is A: Chalazion. . . . . . . . . .
"- A 59-year-old man presents to his primary care physician for fatigue.
- In general, he has been in good health; however, he recently has experienced weight loss, abdominal pain, and general fatigue.
- He has a medical history of anxiety, diabetes, a fracture of his foot sustained when he tripped, and a recent cold that caused him to miss work for 1 week.
- His current medications include metformin, insulin, buspirone, vitamin D, calcium, and sodium docusate.
- His temperature is 99.5°F (37.5°C), blood pressure is 150/100 mmHg, pulse is 90/min, respirations are 18/min, and oxygen saturation is 98% on room air.
- Physical exam reveals a calm gentleman.
- A mild systolic murmur is heard in the left upper sternal region.
- The rest of the physical exam is within normal limits.
- Laboratory values are ordered as seen below.

Hemoglobin: 12 g/dL Hematocrit: 36% Leukocyte count: 66,500/mm^3 with normal differential Platelet count: 177,000/mm^3 Leukocyte alkaline phosphatase: elevated Serum: Na+: 139 mEq/L Cl-: 100 mEq/L K+: 4.3 mEq/L BUN: 20 mg/dL Glucose: 120 mg/dL Creatinine: 1.1 mg/dL Ca2+: 10.9 mEq/L AST: 12 U/L ALT: 10 U/L Which of the following is the most likely diagnosis?

- A: Chronic lymphocytic leukemia
- B: Chronic myeloid leukemia
- C: Leukemoid reaction
- D: Multiple myeloma",Correct answer is B: Chronic myeloid leukemia.  Correct answer is C: Leukemoid reaction.  Correct answer is C:
"- A 67-year-old man presents to the emergency room with difficulty speaking for the past 1 hour.
- He was having dinner at home with his wife when he suddenly noticed he had difficulty eating and speaking.
- He also noticed a new-onset weakness on his left side.
- His medical history is significant for type 2 diabetes mellitus, hypertension, and hyperlipidemia.
- His current medications include metformin, atorvastatin, and lisinopril.
- His temperature is 98.6°F (37°C), blood pressure is 130/80 mmHg, pulse is 70/min, and respirations are 15/min.
- On examination, strength is 5/5 in the right upper and lower extremities and 3/5 in the left upper and lower extremities.
- On cranial nerve examination, his tongue deviates to the right side.
- There is also decreased sensation to light touch and vibration on the left side of his body.

Which of the following arteries is most likely involved in this patient’s presentation?

- A: Anterior spinal artery
- B: Lenticulostriate branches of the middle cerebral artery
- C: Pontine perforators of the basilar artery
- D: Posterior inferior cerebellar artery",Correct answer is C: Pontine perforators of the basilar artery.
"- A 15-year-old boy presents to his pediatrician after an appendectomy 1 week ago.
- The patient denies any abdominal pain, fevers, chills, nausea, vomiting, diarrhea, or constipation.
- He eats solids and drinks liquids without difficulty.
- He is back to playing basketball for his school team without any difficulty.
- His urine appears more amber than usual but he suspects dehydration.
- His temperature is 98.6°F (37°C), blood pressure is 110/70 mmHg, pulse is 76/min, and respirations are 15/min.
- His physical exam is unremarkable.
- The laparoscopic incision sites are all clean without erythema.
- The pediatrician orders a urinalysis, which is notable for the following.
- Urine: Epithelial cells: Scant Glucose: Negative Protein: 3+ WBC: 3/hpf Bacteria: None Leukocyte esterase: Negative Nitrites: Negative The patient is told to return in 3 days for a follow-up appointment; however, his urinalysis at that time is similar.

Which of the following is the most appropriate next step in management?

- A: CT scan abdomen and pelvis with contrast
- B: Renal biopsy
- C: Repeat urinalysis
- D: Urine dipstick in the morning and in the afternoon",Correct answer is D: Urine dipstick in the morning and in the afternoon. . .........
"- A 37-year-old man presents to the emergency department for a persistent fever.
- The patient has felt unwell for the past week and has felt subjectively febrile.
- The patient has a medical history of a suicide attempt and alcohol abuse.
- He is not currently taking any medications.
- The patient admits to using heroin and cocaine and drinking 5-8 alcoholic drinks per day.
- His temperature is 103°F (39.4°C), blood pressure is 92/59 mmHg, pulse is 110/min, respirations are 20/min, and oxygen saturation is 96% on room air.
- Cardiopulmonary exam is notable for a systolic murmur heard best along the left sternal border.
- Dermatologic exam reveals scarring in the antecubital fossa.
- IV fluids are administered and the blood pressure is subsequently 120/70 mmHg.

Which of the following is the most appropriate next step in management for the most likely underlying diagnosis?

- A: Blood cultures
- B: CT scan
- C: Ultrasound
- D: Vancomycin and gentamicin",Correct answer is D: Vancomycin and gentamicin.  (Note: This response is based on the assumption that the underlying diagnosis is
"- A 27-year-old man presents to his primary care physician for a checkup.
- He has no health concerns and has not seen a physician in years.
- The patient has a medical history of depression treated with fluoxetine and lithium.
- His temperature is 99.5°F (37.5°C), blood pressure is 122/78 mmHg, pulse is 90/min, respirations are 13/min, and oxygen saturation is 98% on room air.
- Physical exam is notable for the finding in Figure A.

Which of the following represents the most likely risk factor for this patient's presenting condition?

- A: Alcohol consumption
- B: Antibiotic use
- C: Intravenous drug use
- D: Sexual intercourse","Correct answer is C: Intravenous drug use.  Incorrect - the figure is not provided. However, based on the information given, the patient"
"- A 32-year-old man presents to the emergency department for evaluation of headache.
- His symptoms started last night and have persisted.
- He occasionally has migraine headaches, but he has not had a headache like this in the past.
- He reports associated nausea, vomiting, fevers, and neck pain.
- He has a medical history of asthma.
- His temperature is 100.4°F (38.0°C), blood pressure is 110/60 mmHg, pulse is 95/min, respirations are 17/min, and oxygen saturation is 98% on room air.
- On physical exam, he appears uncomfortable.
- Neurologic exam reveals no focal deficits.
- There is pain with passive neck flexion.
- No edema or rashes are noted.
- Lungs are clear to auscultation bilaterally.
- Lumbar puncture is performed and CSF results are obtained as shown below.

Cerebrospinal fluid (CSF): Cell count: 175/mm^3 RBCs: 0/mm^3 Cl-: 119 mEq/L Glucose: 49 mg/dL Pressure: 150 mmH2O Total protein: 55 mg/dL Based on these results, which of the following is the most appropriate treatment regimen for this patient?

- A: Acyclovir
- B: Ceftriaxone and vancomycin
- C: Ceftriaxone, vancomycin and steroids
- D: Supportive care and monitoring","Correct answer is C: Ceftriaxone, vancomycin and steroids.  Please provide your feedback."
"- A 23-year-old woman presents to her psychiatrist concerned about her mood.
- She has felt tired and unwilling to engage in any activities lately.
- She states that her limbs feel heavy all the time and that completing any activity takes tremendous effort.
- She no longer finds any happiness in activities that she previously enjoyed.
- She struggles to sleep and at times can't sleep for several days.
- The patient is started on appropriate first-line therapy and sent home.
- She returns 1 week later stating that her symptoms have not improved.
- She is requesting help as her performance at work and school is suffering.
- Her temperature is 99.5°F (37.5°C), blood pressure is 115/72 mmHg, pulse is 60/min, respirations are 13/min, and oxygen saturation is 98% on room air.

Which of the following is the most appropriate next step in management?

- A: Add lithium to treatment regimen
- B: Change treatment to duloxetine
- C: Change treatment to lithium
- D: Continue current therapy",Correct answer is D: Continue current therapy.  There is not enough information provided to justify a change in treatment. The patient has only been on
"- A 23-year-old man presents to the emergency department for altered mental status after a finishing a marathon.
- He has a medical history of obesity and anxiety and is not currently taking any medications.
- His temperature is 104°F (40°C), blood pressure is 147/88 mmHg, pulse is 200/min, respirations are 33/min, and oxygen saturation is 99% on room air.
- Physical exam reveals dry mucous membranes, hot flushed skin, and inappropriate responses to the physician's questions.
- Laboratory values are ordered as seen below.

Hemoglobin: 15 g/dL Hematocrit: 44% Leukocyte count: 8,500/mm^3 with normal differential Platelet count: 199,000/mm^3 Serum: Na+: 165 mEq/L Cl-: 110 mEq/L K+: 4.0 mEq/L HCO3-: 20 mEq/L BUN: 30 mg/dL Glucose: 133 mg/dL Creatinine: 1.5 mg/dL Ca2+: 10.2 mg/dL AST: 12 U/L ALT: 10 U/L Which of the following is the most appropriate next step in management?

- A: Dextrose solution
- B: Hypotonic saline
- C: Lactated ringer
- D: Normal saline",Correct answer is D: Normal saline. . . . . . . . . . .
"- A 51-year-old man presents to his primary care provider for intermittent shaking of his hands.
- For the last several years he has noticed this ""shaking"" when he brushes his teeth and prepares a cup of coffee in the morning.
- The shaking then gradually improves over the course of the day.
- His medical history is otherwise notable for hypertension and hyperlipidemia.
- His only home medication is pravastatin.
- The patient smokes half a pack per day of cigarettes and drinks 2-3 beers throughout the day.
- His family history is significant for Parkinson disease in his father.
- On physical exam, his temperature is 98.6°F (37.0°C), blood pressure is 159/84, pulse is 74/min, and respirations are 12/min.
- He has a high-frequency bilateral hand tremor elicited on finger-to-nose testing.
- His neurological exam is otherwise unremarkable.

Which of the following medications should this patient be started on?

- A: Alprazolam
- B: Primidone
- C: Propranolol
- D: Topiramate",Correct answer is B: Primidone.  A 51-year-old man presents to his primary care provider for intermittent shaking of his hands.
"- A 29-year-old woman comes to the emergency department complaining of painful genital ulcers that have been present for 4 days as well as low-grade fever and malaise.
- She denies any recent travel, new sexual partners, or antibiotic use.
- Physical examination reveals multiple clustered vesicles and shallow ulcers in the vulvar region.
- A Tzanck smear shows multinucleated giant cells.

Which of the following medications is most appropriate for treating her condition?

- A: Acyclovir
- B: Amoxicillin
- C: Fluconazole
- D: Trimethoprim-sulfamethoxazole",Correct answer is A: Acyclovir.
"- An 8-year-old boy is brought to the emergency department by his parents for evaluation.
- He has had headache and fever for the last 2 days, and this morning he was confused and had difficulty answering questions.
- He also developed a rash this morning.
- He recently returned from summer camp.
- He has no significant medical history and takes no medications.
- His temperature is 104°F (40°C), pulse is 120/min, blood pressure is 105/60 mmHg, and respirations are 22/min.
- On exam, flexion of the neck causes flexion of the hips and knees.
- Fundoscopic exam reveals no papilledema.
- Examination of the patient's rash is shown in Figure A.

Which of the following is the most appropriate next step in management?

- A: Lumbar puncture, ceftriaxone, vancomycin, and methylprednisolone
- B: MRI brain
- C: Vancomycin and ceftriaxone
- D: Vancomycin, ceftriaxone, and dexamethasone",Unable to extract answer
"- A 72-year-old man presents to his primary care physician with weakness.
- He has felt very weak every morning with his symptoms persisting throughout the day.
- He notes minor improvement when he rides his bike but otherwise has not noticed any change in his symptoms with rest or ibuprofen use.
- The patient has lost 12 pounds recently and has had a chronic cough.
- The patient lives alone and drinks 7 alcoholic beverages per day and smokes 1-2 packs of cigarettes per day for the past 40 years.
- His temperature is 99.5°F (37.5°C), blood pressure is 177/108 mmHg, pulse is 93/min, respirations are 17/min, and oxygen saturation is 92% on room air.
- A chest radiograph is ordered as seen in Figure A.

Which of the following diagnostic tests would most likely elucidate the cause of this patient's weakness?

- A: CT scan of the chest
- B: Electromyography
- C: Lung biopsy
- D: Muscle biopsy",Correct answer is D: Muscle biopsy.  Correct answer is D: Muscle biopsy.  Correct answer is D: Muscle biopsy.  Correct answer
"- A 10-year-old girl is admitted to the medical floor for a respiratory infection.
- The patient lives in a foster home and has been admitted many times.
- Since birth, the patient has had repeated episodes of pain/pressure over her frontal sinuses and a chronic cough that produces mucus.
- She was recently treated with amoxicillin for an infection.
- The patient is in the 25th percentile for height and weight which has been constant since birth.
- Her guardians state that the patient has normal bowel movements and has been gaining weight appropriately.
- The patient has a history of tricuspid stenosis.
- She also recently had magnetic resonance imaging (MRI) of her chest which demonstrated dilation of her airways.
- Her temperature is 99.5°F (37.5°C), blood pressure is 90/58 mmHg, pulse is 120/min, respirations are 18/min, and oxygen saturation is 94% on room air.
- Physical exam is notable for bruises along the patient's shins which the guardians state are from playing soccer.
- The rest of the exam is deferred because the patient starts crying.

Which of the following findings is associated with this patient's most likely underlying diagnosis?

- A: Diastolic murmur best heard along the right lower sternal border
- B: Hypocalcemia
- C: Increased chloride in the patient's sweat
- D: Repeat sinus infections secondary to seasonal allergies",Correct answer is C: Increased chloride in the patient's sweat.
