QA_ID_std,14B_sentence_number
Merge Q1,"1,2,3,4,5,6"
Merge Q10,"1,2,3,4,5,6,7,8,9,10,11,12"
Merge Q100,"1,2,3,5,6,7,8,10,11,12"
Merge Q1000,"1,2,3,4,5,6,7,8,9,10"
Merge Q1001,"1,2,3,4,6,7,8,9,10,12,13"
Merge Q1006,"1,2,3,5,6,8,9,10,12"
Merge Q1007,"1,2,4,5,6,9,10,12,13"
Merge Q1008,"1,2,3"
Merge Q101,"1,2,3,4,6,7,8,9,11,12,13,15,16,17,18"
Merge Q1012,"1,2,3,4,6"
Merge Q1017,"1,2,3,4,5,6,7,8,9,10,11,13,14,15"
Merge Q1018,"1,2,3,4,5,6,7,8"
Merge Q1019,"1,2,3,4,5,6,7,8,9,10,11,12,13"
Merge Q102,"1,2,3,4,5,6,7,8,9,10,11,12,13,14,15,16"
Merge Q1020,"1,2,3,4,5,6,7,8,9,10,11,12,13,14,15"
Merge Q1023,"1,2,3,4,5,6,7,8,9,10,11,12,13,15"
Merge Q1025,"1,2,3,4,5,6,7,9,10,11,12,13,15"
Merge Q1027,"1,2,3,4,5,6,7,8,9,10"
Merge Q103,"1,2,3,4,5,6,7,10,11,12,13"
Merge Q1032,"1,2,3,4,5,6,7,8,10"
Merge Q1033,"1,2,3,4,5,6,7,8"
Merge Q1037,"1,2,3,4,5,6,7,8"
Merge Q1039,"1,2,3,4,5,6,7,8,9,10,11"
Merge Q104,"1,2,3,4,6,7,8,9,10,11,12,13,15,16"
Merge Q1040,"1,2,3,4,5,6,7"
Merge Q1041,"1,2,3,4,5,6,7"
Merge Q1042,"1,2,3,4,5,6,7,8,9,10,11"
Merge Q1044,"1,2,3,4,5,6,7,8,9,10,11"
Merge Q1046,"1,2,3,4,5,6,7,8,9,10,11,12,13"
Merge Q1047,"1,2,3,4,5,6,7,8,9,10"
Merge Q1050,"1,2,3,4,5,6,7,8,9,10"
Merge Q1051,"1,2,3,4,5,6"
Merge Q1053,"1,2,3,4,5,6,7,8,9"
Merge Q1054,"1,2,3,4,5,6,7,8,9,10"
Merge Q1055,"1,2,3,4,5,6,7,8,9"
Merge Q1058,"1,2,3,4,5,6,7,8,9"
Merge Q1060,"1,2,3,4,5,6,7,8,9,10"
Merge Q1061,"1,2,3,4"
Merge Q1062,"1,2,3,4,5,6,7,8,9"
Merge Q1063,"1,2,3,4,5,6,7"
Merge Q1065,"1,2,3,4,5,6,7,8,9"
Merge Q1066,"1,2,3,4,5,6,7,8"
Merge Q1067,"1,2,3,4,5,6,7,8,9"
Merge Q1068,"1,2,3,4,5,6,7,8,9,10,11"
Merge Q1069,"1,2,3,4,5,6,7"
Merge Q107,"1,2,3,4,5,6,7,9,10,11,12,13,14,15"
Merge Q1070,"1,2,3,4,5,6,7,8"
Merge Q1072,"1,2,3,4,5,6,7,8,9"
Merge Q1074,"1,2,3,4,5,6,7,8"
Merge Q1076,"1,2,3,4,5,6,7,8,9"
Merge Q1077,"1,2,3,4,5,6,7,8,9"
Merge Q1078,"1,2,3,4,5,6,7,8,9"
Merge Q1079,"1,2,3,4,5,6,7,8,9,10"
Merge Q108,"1,2,3,4,5,6,7,8,9,10"
Merge Q1080,"1,2,3,4,5,6,7"
Merge Q1081,"1,2,3,4,5,6,7,8"
Merge Q1082,"1,2,3,4,5,6"
Merge Q1083,"1,2,3,4,5,6,7,8,9"
Merge Q1085,"1,2,3,4,5,6,7,8"
Merge Q1087,"1,2,3,4,5,6,7,8"
Merge Q1089,"1,2,3,4,5,6,7,8,9,10"
Merge Q109,"1,2,3,4,5,6"
Merge Q1091,"1,2,3,4,5,6,7,8,9,10,11"
Merge Q1092,"1,2,3,4,5,6,7"
Merge Q1093,"1,2,3,4,5"
Merge Q1095,"1,2,3,4,5,6,7,8,9,10,11,12,13,14,15"
Merge Q1096,"1,2,3,4,5,6,7,8,9,10,11"
Merge Q1097,"1,2,3,4,5,7"
Merge Q1098,"1,2,3,4,5,6,7,8,9,10,11"
Merge Q1099,"1,2,3,4,5,6,7,8"
Merge Q11,"1,2,3,4,5,6,7,8,9"
Merge Q110,"1,2,3,4,5,6,7,8,9,11,12,13"
Merge Q1101,"1,2,3,4,5,6,7,8,9,10"
Merge Q1102,"1,2,3,4,5,6,7,8"
Merge Q1103,"1,2,3,4,5,6,7,8,9,10,11,12"
Merge Q1104,"1,2,3,4,5,6,7"
Merge Q1105,"1,2,3,4,5,6,7,8,9,10"
Merge Q1106,"1,2,3,4,5,6,7,8,9,10,11,12"
Merge Q1108,"1,2,3,4,5,6,7,8,9"
Merge Q1109,"1,2,3,4,5,6,7,8"
Merge Q111,"1,2,3,4,5,6,7,8,9,10,11,12"
Merge Q1110,"1,2,3,4,5,6,7,8,9,10"
Merge Q1111,"1,2,3,4,5,6,7,8,9"
Merge Q1113,"1,2,3,4,5,6,7,8"
Merge Q1115,"1,2,3,4,5,6,7,8,9,10,11,12,13,14"
Merge Q1117,"1,2,3,4,5,6,7,8"
Merge Q1118,"1,2,3,4,5,6,7,8,9"
Merge Q112,"1,2,3,4,5,6,7,8,9,10"
Merge Q1120,"1,2,3,4,5,6,7,8,9,10,11"
Merge Q1121,"1,2,3,4,5,6"
Merge Q1122,"1,2,3,4,5,6,7,8,9,10,11"
Merge Q1125,"1,2,3,4,5,6,7,8,9,10,11,12"
Merge Q1128,"1,2,3,4,5,6,7,8,9,10,11,12,13,14,15,16"
Merge Q1129,"1,2,3,4,5,6"
Merge Q1131,"1,2,3,4,5,6,7,8"
Merge Q1132,"1,2,3,4,5,6,7,8,9,10,11"
Merge Q1133,"1,2,3,4,5,6,7,8,9,10"
Merge Q1134,"1,2,3,4,5,6,7,8"
Merge Q1136,"1,2,3,4,5,6,7,8"
Merge Q1137,"1,2,3,4,5,6,7,8,9,10,11"
Merge Q114,"1,2,3,4,5,6,7,8,9,10,11,12"
Merge Q1140,"1,2,3,4,5,6,7,8,9,10,11"
Merge Q1141,"1,2,3,4,5,6,7,8,9,10"
Merge Q1143,"1,2,3,4,5,6"
Merge Q1144,"1,2,3,4,5,6,7,8,10,11"
Merge Q1145,"1,2,3,4,5,6,7,8,9,10,11,12,13,14,15"
Merge Q1147,"1,2,3,4,5,6,7,8,9"
Merge Q1148,"1,2,3,4,5,6,7,8,9,10"
Merge Q1149,"1,2,3,4,5,6,7,8,9,10"
Merge Q1150,"1,2,3,4,5,6,7"
Merge Q1151,"1,2,3,4,5,6,7,8,9,10,11,12,13"
Merge Q1152,"1,2,3,4,5,6,7,8"
Merge Q1153,"1,2,3,4,5,6,7,8,9"
Merge Q1154,"1,2,3,4,5,6,7,8,9"
Merge Q1155,"1,2,3,4,5,6,7,8,9,10,11,12,13"
Merge Q1159,"1,2,3,4,5,6,7"
Merge Q1160,"1,2,3,4,5,6,7,8,9,10"
Merge Q1161,"1,2,3,4,5,6,7,8,9"
Merge Q1162,"1,2,3,4,5,6,7,8,9,10,11"
Merge Q1163,"1,2,3,4,5,6,7,8,9,10,11"
Merge Q1164,"1,2,3,4,5,6,7,8,9,10,11,12"
Merge Q1165,"1,2,3,4,5,6,7,8,9,10"
Merge Q1167,"1,2,3,4,5,6,7,8,9,10,11,12"
Merge Q1169,"1,2,3,4,5,6,7,8"
Merge Q117,"1,2,3,4,5,6,7,8,9,10,11,12"
Merge Q1171,"1,2,3,4,5"
Merge Q1172,"1,2,3,4,5,6,7,8,9,10"
Merge Q1173,"1,2,3,4,5,6,7,8,9,10,11,12"
Merge Q1174,"1,2,3,4,5,6,7,8,9"
Merge Q1175,"1,2,3,4,5,6,7,8,9"
Merge Q1176,"1,2,3,4,5,6,7,8,9,10"
Merge Q1177,"1,2,3,4,5,6,7,8,9"
Merge Q1178,"1,2,3,4,5,6"
Merge Q118,"1,2,3,4,5,6,7,8,9,10,11"
Merge Q1180,"1,2,3,4,5,6,7,8,9,10"
Merge Q1181,"1,2,3,4,5,6,7,8,9,10"
Merge Q1183,"1,2,3,4,5,6,7,8,9,10,11,12,13"
Merge Q1184,"1,2,3,4,5,6,7,8"
Merge Q1185,"1,2,3,4,5,6,7,8,9"
Merge Q1187,"1,2,3,4,5,6,7,8,9,10,11,12,13"
Merge Q119,"1,2,3,4,5,7,8"
Merge Q1190,"1,2,3,4,5,6,7,8,9"
Merge Q1191,"1,2,3,4,5,6,7,8,9,10,11,12"
Merge Q1192,"1,2,3,4,5,6,7,8"
Merge Q1193,"1,2,3,4,5,6,7,8,9,10"
Merge Q1194,"1,2,3,4,5,6,7,8,9,10"
Merge Q1195,"1,2,3,4,5,6,7,8,9,10"
Merge Q1196,"1,2,3,4,5,6,7,8,9,10,11,12,13"
Merge Q1198,"1,2,3,4,5,6,7,8,9,10"
Merge Q1199,"1,2,3,4,5,6,7"
Merge Q12,"1,2,4,5,6,7,8,9"
Merge Q1200,"1,2,3,4,5,6,7,8,9"
Merge Q1201,"1,2,3,4,5,6,7,8,9,10,11"
Merge Q1202,"1,2,3,4,5,6,7,8,9,10,11,12,13"
Merge Q1204,"1,2,3,4,5,6,7,8,9,10,11"
Merge Q1205,"1,2,3,4,5,6,7"
Merge Q1207,"1,2,3,4,5,6,7,8,9"
Merge Q121,"1,2,3,4,6,7,8,9,10,11,13,14,15"
Merge Q1210,"1,2,3,4,5,6,7,8"
Merge Q1213,"1,2,3,4,5,6,7,8,9,10"
Merge Q1214,"1,2,3,4,5,6,7,8,9,10,11,12"
Merge Q1215,"1,2,3,4,5,6,7,8"
Merge Q1216,"1,3,4,5,6,7,8,9,10,11,12"
Merge Q1217,"1,2,3,4,5,6,7,8,9"
Merge Q1218,"1,2,3,4,5,6,7,8,9,10,11"
Merge Q1219,"1,2,3,4,5,6,7,8,9,10,11"
Merge Q1220,"1,2,3,4,5,6,7,8,9,10,11,12"
Merge Q1221,"1,2,3,4,5,6,7,8,9,10,11,12"
Merge Q1222,"1,2,3,4,5,6,7,8,9,10,11,12"
Merge Q1223,"1,2,3,4,5,6,7,8,9,10,11,12"
Merge Q1227,"1,2,3,4,5,6,7,8"
Merge Q1229,"1,2,3,4,5,6,7,8,9,10,11"
Merge Q1230,"1,2,3,4,5,6,7,8,9"
Merge Q1231,"1,2,3,4,5,6,7,8,9,10,11"
Merge Q1233,"1,2,3,4,5,6,7,8,9"
Merge Q1238,"1,2,3,4,5,6,7,8,9"
Merge Q1239,"1,2,3,4,5,6,7,8,9,10,11,12"
Merge Q1240,"1,2,3,4,5,6,7,8,9,10,11,12,13"
Merge Q1241,"1,2,3,4,5,6,7,8,9"
Merge Q1242,"1,2,3,4,5,6,7,8,9,10,11,12"
Merge Q1243,"1,2,3,4,5,6,7,8,9,10,11"
Merge Q1244,"1,2,3,4,5,6"
Merge Q1245,"1,2,3,4,5,6,7,8,9,10,11"
Merge Q1246,"1,2,3,4,5,6,7,8,9,10,11,12"
Merge Q1247,"1,2,3,4,5,6"
Merge Q1252,"1,2,3,4,5"
Merge Q1253,"1,2,3,4,5,6,7,8,9,10,11,12,13"
Merge Q1254,"1,2,3,4,5,6,7,8,9"
Merge Q1256,"1,2,3,4,5,6,7"
Merge Q1257,"1,2,3,4,5,6,7,8"
Merge Q1258,"1,2,3,4,5,6,7,8,9"
Merge Q1259,"1,2,3,4,5,6,7,8,9,10"
Merge Q126,"1,2,3,4,5,6,7,8,9,10,11,12"
Merge Q1260,"1,2,3,4,5,6,7"
Merge Q1261,"1,2,3,4,5,6,7"
Merge Q1262,"1,2,3,4,5,6,7,8,9,10"
Merge Q1263,"1,2,3,4,5,6,7,8"
Merge Q1265,"1,2,3,4,5,6,7,8,9"
Merge Q1266,"1,2,3,4,5,6,7,8"
Merge Q1267,"1,2,3,4,5,6,7,8"
Merge Q1268,"1,2,3,4,5,6"
Merge Q1269,"1,2,3,4,5,6,7,8,9"
Merge Q1270,"1,2,3,4,5,6"
Merge Q1271,"1,2,3,4,5,6,7,8,9,10,11"
Merge Q1273,"1,2,3,4,5,6,7,8,9,10"
Merge Q1274,"1,2,3,4,5,6,7,8,9"
Merge Q1276,"1,2,3,4,5,6,7,8,9"
Merge Q1277,"1,2,3"
Merge Q1279,"1,2,3,4,5,6,7,8"
Merge Q1282,"1,2,3,4,5,6,7,8"
Merge Q1285,"1,2,3,4,5,6,7,8"
Merge Q1286,"1,2,3,4,5,6,7,8,9"
Merge Q1287,"1,2,3,4,5,6,7,8"
Merge Q1288,"1,2,3,4,5,6,7,8"
Merge Q1290,"1,2,3,4,5,6,7,8"
Merge Q1291,"1,2,3,4,5,6,7,8"
Merge Q1292,"1,2,3,4,5,6,7"
Merge Q1293,"1,2,3,4,5,6,7,8"
Merge Q1295,"1,2,3,4,5,6,7,8,9,10"
Merge Q1296,"1,2,3,4,5,6,7,8"
Merge Q1297,"1,2,3,4,5,6,7,8,9,10"
Merge Q1298,"1,2,3,4,5,6,7,8,9,10,11,12"
Merge Q1300,"1,2,3,4,5,6,7,8,9"
Merge Q1301,"1,2,3,4,5,6,7,8,9,10,11,12,13"
Merge Q1303,"1,2,3,4,5,6,7,8"
Merge Q1304,"1,2,3,4,5,6,7,8,9"
Merge Q1306,"1,2,3,4,5,6,7,8,9"
Merge Q1309,"1,2,3,4,5,6,7,8,9,10"
Merge Q1312,"1,2,3,4,5,6,7,8,9,10,11"
Merge Q1314,"1,2,3,4,5,6,7,8,9"
Merge Q1316,"1,2,3,4,5,6,7,8,9,10,11"
Merge Q1317,"1,2,3,4,5,6,7,8,9,10,11,12,13"
Merge Q1318,"1,2,3,4,5"
Merge Q1319,"1,2,3,4,5,6,7,8"
Merge Q132,"1,2,3,4,5,6,8,9,10,11,12,13,14,16,17,19"
Merge Q1321,"1,2,3,4,5,6,7"
Merge Q1322,"1,2,3,4,5,6,7,8,9"
Merge Q1323,"1,2,3,4,5,6,7,8,9,10,11"
Merge Q1324,"1,2,3,4,5,6,7,8"
Merge Q1325,"1,2,3,4,5,6,7,8,9,10"
Merge Q1328,"1,2,3,4,5,6,7,8,9,10,11,12,13"
Merge Q1329,"1,2,3,4,5,6,7,8,9,10,11,12"
Merge Q1330,"1,2,3,4,5,6,7,8,9,10"
Merge Q134,"1,2,3,5,6,7,8"
Merge Q136,"1,2,3"
Merge Q137,"1,3,4,6,7,8,9,10,11,12"
Merge Q138,"1,2,3,4,6,7,8"
Merge Q1395,"1,2,3,4,5,6"
Merge Q140,"1,2,3,4,5,6,7,8"
Merge Q1400,"1,2,3,4"
Merge Q1401,"1,2,3,4,5,7,8,9,10,11,12"
Merge Q1403,"1,2,3,4,5,6,7"
Merge Q1406,"1,2,3,4,5,6"
Merge Q141,"1,2,3,4,5,6,7,8,9,10,11,12,13,14,15,16,17"
Merge Q1416,"1,2,3,4,5"
Merge Q142,"1,2,3,4,5,7,8,10,11,13,14"
Merge Q1428,"1,2,3,4,5,6,7,8,9,10,11,12,13"
Merge Q1431,"1,2,3,4,5,6,7,8,9,10,11,12,13,14"
Merge Q1434,"1,2,3,4,5,6,7,8"
Merge Q1440,"1,2,3,4,5,6,7,8,9"
Merge Q145,"1,2,3,4,5,6,7"
Merge Q1450,"1,2,3,4,5,6,7"
Merge Q1455,"1,2,3,4,5,6"
Merge Q146,"1,2,4,5,6,9,10,12,13"
Merge Q147,"1,2,3,4,5,6,7,8,9,10"
Merge Q1473,"1,2,3,4,5"
Merge Q1474,"1,2,3,4,5,6,7,8,9"
Merge Q148,"1,2,3,4"
Merge Q1480,"1,2,3,4,5,6,7"
Merge Q1482,"1,2,3,4"
Merge Q1486,"1,2,3,4,5,6,7,8,9,10"
Merge Q1489,"1,2,3,4,5,6,7,8"
Merge Q149,"1,2,3,5,7,8,9"
Merge Q150,"1,2,4,5,6,9,10"
Merge Q1500,"1,2,3,4,5,6,7,8"
Merge Q1506,"1,2,3,4,5"
Merge Q151,"1,2,3,5,6,7,8"
Merge Q1510,"1,2,3,4,5,6,7,8"
Merge Q1514,"1,2,3,4,5,6,7,8,10"
Merge Q1517,"1,2,3,4,5,6,7"
Merge Q1518,"1,2,3,4"
Merge Q152,"1,2,3,4,5,6,8,9,10,11,12,13,14,15,16,17,19,20,21"
Merge Q1521,"1,2,3,4,5,6,7,8"
Merge Q1526,"1,2,3,4"
Merge Q1527,"1,2,3"
Merge Q153,"1,2,3,4,6,7,8,9,10,11,12,14,15,16"
Merge Q154,"1,2,3,4,5,6,7,8"
Merge Q1543,"1,2,3,4,5,6"
Merge Q1550,"1,2,3,4,5,6"
Merge Q1554,"1,2,3,4,5,6,7,8,9"
Merge Q1555,"1,2,3,4,5"
Merge Q1557,"1,2,3,4"
Merge Q156,"1,2,3,4,5,6,7,8,9,10"
Merge Q1565,"1,2,3,4,5,6,7"
Merge Q1569,"1,2,3,4,5,6"
Merge Q1577,"1,2,3,4,5,6,8"
Merge Q1581,"1,2,3,4,5,6,7"
Merge Q1587,"1,2,3,4,5,6"
Merge Q159,"1,2,4,5,6,7,8,10"
Merge Q1590,"1,2,3,4,5,6,7,8"
Merge Q1595,"1,3"
Merge Q16,"1,2,3,4,5,6,7,8,9,11"
Merge Q1607,"1,2,3,4"
Merge Q1608,"1,2,3,4,5,6,7,8,9,10"
Merge Q1621,"1,2,3,4,5,6"
Merge Q1623,"1,2,3,4,5,6"
Merge Q1624,"1,2,3,4,5,6,7,8,10,11"
Merge Q163,"1,2,3,4,5,6,7,9,10,11,13"
Merge Q164,"1,2,3,4,5,6,7,8,9,10,11"
Merge Q1640,"1,2,3,4,5,6,7"
Merge Q1645,"1,2,3,4,5"
Merge Q1647,"1,2,3,4,5,6,7,9,10"
Merge Q1648,"1,2,3,4,5"
Merge Q165,"1,2,3,4,5,6,7,8,9"
Merge Q1651,"1,2,3,4,5,6,7"
Merge Q1656,"1,2,3,4"
Merge Q166,"1,2,3,4,5,6,7,8,9,10,11,12,13"
Merge Q1669,"1,2,3"
Merge Q1671,"1,3,4,5,6,7,8"
Merge Q1678,"1,2,3"
Merge Q1684,"1,2,3,4"
Merge Q169,"1,2,3,5,6,7,8,10,11,12,13,15,16,17,18,20"
Merge Q1690,"1,2,3,4,5,6,7"
Merge Q1692,"1,2,3,4,5,6,7,8"
Merge Q17,"1,2,3,4,5,6,7,8,9"
Merge Q170,"1,2,3,4,5,6,7,8,10,11,12"
Merge Q1702,"1,2,3,4,5"
Merge Q1703,"1,2,3,4,5,6,7,8"
Merge Q1705,"1,2,3,4,5"
Merge Q1706,"1,2,3,5,6,7"
Merge Q172,"1,2,3,4,5,6,7,8,9,10"
Merge Q1721,"1,2,3,4,5,6,7,8"
Merge Q1728,"1,2,3,4,5,6,7,8"
Merge Q173,"1,2,3,4,6,7,8,9,10,11,12"
Merge Q1731,"1,2,3,4,5,6"
Merge Q174,"1,2,3,4,5,6,7,8,10,11,12,13,14,15,16,17"
Merge Q1743,"1,2,3,4,5"
Merge Q1747,"1,2,3,4,5,6,7,8"
Merge Q1749,"1,2,3,4"
Merge Q175,"1,2,3,4,5,6,7,9,10,12,13,14,15,16,17,18"
Merge Q1750,"1,2,3,5,6,7"
Merge Q1757,"1,2,3,4,5"
Merge Q1758,"1,2,3,4,5,6,7"
Merge Q176,"1,2,3,4,6,7,8,9"
Merge Q1765,"1,2,3,4,5,6,7,8"
Merge Q178,"1,2,3,4,5,7,10,12"
Merge Q1781,"1,2,3,4,5,6"
Merge Q1782,"1,2,3,4,5,6,7"
Merge Q179,"1,2,3,4,5,6,9,10"
Merge Q1796,"1,2,3,4"
Merge Q18,"1,2,3,4,5,6,7,8"
Merge Q180,"1,2,3,4,5,6,7,8,9,10,11"
Merge Q1804,"1,2,3,4,5,6,7,8,9"
Merge Q181,"1,2,3,4,5,6,7,8,9,10"
Merge Q182,"1,2,3,4,6,7,8,9,10,11,12,14,15"
Merge Q1828,"1,2,3,4,5,6,7,8"
Merge Q1848,"1,2,3,4,5,6,7,8"
Merge Q1851,"1,2,3,4,5,6,7"
Merge Q1854,"1,2,3,4,5,6,7"
Merge Q1858,"1,2,3,4,5,6,7,8,9"
Merge Q1860,"1,2,3,4,5"
Merge Q1868,"1,2,3,4,5,6,7"
Merge Q1871,"1,2,3,4,5,6,7,8,9"
Merge Q1877,"1,2,3,4,5,6,7,8"
Merge Q1888,"1,2,3,4,5,6,7"
Merge Q189,"1,2,3,4,5,6,7,8"
Merge Q1905,"1,2,3,4,5,6,7,8"
Merge Q191,"1,2,3,4,6,7,8,9,10,11,12,13,14,15"
Merge Q1914,"1,2,3,4,5,6,7"
Merge Q1925,"1,2,3,4,5"
Merge Q1928,"1,2,3,4,5,6,7,8,9"
Merge Q193,"1,2,3,4,5,7,8,9,10,12,13,15,16,17,18,19,20,21"
Merge Q1937,"1,2,3,4,5,6,7"
Merge Q1938,"1,2,3,4,5"
Merge Q194,"1,2,3,4,5,6,7,8,9,10"
Merge Q1940,"1,2,3,4,5,6,7"
Merge Q1942,"1,2,3,4,5,6,7,8,9"
Merge Q1949,"1,2,3,4,5,6,7,8"
Merge Q195,"1,2,3,4,5,7,8"
Merge Q1952,"1,2,3,4,5"
Merge Q1961,"1,2,3,4"
Merge Q1962,"1,2,3,4,5,6,7,8,9"
Merge Q197,"1,2,3,4,5,6,7,8"
Merge Q1974,"1,2,3,4,5"
Merge Q1982,"1,2,3,4"
Merge Q199,"1,2,3,4,5,6,7,8,9,10,11,12"
Merge Q20,"1,2,3,4,5,6,8,10,11,12,13,14"
Merge Q200,"1,2,3,4,5,6,8"
Merge Q2002,"1,2,3,4,5,6"
Merge Q2006,"1,2,3,4"
Merge Q2009,"1,2,3,4"
Merge Q2027,"1,2,3"
Merge Q2028,"1,2,3,4,5"
Merge Q2031,"1,2,3,4"
Merge Q2034,"1,2,3,4,5,6,7"
Merge Q2036,"1,2,3,4,5,6"
Merge Q204,"1,2,3,4,5,6,7,8,9"
Merge Q205,"1,2,3,4,5,6,7,8,9,10,11,12,13,14,15,16"
Merge Q2050,"1,2,3,4,5"
Merge Q2053,"1,2,3,4"
Merge Q2067,"1,2,3,4"
Merge Q2072,"1,2,3,4"
Merge Q2077,"1,2,3"
Merge Q208,"1,2,3,4,5,6,7,8,9,10,11,12,13,14,15,16,17"
Merge Q2083,"1,2,3,4,5,6,7"
Merge Q2085,"1,2,3,4,5,6"
Merge Q2088,"1,2,3,4,5"
Merge Q2099,"1,2,3,4,5,6,7"
Merge Q210,"1,2,3,4,5,6,7,8,9"
Merge Q211,"1,2,3,4,5,6,7,9,10,11,12,14,15"
Merge Q2114,"1,2,3,4,5,6,7,8"
Merge Q2115,"1,2,3,4,5,6,7,8"
Merge Q2116,"1,2,3,4,5"
Merge Q2119,"1,2,3,4"
Merge Q212,"1,2,3,4,6,8,9,10,11,12,13,15"
Merge Q2120,"1,2,3,4,5"
Merge Q2122,"1,2,3,4"
Merge Q213,"1,2,3,4,5,6,7,8,9,10,11,12"
Merge Q2132,"1,2,3,4,5,6,7,8,9,10,11"
Merge Q214,"1,2,3,4,5,6,7,8,9,10,11,13,14"
Merge Q2143,"1,2,3,4,5,6"
Merge Q216,"1,2,3,5,6,7,8,9,10,11,13,14,15"
Merge Q2177,"1,2,3,4"
Merge Q219,"1,2,3,4,5,6,7,8,9,10,11,12,13,14,15"
Merge Q2193,"1,2,3,4,5,6,7,8"
Merge Q2197,"1,2,3,4,5"
Merge Q2200,"1,2,3,4,5"
Merge Q2202,"1,2,3,4,5"
Merge Q221,"1,2,3,4,5,6,8,9,10,11,12,13,14,15,17,18"
Merge Q2222,"1,2,3,4,5"
Merge Q223,"1,2,3,4,5,6,7"
Merge Q2231,"1,2,3,4,5,6,7,8"
Merge Q2235,"1,2,3,4,5,6,7"
Merge Q2237,"1,2,3,4,5"
Merge Q224,"1,2,4,5,6,7,8,11,13,14,15,16"
Merge Q2241,"1,2,3,4,5,6,7"
Merge Q2242,"1,2,3"
Merge Q2246,"1,2,3,4,5,6"
Merge Q2255,"1,2,3,4,5,6,7,8"
Merge Q2256,"1,2,3,4,5"
Merge Q226,"1,3,5,6,7,9,10,11,12,13,14,15,16,17,18"
Merge Q2261,"1,2,3,4,5,6,7"
Merge Q2265,"1,2,3,4,5"
Merge Q227,"1,2,3,4,5,6,7,8"
Merge Q2273,"1,2,3"
Merge Q2281,"1,2,3,4,5,6,7"
Merge Q2282,"1,2,3,4,5,6,7"
Merge Q229,"1,3,4,5,6,7,8,9,10,11"
Merge Q23,"1,2,3,4,5,6,7,9,10"
Merge Q230,"1,2,3,4,6,7,8,9,11,14"
Merge Q2311,"1,2,3,4"
Merge Q2319,"1,2,3,4"
Merge Q232,"1,2,3,4,5,7,8,9,10,11,12,13,14,15,16,18,19"
Merge Q2324,"1,2,3,4,5,6,7,8,9,10"
Merge Q2329,"1,2,3,4,5,6,7,8,9,10"
Merge Q2336,"1,2,3"
Merge Q2338,"1,2,3,4,5,6,7"
Merge Q235,"1,2,3,4,5,6,7,8,9,10,11"
Merge Q236,"1,2,3,4,5,6,7,8,9,11"
Merge Q2361,"1,2,3,4,5,6"
Merge Q2366,"1,2,3,4,5,6,7,8,9,10,11,12"
Merge Q2367,"1,2,3,4,5"
Merge Q2369,"1,2,3,4,5,6,7,8,9,10,11"
Merge Q237,"1,2,3,4,5,6,7,8,10"
Merge Q2370,"1,2,3,4,5,6,7,8,9"
Merge Q2376,"1,2,3,4,5,6,7,8"
Merge Q238,"1,2,3,4,5,7,8,9,10,11,12,13,15"
Merge Q2383,"1,2,3,4,5"
Merge Q2384,"1,2,3,4,5,6,7,8,10"
Merge Q239,"1,2,3,4,5,6,9,10"
Merge Q2397,"1,2,3,4,5,6"
Merge Q24,"1,2,3,4,6,7,8,9,10,11,12,13,15,16,17,18"
Merge Q240,"1,2,3,4,5,7,8,9,10,11,13,14"
Merge Q2402,"1,2,3,4,5,6,7"
Merge Q2405,"1,2,3,4,5,6,7"
Merge Q2408,"1,2,3,4,5,6,7,8,9,10,11,12,13"
Merge Q2409,"1,2,3,4,5,6"
Merge Q2413,"1,2,3,4,5,6,7,8,9,10,11,12"
Merge Q2414,"1,2,3,4,5,6,7"
Merge Q2435,"1,2,3,4,6,7"
Merge Q2437,"1,2,3,4,5"
Merge Q2438,"1,2,3,4,5,6,7,8"
Merge Q245,"1,2,3,4,5,6,7,8,9,10,11"
Merge Q2450,"1,2,3,4,5"
Merge Q2456,"1,2,3,4,5,6,7,8"
Merge Q246,"1,2,3,4,5,6,8,9,10,11,13,14,15,16"
Merge Q2473,"1,2,3,4,5,6"
Merge Q2481,"1,2,3,4,5,6,7"
Merge Q249,"1,2,3,4,5,6,7,8"
Merge Q2490,"1,2,3,4,5,6,7,8,9,10"
Merge Q2494,"1,2,3,4,5"
Merge Q2495,"1,2,3,4,5,6,7"
Merge Q2497,"1,2,3,4"
Merge Q251,"1,2,3,4,5,7,8,9,10,11"
Merge Q2511,"1,2,3,4,5,6"
Merge Q2517,"1,2,3,4,5,6,7"
Merge Q2533,"1,2,3,4,5,6,7,8,9,10"
Merge Q2536,"1,2,3,4,5,6,7,8,9,10,11"
Merge Q2539,"1,2,3,4,5,6,7,8,9,10,11,12,13,14,15,16,17"
Merge Q254,"1,2,3,4,5,6,7,8,9,10,11,12"
Merge Q2542,"1,2,3,4"
Merge Q2550,"1,2,3,4,5"
Merge Q256,"1,2,3,4,5,6,7,9,10,11,13,14"
Merge Q2568,"1,2,3,4,5,6"
Merge Q2569,"1,2,3,4,5,6,7,8"
Merge Q258,"1,2,3,5,6,7,8,11,12,14,15"
Merge Q2582,"1,2,3,4,5,6"
Merge Q2589,"1,2,3,4,5"
Merge Q2593,"1,2,3,4,5,6,7,8,9,10"
Merge Q2594,"1,2,3,4,5,6"
Merge Q2595,"1,2,3,4,5,6,7"
Merge Q26,"1,2,3,4,6,7,9,10,11,12,13"
Merge Q2608,"1,2,3,4,5"
Merge Q2609,"1,2,3,4,5,6"
Merge Q261,"1,2,3,4,5,6,7,8,9,11,12,13,14,15,16,17"
Merge Q2614,"1,2,3,4,5,6"
Merge Q2621,"1,2,3,4,5"
Merge Q2622,"1,2,3,4,5"
Merge Q2630,"1,2,3,4,6,7,8"
Merge Q2636,"1,2,3,4"
Merge Q2639,"1,2,3,4,5,6"
Merge Q264,"1,2,3,4,6,7,8,9"
Merge Q2643,"1,2,3,4,5,6,7,8,9"
Merge Q265,"1,2,3,4,5,6,7,8,9,10,11,12,13,14"
Merge Q2652,"1,2,3,4,5,6"
Merge Q2653,"1,2,3,4,5"
Merge Q266,"1,2,3,4,5,6,7,8,9,10,11,12,13,14,15"
Merge Q267,"1,2,3,4,5,6,7,9,10,11"
Merge Q2670,"1,2,3,4,5,6"
Merge Q2672,"1,2,3,4"
Merge Q2673,"1,2,3,4"
Merge Q2678,"1,2,3"
Merge Q269,"1,2,3,4,5,6,8,9,10,11,12,13"
Merge Q27,"1,2,3,4,7,8"
Merge Q2705,"1,2,3,4,5,6,7,8"
Merge Q2710,"1,2,3,4,6,7,8"
Merge Q2711,"1,2,4,5"
Merge Q272,"1,2,3,4,6,7,8,9,11,12"
Merge Q2724,"1,2,3,4,5,6,7"
Merge Q2725,"1,2,3,4,5,6"
Merge Q273,"1,2,3,4,5,6,7,8,9,10,11,13,14,15,16"
Merge Q2742,"1,2,3,4,5,6,7,8,9"
Merge Q275,"1,2,3,4,5,7,8,9,10,11"
Merge Q276,"1,2,3,4,5,6,7,8"
Merge Q2772,"1,2,3,4"
Merge Q278,"1,2,4,5,6,7,8,10,11,12"
Merge Q2780,"1,2,3,4,5,6,7,8,9,10,11,12,13,14"
Merge Q2787,"1,2,3,4,5"
Merge Q279,"1,2,3,4,5,6,7,8,11"
Merge Q2796,"1,2,3,4,5,6"
Merge Q281,"1,2,3,5,6,7,8,9,10,11,13"
Merge Q2813,"1,2,3,4,5"
Merge Q2814,"1,2,3,4,5,6,7,8"
Merge Q2820,"1,2,3,4,5,6,7,8"
Merge Q2831,"1,2,3,4,5,6,7,8,9,10,11,12"
Merge Q2834,"1,2,3,4,5,6"
Merge Q2836,"1,2,3,4,5,6,7"
Merge Q2838,"1,2,3,5"
Merge Q284,"1,2,3,4,6,7,8,9,10,12,14,16"
Merge Q285,"1,2,3,4,5,6,8,9,10"
Merge Q2855,"1,2,3,4,5,6,7,8"
Merge Q286,"1,2,3,4,5,6,8,9,10,11"
Merge Q287,"1,2,3,4,5,6,7,8,10,11"
Merge Q2870,"1,2,3,4,5,6,7,8"
Merge Q288,"1,2,3,4,5,6,7,8,9,10"
Merge Q2880,"1,2,3,4,5,6"
Merge Q2896,"1,2,3,4,5,6"
Merge Q2898,"1,2,3,4,5,6,7,8,9"
Merge Q29,"1,2,3,5,6,7,8,9,10,11,13,14,15"
Merge Q290,"1,2,3,4,5,6,7,8,9,10"
Merge Q291,"1,2,3,4,6,7,8,9,10,12,13,14,15,17,18,19,20,21"
Merge Q292,"1,2,3,4,5,6,7,8,9,10,11,12,13,14"
Merge Q2921,"1,2,3,4,5"
Merge Q293,"1,2,3,4,5,6,7,9,10,11,12,13,16,17,18,19,20,21"
Merge Q2936,"1,2,3,4,5,6"
Merge Q295,"1,2,4,6,7,8,10,11,12,13,14,15,16,18,19"
Merge Q2958,"1,2,3,4"
Merge Q2962,"1,2,3,4,5,6,7,8"
Merge Q297,"1,2,3,4,5,6,7,8"
Merge Q2973,"1,2,3,4,5,6,7,8,9"
Merge Q298,"1,2,3,4,5,6,7"
Merge Q2984,"1,2,3,4,5,6,7,8,9"
Merge Q2988,"1,2,3,4,5,6,7,8,9,10,11"
Merge Q2997,"1,2,3,4,5,6,7"
Merge Q2998,"1,2,3,4"
Merge Q3,"1,2,3,4,5,6,7,8,9,10,11,12,13,14,15,16,17"
Merge Q30,"1,2,3,4,5"
Merge Q300,"1,2,3,4,5,6,7,8,9,10,11,12,13,14,15,16,17,18,19,20,21"
Merge Q3000,"1,2,3,4,5,6,7,8,9,10,11"
Merge Q3001,"1,2,3,4"
Merge Q3002,"1,2,3,4,5,6,7,8,9,10"
Merge Q3003,"1,2,3,4,5,6,7,8,9,10,11,12,14,15"
Merge Q3009,"1,2,3,4,5,6,7,8,9"
Merge Q301,"1,2,3,4,5,6,7,8,9,11,12,13"
Merge Q3014,"1,2,3,4,5,6,7,8,9,10,11,12,13,14"
Merge Q3015,"1,2,3,4,5,6,7"
Merge Q3016,"1,2,3,4"
Merge Q3019,"1,2,3,4,5,6,7"
Merge Q302,"1,2,3,4,5,6,7,8,9,10,11,13,14,15"
Merge Q3020,"1,2,3,4,5"
Merge Q3026,"1,2,3,4,5,6,7,8"
Merge Q303,"1,2,3,4,5,6,7,8,9,10,11,13,14"
Merge Q3033,"1,2,3,4,5"
Merge Q3036,"1,2,3,4,5,6,7,8"
Merge Q304,"1,2,3,4,5,6,7,8,10,11,12,13,15"
Merge Q3048,"1,2,3,4,5,6,7,8,9"
Merge Q3058,"1,2,3,4,5,6"
Merge Q306,"1,2,3,4,5,6,7,8,9,10,11,13"
Merge Q3068,"1,2,3,4,5,6,7,8,9,10,11"
Merge Q307,"1,2,3,4,5,7,8,9,10,12,13,14"
Merge Q3070,"1,2,3,4,5,7,8"
Merge Q308,"1,2,3,5,6,7,9,10"
Merge Q310,"1,2,3,4"
Merge Q3105,"1,2,3,4,5,6,7,8"
Merge Q311,"1,2,3,4,5,6,7,8,9,10,11,12,13,14,15"
Merge Q3111,"1,2,3"
Merge Q3118,"1,2,3,4,5,6"
Merge Q312,"1,2,3,4,6,7,8,9,10,11,13,14,15"
Merge Q313,"1,2,3,4,5,6,7,8,9,10,11,12,13"
Merge Q3134,"1,2,3,4,5,6,7"
Merge Q3136,"1,2,3,4,5"
Merge Q3147,"1,2,3,4,5"
Merge Q315,"1,2,3,4,5,6,7,8,9,10,11,12"
Merge Q3154,"1,2,3,4,5,6,7"
Merge Q3156,"1,2,3,4,5,6"
Merge Q3165,"1,2,3,4,5,6"
Merge Q317,"1,2,3,4,5,7,8,9,10,11,12,14,15,16,18,19,20,21"
Merge Q3179,"1,2,3"
Merge Q3184,"1,2,3,4"
Merge Q319,"1,2,3,4,5,6,7,8,9,10,11"
Merge Q3192,"1,2,3,4,5,6,7"
Merge Q3196,"1,2,3,4,5,6,7,8,9"
Merge Q32,"1,2,3,4,5,6,8,10,11"
Merge Q320,"1,2,3,4,5,6,7,8,9,10,11,12,13,14,15,16,17"
Merge Q3202,"1,2,3,4,5,6,7,8"
Merge Q321,"1,2,3,4,5,6,7,8,9,10,11"
Merge Q3211,"1,2,3"
Merge Q322,"1,2,3,4,5,6,7,8,9,10,11"
Merge Q3223,"1,2,3,4"
Merge Q3228,"1,2,3,4"
Merge Q323,"1,2,3,4,5,6,7,9,10,11,13,15"
Merge Q324,"1,2,3,4,5,6,7,8,9,10,11"
Merge Q3246,"1,2,3,4,5,6"
Merge Q3249,"1,2,3,4,5,6,7,8"
Merge Q325,"1,2,3,4,5,6,7,8,10"
Merge Q3253,"1,2,3,4"
Merge Q3262,"1,2,3,4,5"
Merge Q3272,"1,2,3,4,5"
Merge Q3278,"1,2,3,4,5"
Merge Q328,"1,2,3,4,5,6,7"
Merge Q3284,"1,2,3,4,5,6,7,9"
Merge Q3285,"1,2,3,4,5,6,7,8,9,10"
Merge Q3289,"1,2,3,4,5,7,8"
Merge Q3295,"1,2,3,4,5,6"
Merge Q3296,"1,2,3,4,5,6,7,8,9"
Merge Q3297,"1,2,3,4,5,6,7"
Merge Q330,"1,2,3,4,5,6,7,8,9,10"
Merge Q3305,"1,2,3,4,5,6,7"
Merge Q3310,"1,2,3,4,5"
Merge Q3316,"1,2,3,4,5,6,7"
Merge Q3326,"1,2,3,4"
Merge Q333,"1,2,4,5,6,8,9,10,11"
Merge Q3333,"1,2,3,4,5,6"
Merge Q3342,"1,2,3,4,5,6,7,8,9,10,11"
Merge Q335,"1,2,3,5,6,7,8,9,10"
Merge Q3350,"1,2,3,5"
Merge Q3351,"1,2,3,4,5,6"
Merge Q3356,"1,2,3,4"
Merge Q3359,"1,2,3,4,5,6,7"
Merge Q336,"1,2,3,4,5,6,8,9,10,11,12,13,14,15"
Merge Q3369,"1,2,3,4,5,6"
Merge Q337,"1,2,3,5,6"
Merge Q3370,"1,2,3,4,5,6"
Merge Q3375,"1,2,3,4,5,6,7"
Merge Q3377,"1,2,3,4"
Merge Q3387,"1,2,3,4,5,6,7"
Merge Q339,"1,2,3,4,5,6,7,8,9,10"
Merge Q3394,"1,2,3,4,5,6,7,8,9"
Merge Q34,"1,2,3,4,5,6,7,8,9,10,11,12,13,14,15,16"
Merge Q3401,"1,2,3,4,5,6,7,8,9"
Merge Q3404,"1,2,3,4,5,6,7"
Merge Q341,"1,2,3,4,5,6,7,8"
Merge Q3413,"1,2,3,4,5,6,7,8"
Merge Q3415,"1,2,3,4,5,6,7,8,9"
Merge Q3416,"1,2,3,4,5,6"
Merge Q3417,"1,2,3,4,5,6,7,8"
Merge Q342,"1,2,3,4,5,6,7,8,9"
Merge Q3420,"1,2,3,5,6,7"
Merge Q3427,"1,2,3,4,5,6"
Merge Q343,"1,2,3,4,5,6,7,8,9,10,11,12,13,14,15,16,17"
Merge Q3430,"1,2,3,4,5,6,7"
Merge Q3440,"1,2,3,4,5"
Merge Q3442,"1,2,3,4,5,6,7,8"
Merge Q345,"1,2,3,5,6,7,8,9,10,11,12,14"
Merge Q3453,"1,2,3,4,5"
Merge Q3455,"1,2,3,4,5,6"
Merge Q3461,"1,2,3,4,5,6,7"
Merge Q3462,"1,2,3,4,5,6,7,8"
Merge Q3466,"1,2,3,4,5,6,7,8,9,10,11"
Merge Q3467,"1,2,3,4,5,6,7"
Merge Q347,"1,2,3,4,5,6"
Merge Q3478,"1,2,3,4,5,6,7,8"
Merge Q3486,"1,2,3,4"
Merge Q350,"1,2,3,4,5,7,8,9"
Merge Q3506,"1,2,3,4,5,6,7"
Merge Q3509,"1,2,3,4,5,6,7,8"
Merge Q352,"1,2,3,4,5,7,8,9,10,12,13,14"
Merge Q3520,"1,2,3,4,5,6,7"
Merge Q3522,"1,2,3"
Merge Q353,"1,2,3,4,5,6,7,8,9"
Merge Q354,"1,2,3,4,5,6,8,9,10,11,12,13,14,15,17,18,19,21"
Merge Q355,"1,2,3,4,5,6,7,8,9,10,11,12,13,14,15"
Merge Q356,"1,3,4,6,7,8"
Merge Q357,"1,2,3,4,6,7,8,9,11,12"
Merge Q360,"1,2,3,4,5,6,7,8,10,11,12,13,14,15,17,18,20,21"
Merge Q361,"1,2,3,4,5,6,7,8"
Merge Q362,"1,2,3,4,5,7,8,9,10,12,13,15"
Merge Q364,"1,2,4,5,6,7,8,9,10,11,12,14"
Merge Q365,"1,2,3,4,6,7,8,10,11,12"
Merge Q366,"1,2,3,4,5,6,7,9"
Merge Q369,"1,2,3,5,6,7,8,9,10,11,12,13"
Merge Q371,"1,2,3,4,5,6,7"
Merge Q373,"1,2,3,4,5,6,7,8"
Merge Q375,"1,2,3,4,5,6,8,9,10"
Merge Q376,"1,2,3,4,5,6,7,8,9,10,11"
Merge Q3783,"1,2,3,4,5,6,7,8,9,10"
Merge Q3784,"1,2,3,4,5"
Merge Q3785,"1,2,3,4,5"
Merge Q3786,"1,2,3,4,5,6,7,8,9,10,11"
Merge Q3787,"1,2,3,4,5,6,7,8,9"
Merge Q3789,"1,2,3,4,5,6,7,8,9,10"
Merge Q3791,"1,2,3,4,5"
Merge Q3792,"1,2,3,4"
Merge Q3793,"1,2,3,4,5"
Merge Q3795,"1,2,3,4,5,6,7"
Merge Q3797,"1,2,3,4,5"
Merge Q38,"1,2,3,4,5,6,7,8,9,10,11,12,13"
Merge Q3800,"1,2,3"
Merge Q3801,"1,2,3,4,5,6,7,8,9,10,11,12,13,14,15,16"
Merge Q3803,"1,2,3,4,5,6,7,8,9,10,11,12,13,14"
Merge Q3804,"1,2,3,4,5,6,7,8,9,10,11,12"
Merge Q3806,"1,2,3,4,5,6,7,8,9,10,11"
Merge Q3807,"1,2,3,4,5,6"
Merge Q3808,"1,2,3,4,5,6,7,8,9,10,11,12"
Merge Q381,"1,2,3,4,6,7,8,9,10,11,12,13,14,16"
Merge Q3810,"1,2,3,4,5"
Merge Q3811,"1,2,3,4,5,6,7"
Merge Q3812,"1,2,3"
Merge Q3813,"1,2,3,4,5,6,7"
Merge Q3815,"1,2,3,4"
Merge Q3816,"1,2,3,4,5,6,7,8,9"
Merge Q3817,"1,2,3,4,5,6,7,8,9,10,11,12,13,14,15"
Merge Q3818,"1,2,3,4,5,6,7,8,9,10,11,12,13"
Merge Q3819,"1,2,3,4,5,6,7,8"
Merge Q382,"1,2,3,4,5,6,7,9,10,11"
Merge Q3820,"1,2,3,4,5,6,7,8,9,10"
Merge Q3821,"1,2,3,4,5"
Merge Q3823,"1,2,3,4,5,6,7,8,9"
Merge Q3826,"1,2,3,4,5,6,7,8,9,10,11"
Merge Q3827,"1,2,3,4"
Merge Q3828,"1,2,3,4,5,6,7"
Merge Q3829,"1,2,3,4"
Merge Q383,"1,2,3,4,6,7,8,9"
Merge Q3831,"1,2,3,4,5,6,7"
Merge Q3833,"1,2,3,4,5,6,7,9,10"
Merge Q3835,"1,2,3,4,5"
Merge Q3838,"1,2,3,4,5,6,7"
Merge Q3839,"1,2,3,4,5"
Merge Q384,"1,2,3,4,5,6,7,8,9,10,11"
Merge Q3840,"1,2,3,4,5,6,7"
Merge Q3841,"1,2,3,4,5,6,7,8"
Merge Q3843,"1,2,3,4,5,6,7,8,9"
Merge Q3845,"1,2,3,4,5,6,7,8"
Merge Q3848,"1,2,3,4,5,6,7,8,9"
Merge Q3849,"1,2,3,4,5,6,7,8,9,10,11,12"
Merge Q3850,"1,2,3,4,5,6"
Merge Q3853,"1,2,3,4,5,6,7,8,9,10"
Merge Q3854,"1,2,3,4,5,6"
Merge Q3858,"1,2,3,4"
Merge Q3860,"1,2,3"
Merge Q3861,"1,2,3"
Merge Q3862,"1,2,3,4"
Merge Q3864,"1,2,3"
Merge Q3866,"1,2,3,4,5,6,7"
Merge Q3867,"1,2,3"
Merge Q3869,"1,2,3,4,5"
Merge Q3870,"1,2,3,4"
Merge Q3871,"1,2,3,4,5"
Merge Q3872,"1,2,3,4,5"
Merge Q3873,"1,2,3,4,5,6,7,8,9,10,11"
Merge Q3874,"1,2,3,4"
Merge Q3875,"1,2,3,4,5,6,7,8,9"
Merge Q3876,"1,2,3,4,5,6,7,8"
Merge Q3877,"1,2,3,4,5,6,7,8,9,10,11"
Merge Q3878,"1,2,3,4,5,6,7"
Merge Q3879,"1,2,3,4,5,6,7,8,9"
Merge Q3882,"1,2,3,4,5,6,7"
Merge Q3883,"1,2,3,4,5,6,7,8"
Merge Q3884,"1,2,3,4"
Merge Q3885,"1,2,3"
Merge Q3888,"1,2,3,4,5,6,7,8,9,10,11"
Merge Q3889,"1,2,3,4,5,6,7,8,9,10"
Merge Q3894,"1,2,3,4,5,6,7,8,9,10,11,12,13"
Merge Q3897,"1,2,3"
Merge Q3898,"1,2,3,4,5"
Merge Q3899,"1,2,3,4,5,6,7"
Merge Q3902,"1,2,3,4,5,6,7,8,9,10"
Merge Q3903,"1,2,3,4,5,6,7,8"
Merge Q3904,"1,2,3,4,5,6,7"
Merge Q3905,"1,2,3,4,5"
Merge Q3906,"1,2,3,4,5"
Merge Q3907,"1,2,3,4,5,6,7,8"
Merge Q3908,"1,2,3"
Merge Q3910,"1,2,3,4"
Merge Q3911,"1,2,3,4,5,6,7"
Merge Q3912,"1,2,3,4,5,6,7,8"
Merge Q3913,"1,3,4"
Merge Q3915,"1,2,3,4"
Merge Q3917,"1,2,3,4,5,6"
Merge Q3918,"1,2,3,4,5,6,7,8,9"
Merge Q3919,"1,2,3,4,5,6,7,8,9,10,11,12,13,14,15"
Merge Q3920,"1,2,3,4,5,6,7"
Merge Q3921,"1,2,3,4,5,6,7,8,9,10,11"
Merge Q3922,"1,2,3,4,5,6,7"
Merge Q3924,"1,2,3,4,5,6,7"
Merge Q3926,"1,2,3,4,5,6,7,8"
Merge Q3927,"1,2,3,4,5,6,7,8,9,10,11"
Merge Q3928,"1,2,3,4,5,6,7,8,9,10"
Merge Q3930,"1,2,3,4"
Merge Q3932,"1,2,3,4,5,6,7,8"
Merge Q3933,"1,2,3,4,5,6"
Merge Q3934,"1,2,3,4,5,6,7,8"
Merge Q3936,"1,2,3,4,5,6,7,8,9,10,11,12,13,14"
Merge Q3937,"1,2,3,4,5,6,7"
Merge Q3939,"1,2,3,4,5,6,7,8,9,10,11,12"
Merge Q394,"1,2,3,5,6,7,8"
Merge Q3940,"1,2,3,4,5"
Merge Q3941,"1,2,3,4,5,6,7"
Merge Q3942,"1,2,3,4,5"
Merge Q3943,"1,2,3,4,5,6,7,8,9,10"
Merge Q3944,"1,2,3"
Merge Q3945,"1,2,3,4,5"
Merge Q3946,"1,2,3,4"
Merge Q3947,"1,2,3,4,5,6,7,8"
Merge Q3948,"1,2,3,4,5"
Merge Q3949,"1,2,3,4"
Merge Q395,"1,2,3,4,5"
Merge Q3950,"1,2,3,4,5,6,7,8"
Merge Q3951,"1,2,3"
Merge Q3952,"1,2,3"
Merge Q3953,"1,2,3,4,5,6,7,8,9"
Merge Q3956,"1,2,3,4,5,6,7"
Merge Q3957,"1,2,3,4,5,6,7,8,9,10,11"
Merge Q3958,"1,2,3,4,5,6,7"
Merge Q396,"1,2,3,4,5,6,7,8,9"
Merge Q3961,"1,2,3,4,5,6,7,8,9,10,11"
Merge Q3962,"1,2,3,4,5,6,7,8,9,10,11"
Merge Q3964,"1,2,3,4,5,6,7,8,9"
Merge Q3965,"1,2,3"
Merge Q3966,"1,2,3,4,5,6,7,8"
Merge Q3967,"1,2,3,4"
Merge Q3968,"1,2,3,4,5"
Merge Q3969,"1,2,3,4,5,6,7,8,9,10,11,12"
Merge Q397,"1,2,4,5,7,8,9,10"
Merge Q3970,"1,2,3,4,5,6,7,8,9,10,11,12,13,14"
Merge Q3971,"1,2,3,4,5,6,7,8,9,10,11,12"
Merge Q3973,"1,2,3"
Merge Q3974,"1,2,3,4,5"
Merge Q3975,"1,2,3,4"
Merge Q3976,"1,2,3,4,5,6,7"
Merge Q3977,"1,2,3,4,5,6,7,8,9"
Merge Q3979,"1,2,3,4,5,6,7,8,9,10,11,12,13,14,15,16"
Merge Q3980,"1,2,3,4,5"
Merge Q3982,"1,2,3,4,5,6,7,8,9,10,11,12"
Merge Q3983,"1,2,3,4,5"
Merge Q3984,"1,2,3,4,5,6,7,8,9,10,11,12,13,14,15"
Merge Q3985,"1,2,3,4,5,6,7,8,9,10,11"
Merge Q3986,"1,2,3,4,5,6"
Merge Q3989,"1,2,3,4,5,6,7"
Merge Q399,"1,2,3,4,5,6,7,8,9,10,11,12,13,14"
Merge Q3991,"1,2,3,4,5,6"
Merge Q3992,"1,2,3,4,5,6,7,8,9,10"
Merge Q3993,"1,2,3,4,5,6,7,8"
Merge Q3994,"1,2,3,4,5,6,7"
Merge Q3996,"1,2,3,4,5,6,7,8,9,10,11,12,13,14,15"
Merge Q3997,"1,2,3,4,5"
Merge Q3999,"1,2,3,4,5"
Merge Q4,"1,2,3,4,5,6"
Merge Q400,"1,2,3,4,5,6,7,8,9,10,11,12,13,14"
Merge Q4000,"1,2,3,4"
Merge Q4001,"1,2,3,4"
Merge Q4002,"1,2,3,4,5,6,7,8"
Merge Q4004,"1,2,3,4,5,6"
Merge Q4005,"1,2,3,4,5,6"
Merge Q4007,"1,2,3,4,5,6,7,8,9,10,11"
Merge Q4009,"1,2,3,4,5,6,7,8,9,10"
Merge Q4010,"1,2,3,4,5,6,7"
Merge Q4011,"1,2,3"
Merge Q4012,"1,2,3,4,5,6"
Merge Q4013,"1,2,3,4,5,6"
Merge Q4015,"1,2,3,4,5,6,7,8,9,10,11"
Merge Q4018,"1,2,3,4,5,6,7,8,9,10"
Merge Q4019,"1,2,3,4,5,6,7,8,9,10,11,12,13,14,15"
Merge Q4020,"1,2,3,4,5,6,7,8,9,10"
Merge Q4022,"1,2,3,4,5,6,7,8,9,10,11,12"
Merge Q4023,"1,2,3,4,5,6,7"
Merge Q4024,"1,2,3,4,6,7,8,9,10,11"
Merge Q4026,"1,2,3,4,5,6,7"
Merge Q4027,"1,2,3,4,5,6"
Merge Q4028,"1,2,3,4,5,6,7,8,9,10,11,12"
Merge Q4030,"1,2,3,4,5,6,7"
Merge Q4032,"1,2,3,4,5,6,7,8,9,10,11,12"
Merge Q4033,"1,2,3,4,5,6,7"
Merge Q4034,"1,2,3,4,5,6,7,8,9,10"
Merge Q4035,"1,2,3,4,5,6,7,8"
Merge Q4036,"1,2,3,4"
Merge Q4037,"1,2,3,4"
Merge Q4038,"1,2,3,4,5,6,7,8,9,10,11"
Merge Q4039,"1,2,3"
Merge Q404,"1,2,3,4,5,6,7,8,9,10,11,12,13,14,15,16"
Merge Q4040,"1,2,3,4,5,6,7,8,9,10,11,12,13,14"
Merge Q4041,"1,2,3,4"
Merge Q4045,"1,2,3,4"
Merge Q4046,"1,2,3,4,5,6,7,8,9,10,11"
Merge Q4048,"1,2,3,4"
Merge Q4049,"1,2,3,4,5,6,7"
Merge Q4051,"1,2,3,4,5,6,7,8"
Merge Q4052,"1,2,3,4,5,6,7,8,9"
Merge Q4053,"1,2,3,4,5,6,7,8,9,10"
Merge Q4054,"1,2,3,4,5"
Merge Q406,"1,2,3,4,5,6,7,8,10,11,12,13,14,15,17,18"
Merge Q408,"1,2,3,4,5,6,7,8,9"
Merge Q410,"1,2,3,4,5,6,7,8,9,10,11"
Merge Q412,"1,2,3,4,5,6,7,8"
Merge Q413,"1,2,3,4,5,6,7,8,9,10,11,12,13,14,15,16"
Merge Q414,"1,2,3,4,5,6,7,8"
Merge Q415,"1,2,3,4,5,6,7,8,9,10,12"
Merge Q417,"1,2,3,4,5,6,7,8"
Merge Q418,"1,2,5,6,8,9,10"
Merge Q42,"1,2,3,5,6,7,9,10,11,12,13,14"
Merge Q420,"1,2,3,5,6,7,8,9,10,12,13"
Merge Q421,"1,2,3,4,5,6,7,8,9,10,11,12,13,14"
Merge Q422,"1,2,3,4,5,6,7,8,9"
Merge Q423,"1,2,4,5"
Merge Q425,"1,2,3,4,5,6,7,9,10,12"
Merge Q426,"1,2,3,4,5,9,12,13,14,15,16"
Merge Q427,"1,2,3,4,5,6,7,8,9,10"
Merge Q429,"1,2,3,4,5,6,7,8,10,11,12,13"
Merge Q43,"1,2,3,4,5,6,8,9"
Merge Q430,"1,2,3,4,5,7,8,10,11"
Merge Q431,"1,2,3,4,5,6,7,8,9,10,11,12"
Merge Q432,"1,2,3,4,5,6,7,8,9,10,11,12,13,14,15,16,17,18,19,20,21"
Merge Q433,"1,2,3,4,5,6,7,8,9,10"
Merge Q434,"1,2,3,4,5,6,7,8,9"
Merge Q435,"1,2,3,4,5,6,8,9,10,11,12"
Merge Q436,"1,2,3,4,5,7,8,9,10"
Merge Q437,"1,2,3,4,5,6,7,8,9,10,11,12"
Merge Q438,"1,2,3,4,5,6,7,8,9,10,11,12"
Merge Q441,"1,2,3,4,6,7,8,10,11"
Merge Q444,"1,2,3,4,5,6,7,8,9,10,11"
Merge Q445,"1,2,3,4,5,6,7,8,9,10,11,12"
Merge Q446,"1,2,3,4,6,7,8,9"
Merge Q447,"1,2,3,4,5,6,7,8,9,10,11"
Merge Q448,"1,2,3,5,6,7,8,10,11"
Merge Q45,"1,2,3,4,5,6,7,8,9,10,11,12,13"
Merge Q450,"1,2,3,4,5,6,7,8,9,10,11,12,13,14,15"
Merge Q451,"1,2,3,4,5,7,8,9"
Merge Q452,"1,3,4,5,6,7,8,9,10,12,13,14,15,17,18,19"
Merge Q454,"1,2,3,4,5,6,7"
Merge Q457,"1,2,3,4,5,6,7,8,9,10"
Merge Q459,"1,2,3,4,5,6,7,8"
Merge Q463,"1,2,3,4,5,6,7,8,9,10,11"
Merge Q465,"1,2,3,5,6,7,8,9,11"
Merge Q468,"1,2,3,4,5,6,7,8,9,10,11,12"
Merge Q469,"1,2,3,4,5,6,7,8,9,10,11,12,13,14,16,17"
Merge Q470,"1,2,3,4,5,6,7,8,9,10,11"
Merge Q471,"1,2,3,4,5,6,7,8,9,10,11,12,13,14,15"
Merge Q474,"1,2,3,4,5,6,7,9,10,11"
Merge Q478,"1,2,3,4,5,6,7,8,9,10,11,12,13,14,15,16,17"
Merge Q479,"1,2,3,4,5,6,7,8,9"
Merge Q480,"1,2,3,4,5,6,8,9,10,11,12,13,15,16,18"
Merge Q481,"1,2,3,4,5,6"
Merge Q486,"1,2,3,4,5,6,7,8,9,10,12,13,14"
Merge Q487,"1,2,3,4,5,6,7,8,9,10,11,12"
Merge Q489,"1,3,4,5,6,8"
Merge Q49,"1,2,3,5,6,7,8,9,10,12,13,14,15"
Merge Q491,"1,2,3,4,5,6,7,8,10,11"
Merge Q492,"1,2,3,4,5,6,7,8,9,10,11,12,13,14,16,17,18"
Merge Q495,"1,2,3,4,6,7,8,9,10,11,13,14"
Merge Q496,"1,2,3,4,5,6,7,8,9,10,11,12,13"
Merge Q498,"1,2,3,4,5,6,7,8"
Merge Q50,"1,2,3,4,6,7,8,9,10,11"
Merge Q500,"1,2,3,5,6,7,8,9,10,11,13,14"
Merge Q501,"1,2,3,4,6,7"
Merge Q502,"1,2,3,5,6,7,8"
Merge Q507,"1,2,3,4,5"
Merge Q508,"1,2,3,5,6"
Merge Q51,"1,2,3,4,5,6,8,9,10,11,12,14"
Merge Q512,"1,2,3,4,6,7,8,9,10,11,12,13,14,15,16,18"
Merge Q513,"1,2,3,4,5,7,8,9,10,11,12,13,15,16,17,18,19,20"
Merge Q514,"1,2,3,4,5,6,7,8,9,10,11,12,13"
Merge Q515,"1,2,3,4,5,6,8"
Merge Q516,"1,2,3,4,6,7,8,9,10,11,12,14"
Merge Q518,"1,2,3,4,5,6,7,8,9"
Merge Q519,"1,2,3,4,5,6,8,9,10,11,12,13,14,16"
Merge Q52,"1,2,3,4,5,7,8,9,10,11,12,13,14,16"
Merge Q520,"1,2,3,4,5,6,7,8,9,10"
Merge Q523,"1,2,4,5,6,7,8,9,10,11,12"
Merge Q524,"1,2,3,4,6,7,8,10,11,12"
Merge Q527,"1,2,3,4,5,6,7,8,9,11"
Merge Q528,"1,2,3,4,5,6,7,8,9,10,11,12"
Merge Q532,"1,2,3,4,5,6,7,8,9,10,11,12,13"
Merge Q533,"1,2,3,4,5,6,7,8,9,10,11"
Merge Q534,"1,2,3,4,5,6,7,9,10"
Merge Q536,"1,2,3,4,5,6,7,9,10,11,13,15,16,17,18"
Merge Q537,"1,2,3,4,5,6,7,8,9,10,11,12,13"
Merge Q539,"1,2,3,4,6,7,8,10,11,12,13,14,15"
Merge Q54,"1,2,3,4,5,6,7,8,9,10,11,12,13,14,15"
Merge Q542,"1,2,3,4,5,6,7"
Merge Q544,"1,2,3,4,5,6,7,8,9,10,11"
Merge Q545,"1,2,4"
Merge Q546,"1,2,3,4,5,6,7,8,9,10,11,12,13,14,15"
Merge Q548,"1,2,3,4,5,6,7,8,9,10,11,12,13,14"
Merge Q549,"1,2,3,5,6,7,8,9,10,11,12"
Merge Q55,"1,2,3,5,6,7,8,9,10,12"
Merge Q550,"1,2,3,4,5,6,7,8,9,10,11,12"
Merge Q551,"1,2,3,4,6,7,8,9,10,11,12,14,15"
Merge Q552,"1,2,3,4,5,7,8,9,10"
Merge Q553,"1,2,3,4,5,6,7"
Merge Q558,"1,2,3,4,5,6,7,8,9"
Merge Q56,"1,2,3,4,5,6,7,8,9,11,12,13"
Merge Q560,"1,2,3,4,5,6,7,8,9,10,11,12,13,14,15,16,17,18,19,20,21"
Merge Q568,"1,2,3,4,5,6,7,8,9,10,11"
Merge Q569,"1,2,3,4,5,6,7,8,9,10,11,12,13,14,15,16,17"
Merge Q57,"1,2,3,4,5,6,7,8,9,10"
Merge Q572,"1,2,3,4,5,6,7,8,9,10,11,12"
Merge Q573,"1,2,3,4,6,7,8,9,10,11,12,14,15"
Merge Q576,"1,2,3,4,5,6,8,9,10,12,13,14,15,16"
Merge Q577,"1,2,3,4,5,6,7,8,10,11,12"
Merge Q579,"1,2,3,4,5,6,7,8,9,11,12,13"
Merge Q580,"1,2,3,4,5,6,7,8,9,10,11"
Merge Q581,"1,2,3,4,5,7,8,9,10,11,12,15"
Merge Q582,"1,2,3,4,5,6,7,8,9,10"
Merge Q583,"1,2,3,4,5,6,7,8,9,10"
Merge Q584,"1,2,3,4,5,6,7,8,9,10,11,12,13,14,15,16,17,19,20,21"
Merge Q585,"1,2,3,4,5,6,7,8,9,10"
Merge Q586,"1,2,3,4,5,6,8,9,10,11"
Merge Q587,"1,2,3,5,6,8"
Merge Q588,"1,2,3,4,5,7,8,9,11,12,14,15,16,17,18,19,20"
Merge Q590,"1,2,3,4,5,7,8,9,10,11,12,13,15,16,18,20,21"
Merge Q591,"1,2,3,4,6,7,8,9"
Merge Q592,"1,2,3,4,5,6,8,9,10,11,12,13"
Merge Q594,"1,2,3,4,5,7,8,9,11,12,13"
Merge Q595,"1,2,3,4,5,6,7,8,9,10,11,12,13"
Merge Q596,"1,2,3,4,5,6,7"
Merge Q597,"1,2,3,4,5,6,7,8,10,11,12,13,14"
Merge Q6,"1,2,3,4,5,6,7"
Merge Q60,"1,3,4,5,6,8,9,10,11,12,13,14,16"
Merge Q600,"1,2,3,4,5,6,7,8,9,10,11,12,13"
Merge Q603,"1,2,4,5,6,7,8,10"
Merge Q604,"1,2,3,4,6,8,9,10,11"
Merge Q605,"1,2,3,4,5,6,7,8,9,10,11,12,13,14,15,16,17,18,19,20"
Merge Q606,"1,2,3,4,5,6,7,8,9,10,11,12,13,14,15"
Merge Q611,"1,2,3,5,6,8,9,10"
Merge Q612,"1,2,3,4,5,6,7,8,9,10"
Merge Q614,"1,2,3,4,5,7,8,9,10,11,13,14,15"
Merge Q615,"1,2,3,4,6,7,8,10,11"
Merge Q618,"1,2,3,4,5,6,7,8,9,10,11,12,13,14"
Merge Q619,"1,2,3,4,5,6,8,9,11,12,13,14,15,16,17"
Merge Q62,"1,2,3,4,6,7,8,10,12"
Merge Q622,"1,2,4,6,7,9,10,12,14"
Merge Q623,"1,2,3,4,5,6"
Merge Q624,"1,2,3,5,6,7,8,9,11"
Merge Q626,"1,2,3,4,5,6,7,8,9,10,11,12,13,14,15,16"
Merge Q629,"1,2,3,4,5,6,7,8,9,10,11,12,13"
Merge Q630,"1,2,3,4,5,6,7,8,9,10,11,12"
Merge Q632,"1,2,3,4,5,6"
Merge Q634,"1,2,3,4,6,7,8,10,11,12,13,14,15,16,18"
Merge Q636,"1,2,3,4,5,6,8,9,10"
Merge Q637,"1,2,3,4,6"
Merge Q639,"1,2,3,4,5,6,7,8,9,10,12,13,14"
Merge Q64,"1,2,4,5,6,9"
Merge Q641,"1,2,3,4,5,6,8,9,10,11,12,13,14,16,17"
Merge Q644,"1,2,3,4,5,6,7"
Merge Q645,"1,2,3,4,5,6,8,9"
Merge Q651,"1,2,3,4,5,6,8"
Merge Q652,"1,2,3,5,7,8,9,10,11"
Merge Q653,"1,2,3,4,6,7,8,9"
Merge Q654,"1,2,3,4,5,7,8,9,10,11,13,14,15"
Merge Q656,"1,2,3,4,5,6,7,8,9,10"
Merge Q657,"1,2,3,4,5,6,8,9,10,11,12"
Merge Q658,"1,2,3,4,5,6,7,9,10,11,12,13,14,16"
Merge Q659,"1,2,4,5,6,7,9,10"
Merge Q66,"1,2,3,4,5,7,8,9,10,12,13,14,15"
Merge Q660,"1,2,3,4,5,6,7,8,9,10,11,12,13"
Merge Q662,"1,2,3,4,5,6,7,8,9,10,11,12,13,15,16"
Merge Q663,"1,2,3,4,5,6,7,8,9,10,11,12,13,14,15,16,18"
Merge Q665,"1,2,3,4,5,7,8,9,10,11,13,14,15"
Merge Q666,"1,2,3,4,5,6,7,8,9"
Merge Q667,"1,2,3,4,5,6,7,8,9,10"
Merge Q669,"1,2,3,4,6,7,8,9,10,11,12,14"
Merge Q67,"1,2,3,4,5,6,7,8,9,10,11,12,13,14,15,16,17,18,19"
Merge Q670,"1,2,4,5,6"
Merge Q673,"1,2,3,4,5,6,7,8,9,10,11,12,13,14,15"
Merge Q674,"1,2,3,4,5"
Merge Q676,"1,2,3,4,5,6,7"
Merge Q678,"1,2,3,5,6,7,8,9,10,12,13,14,15,16,18,19,20"
Merge Q679,"1,2,3,4,6"
Merge Q68,"1,2,3,4,8,9,10,11,13,14"
Merge Q680,"1,2,4,5,6,7,8,9,10,11,12,13,15,16,17,18,19,20,21"
Merge Q681,"1,2,3,4,5,6,7,8,9,10,11,12,13,14,15"
Merge Q683,"1,2,3,4,5,6,7,8,9,10"
Merge Q686,"1,2,3,4,5,6,7,8,9,10,11,12,14"
Merge Q688,"1,2,3,4,6,7,8,9,10,12,14"
Merge Q689,"1,2,3,4,5,6"
Merge Q69,"1,2,3,4,5,6,7,8,9,10,12,13,14"
Merge Q690,"1,2,3,4,5,6,7,8"
Merge Q693,"1,2,3,4,5,6,7,8,9,10,11"
Merge Q694,"1,2,3,4,5,6,7,8,9,11,12,13,14,15,16,17"
Merge Q695,"1,2,3,4,5,6,7,8,9,10,11"
Merge Q696,"1,2,3,4,5,6,7,8,10,11,12,13"
Merge Q697,"1,2,3,4,5,6,7,8,9,10,11,12,13,14,15,16"
Merge Q698,"1,2,3,4,5,6,7,8,9,10,11,12,13,14,15,16,17,18,19,20"
Merge Q7,"1,2,3,4,5"
Merge Q70,"1,2,3,4,5,6,7,8,9,10"
Merge Q701,"1,2,3,4,5,7,9,10,11,12,13"
Merge Q704,"1,2,3"
Merge Q705,"1,2,3,4,5,7,8,9,10"
Merge Q706,"1,3,4,5,6,7,9,10,11,12,13,14,16,18"
Merge Q707,"1,2,3,4,5,6,7,8,9,10,12"
Merge Q708,"1,2,3,4,5,6,7,8,9,10,11"
Merge Q71,"1,2,3,4,5,6,7"
Merge Q711,"1,2,3,4,5,6,8,9,10"
Merge Q713,"1,2,3,4,5,6,7,9"
Merge Q714,"1,2,3,4,5,6,7,8"
Merge Q715,"1,2,3,4,6,7,8,9,10,12,13,14"
Merge Q717,"1,2,3,4,5,6,7,8,9,10,11,12,13,14,15"
Merge Q718,"1,2,3,4,5,6,7,8,9,10,11,12,13"
Merge Q722,"1,2,3,4,5,6,7,8,9,10,11,12,14"
Merge Q723,"1,2,3,4,5,6,7"
Merge Q724,"1,2,3,5,6,7,8,9,11,12,13"
Merge Q731,"1,2,3,4,5,6,7,8,9,10"
Merge Q732,"1,2,3,4,6,7,8,9,10,11,13,14"
Merge Q733,"1,2,3,4,5,6,7,8,9,10,11,12,13,14"
Merge Q735,"1,2,3,4,5,6,7,8,9"
Merge Q737,"1,2,3,4,5,6,7,8,9,10,11,12"
Merge Q738,"1,2,3,4,5,6"
Merge Q74,"1,2,3,4,6,7,8,9,10"
Merge Q740,"1,2,3,4,5,6,7,8,9,10,11,12,13,14,15,16"
Merge Q741,"1,2,3,4,5,6,7,8,9,10,11,12,13,15"
Merge Q742,"1,2,3,4,5,7,8,9,10,11,12"
Merge Q747,"1,2,3,4,5,6,7,8,9,10,12"
Merge Q750,"1,2,3,4,5,6,7,8,9,10,11,12,14"
Merge Q751,"1,2,3,4,6,7,8,9,10,11,13"
Merge Q753,"1,2,3,4,5,6,7,8,9,10,11,12"
Merge Q754,"1,2,3,4,6,7,8,9,10,11,12,14"
Merge Q755,"1,2,3,4,5,6,7,8,9,10,11,12,13,14,15,16,17"
Merge Q756,"1,2,3,5,6,7,8,9,10,11,13,14"
Merge Q757,"1,2,3,4,5,6,7,8,9,13"
Merge Q758,"1,2,3,4,5,7,8,9,10,11,12,14,15"
Merge Q759,"1,2,3,4,5,6,7,8,9,10,11,12,13,15,18,19"
Merge Q76,"1,2,3,4,5,6,7,8,9,10,11,12"
Merge Q760,"1,2,3,4,5,6"
Merge Q761,"1,2,3,4,5,6,7,9,10,11"
Merge Q762,"1,2,3,4,5,6,7,8,9"
Merge Q763,"1,2,3,5,6,7,8"
Merge Q766,"1,2,3,4,5,6,7,8,10,11,12,13"
Merge Q77,"1,2,3,4,5,6,7,8,9,11"
Merge Q771,"1,2,3,4,5,7,8,9,11,12,14"
Merge Q774,"1,2,3,4,5,6,7,8,9,10,11,12,13,14,15,16,17"
Merge Q778,"1,2,3,4,5,6,7,8,9"
Merge Q779,"1,2,3,4,5,6,7,8,9,10,11,12,13"
Merge Q78,"1,2,3,4,5,6,7,8,9,10,11,12,13,14,15,17,18,19"
Merge Q781,"1,2,3,4,5,6,7,8,9,10"
Merge Q782,"1,2,3,4,5,6,7,8,9,10,11,12,14,15"
Merge Q785,"1,2,3,4,5,6,7,8,9,10"
Merge Q787,"1,2,3,4,5,6,7,8,9,10,11,12,13,14,15,16,17,18,19,20,21"
Merge Q788,"1,2,3,4,5,6,7,9,10,11,12,13,14"
Merge Q79,"1,2,3,4,5,6,7,8,9"
Merge Q790,"1,3,4,5,6,8,9,10,12,13"
Merge Q794,"1,2,3,4,5,7,8,9,10,11,12,13"
Merge Q799,"1,2,3,4,5,6,7,8"
Merge Q8,"1,2,3,4,5,6,7,8,10,11,12,13,14,15"
Merge Q80,"1,3,4,5,6,7,12,13,14,15,16"
Merge Q801,"1,2,3,4,5,6,7,8,9"
Merge Q804,"1,2,3,4,5,6,7,8,9,10"
Merge Q807,"1,2,3,4,5,6,7,8,9,10,11"
Merge Q812,"1,2,3,4,5,6,7,8,9,11,12"
Merge Q814,"1,2,3,4,5,6,7,8,9,10,11"
Merge Q815,"1,2,3,4,5,6,7,9"
Merge Q818,"1,2,3,4,5,6,7,8,9,10,11,12"
Merge Q82,"1,2,3,4,5,6,7,9,10,11,12,13,14,17,18,19,20,21"
Merge Q820,"1,2,3,4,5,6,7,8,9,10,11,12,14,15,17,18,19,20,21"
Merge Q821,"1,2,3,4"
Merge Q826,"1,2,4,5,6,7,8,9,10,12,13"
Merge Q827,"1,2,3,4,5,6"
Merge Q828,"1,2,3,4,5,6"
Merge Q831,"1,2,3,4,5,6,7,8,9,11"
Merge Q833,"1,2,3,4,5,6,7,9"
Merge Q835,"1,2,3,4,5,6"
Merge Q836,"1,2,3,4,6,7"
Merge Q837,"1,2,3,4,5,7"
Merge Q84,"1,2,3,4,5,7,8"
Merge Q843,"1,2,3,4,5,6,7,8,9,10"
Merge Q845,"1,2,3,4,6,7,8,10,11"
Merge Q846,"1,2,3,4,5,6,8,9,10,11,12,13"
Merge Q848,"1,2,3,4,5,6,7,8,9,10,11,12,13"
Merge Q849,"1,2,3,4,5,6,7,8,9,10,11,12"
Merge Q850,"1,2,3,4,5,6,7,9"
Merge Q851,"1,2,3,4,5,6,7,8,9,10"
Merge Q852,"1,2,3,4,5,6,7,8,9,10,11,12"
Merge Q855,"1,2,3,4,5"
Merge Q859,"1,2,3,4,5,6,7,8,9,10,11,12"
Merge Q860,"1,2,4,5,6,8,10,11,12,13"
Merge Q864,"1,2,3,4,5,6,7,8"
Merge Q865,"1,2,3,4,5,6,7"
Merge Q866,"1,2,3,4,5,6,7,8,9,10,11,12,13,14,15"
Merge Q867,"1,2,4,5,6,7,8,10,11"
Merge Q868,"1,2,3,4,5,6,7,8,9,10,11,13"
Merge Q869,"1,2,3,4,5,7,8,9,10,12"
Merge Q870,"1,2,3,4,6,7,8,9,10,11,12,13,14,15,16"
Merge Q873,"1,2,3,5,6,7,10"
Merge Q874,"1,2,3,4,5,6,7,8,9"
Merge Q875,"1,2,3,4,5,7,8,9"
Merge Q877,"1,2,3,4,5,6,7,8,9"
Merge Q878,"1,2,3,4,5,6,7,8,9,10,11,13,14,15,16,17,18,19"
Merge Q880,"1,2,3,4,5,6,7,8,9,10"
Merge Q881,"1,2,3,4,5,6,8,10"
Merge Q883,"1,2,3,4,5,6,7,8"
Merge Q884,"1,2,4,5,6,7,8,9,11,12,14,15"
Merge Q885,"1,2,3,4,5,6,7,8,9,10"
Merge Q89,"1,2,3,4,5,6"
Merge Q890,"1,2,3,4,5,6,7,8,9,10,11,12"
Merge Q895,"1,2,3,5,6,7,8,10,11,12"
Merge Q896,"1,2,3,5,6,8,9"
Merge Q897,"1,2,3,4,5,6,7,8,9,11,12,13"
Merge Q899,"1,2,3,4,5,6,7"
Merge Q90,"1,2,3,4,5,7,8"
Merge Q901,"1,2,3,4,6,7,8,9"
Merge Q903,"1,2,3,4,7,8,9,10,11,14,15"
Merge Q905,"1,2,3,4,5,6,7,8,9,10"
Merge Q906,"1,2,3,4,5,6,7,8,9,11,12,13"
Merge Q907,"1,2,3,5,6,7,8,9,10,11,12,13,14"
Merge Q908,"1,2,3,4,5,6,7,8,9,10"
Merge Q909,"1,2,3,4,6,7,8,9,10"
Merge Q910,"1,3,4,5,7,8,9,10"
Merge Q911,"1,2,3,4,5,6,7,8,9,10"
Merge Q912,"1,2,3,5,6,7,8,9,11,12"
Merge Q913,"1,2,3,4,5,6,7,8,9,10,11"
Merge Q915,"1,2,3,4,5,6,7,9,10,11,12,13,14"
Merge Q916,"1,2,3,4,5,6,7,8"
Merge Q917,"1,2,3,4,5,6,7,8"
Merge Q918,"1,2,3,4,5,6,7,8"
Merge Q921,"1,2,3,4,5,6,7,8,9,10,11,12,13,14,15"
Merge Q926,"1,2,3,4,5,6,7,8,9,10,11,12,13"
Merge Q927,"1,2,3,4,6,7,8,10,11,12,13"
Merge Q928,"1,2,3,4,5,6,7,8,9,10"
Merge Q929,"1,2,3,4,5,6,7"
Merge Q93,"1,2,3,4,5,7,8,9,10,11,12"
Merge Q930,"1,2,3,4,5,7,8,9,10,12,13,14,16,17,18"
Merge Q931,"1,2,4,5,6,8,9,10,11,12,13,15,16,17"
Merge Q934,"1,2,4,5,7,8,9,10"
Merge Q935,"1,2,3,5,6,7,9,10"
Merge Q937,"1,2,3,4,6,7,8,9,10,12,13"
Merge Q938,"1,2,3,4,6,7,8,10"
Merge Q94,"1,2,3,4,5,6,7,8,9,10,11"
Merge Q940,"1,2,3,4,5,6,7,8,9,10,11"
Merge Q941,"1,2,3,5,6,7,8,9,10,12,13"
Merge Q942,"1,2,3,4,5,7,8,9,10,11,12,13,14,16"
Merge Q945,"1,2,3,4,6,7,8,9,10"
Merge Q947,"1,2,3,4,5,6"
Merge Q95,"1,2,3,4,5,6,7,8,9,10,11,12,13,14,15,16,17,18,19"
Merge Q950,"1,2,3,4,5,6"
Merge Q953,"1,2,3,4,5,6,7,8,9,10,11,12,13"
Merge Q954,"1,2,3,4,5,6,10,11,12,13,14"
Merge Q955,"1,2,3,4,5,6,7,8"
Merge Q960,"1,2,3,4,5,7,8,9,10"
Merge Q962,"1,2,3,4,5,6,7,8,9,10,11,12,13"
Merge Q964,"1,2,3,4,5,6"
Merge Q968,"1,2,3,4,5,6,7,8,9,10"
Merge Q97,"1,2,3,4,5,6,7,9,11"
Merge Q970,"1,2,3,4,5,6,7,8"
Merge Q972,"1,2,3,5,6,7,8,10"
Merge Q973,"1,2,3,4,5,6,7,8,9,10,11,12,13"
Merge Q974,"1,2,3,4,5,6,7,8,9,10,11,12,13,14"
Merge Q975,"1,2,3,4,5,6,7,8,9,10,11,12,13,14,15"
Merge Q98,"1,2,3,4,5,6,7,8,10,11,12"
Merge Q981,"1,2,3,4,5,6,7,8,9,12"
Merge Q982,"1,2,3,4,5,6,7,8,9,10"
Merge Q983,"1,2,3,4,5"
Merge Q985,"1,2,3,4,5,6,8,9,10,11,12,14"
Merge Q987,"1,2,3,5,6,7,8,9,10,11,14"
Merge Q988,"1,2,3,4,6,7,9,10,11"
Merge Q989,"1,2,3,5,6,7,10"
Merge Q990,"1,2,3,4,5,6,7,8,9,10,11,12,13,14,16"
Merge Q992,"1,2,3,5,6,7,8,9,10,11,12,13,15"
Merge Q994,"1,2,3,4,5,6,7"
Merge Q995,"1,2,3,4,5,6,8,9"
Merge Q996,"1,2,3,4,5,6,7,8,9,10,12"
