Origin,medgemma27b_direct_prediction
ID0007,A
ID0015,C
ID0021,A
ID0028,A
ID0034,A
ID0043,D
ID0047,A
ID0053,G
ID0057,D
ID0063,B
ID0071,F
ID0076,C
ID0082,B
ID0089,B
ID0096,D
ID0101,A
ID0109,A
ID0113,D
ID0119,B
ID0127,A
ID0135,B
ID0141,A
ID0147,B
ID0151,J
ID0155,C
ID0163,A
ID0168,B
ID0177,B
ID0186,C
ID0192,C
ID0199,B
ID0207,J
ID0215,D
ID0220,B
ID0230,C
ID0236,C
ID0241,A
ID0246,C
ID0251,D
ID0257,A
ID0268,D
ID0278,C
ID0284,B
ID0291,E
ID0296,B
ID0301,D
ID0305,B
ID0313,A
ID0320,F
ID0325,C
ID0330,C
ID0336,E
ID0345,A
ID0353,I
ID0360,A
ID0365,C
ID0371,F
ID0379,C
ID0388,B
ID0395,C
ID0400,B
ID0405,B
ID0412,D
ID0418,B
ID0426,A
ID0440,I
ID0447,D
ID0455,E
ID0461,C
ID0466,D
ID0470,C
ID0476,C
ID0490,B
ID0495,B
ID0502,B
ID0508,B
ID0513,B
ID0520,B
ID0524,B
ID0529,D
ID0535,C
ID0542,D
ID0552,C
ID0559,D
ID0567,D
ID0574,A
ID0578,D
ID0586,B
ID0591,G
ID0596,B
ID0601,D
ID0605,E
ID0614,A
ID0619,C
ID0625,I
ID0635,D
ID0642,B
ID0651,G
ID0655,D
ID0660,C
ID0665,C
ID0671,D
ID0676,C
ID0683,D
ID0693,D
ID0698,C
ID0702,B
ID0710,D
ID0715,C
ID0719,C
ID0728,C
ID0734,B
ID0740,D
ID0754,C
ID0759,B
ID0765,J
ID0773,D
ID0778,G
ID0782,A
ID0786,A
ID0792,A
ID0799,D
ID0803,D
ID0811,A
ID0816,E
ID0825,D
ID0830,A
ID0834,C
ID0840,A
ID0844,A
ID0850,C
ID0854,C
ID0859,C
ID0864,A
ID0878,B
ID0884,C
ID0893,D
ID0900,C
ID0905,C
ID0910,F
ID0916,D
ID0923,A
ID0927,A
ID0937,C
ID0944,B
ID0953,D
ID0962,A
ID0968,A
ID0973,C
ID0990,D
ID0994,C
ID1001,C
ID1009,J
ID1015,D
ID1020,B
ID1025,A
ID1031,J
ID1038,A
ID1048,A
ID1058,H
ID1063,B
ID1067,G
ID1072,D
ID1081,D
ID1087,B
ID1093,C
ID1102,B
ID1113,C
ID1118,A
ID1125,A
ID1131,B
ID1138,B
ID1142,D
ID1149,A
ID1153,D
ID1158,C
ID1163,D
ID1170,C
ID1175,A
ID1180,D
ID1184,A
ID1190,D
ID1198,C
ID1202,A
ID1215,B
ID1219,B
ID1226,D
ID1230,A
ID1236,A
ID1244,C
ID1248,D
ID1254,E
ID1260,C
ID1266,A
ID1270,D
ID1275,A
ID1279,C
ID1285,B
ID1289,C
ID1296,B
ID1301,B
ID1308,B
ID1312,H
ID1316,C
ID1324,J
ID1331,B
ID1335,D
ID1339,D
ID1346,D
ID1350,C
ID1355,A
ID1360,D
ID1369,C
ID1376,D
ID1381,A
ID1391,A
ID1396,G
ID1401,A
ID1409,E
ID1416,B
ID1422,B
ID1428,A
ID1432,E
ID1442,D
ID1449,H
ID1454,B
ID1460,D
ID1466,D
ID1474,B
ID1479,D
ID1485,A
ID1490,A
ID1495,B
ID1504,D
ID1508,D
ID1515,A
ID1524,C
ID1530,A
ID1534,C
ID1540,C
ID1545,A
ID1553,A
ID1559,J
ID1566,C
ID1571,C
ID1575,C
ID1582,C
ID1586,D
ID1591,I
ID1599,B
ID1607,C
ID1614,F
ID1625,C
ID1634,A
ID1640,E
ID1650,B
ID1654,F
ID1660,C
ID1666,A
ID1672,D
ID1678,A
ID1684,E
ID1689,B
ID1694,J
ID1698,E
ID1702,C
ID1711,B
ID1715,D
ID1722,A
ID1728,D
ID1741,F
ID1746,I
ID1751,J
ID1758,D
ID1766,D
ID1772,E
ID1776,B
ID1783,J
ID1793,B
ID1799,A
ID1808,B
ID1817,C
ID1821,A
ID1825,J
ID1830,F
ID1835,B
ID1840,D
ID1849,B
ID1855,C
ID1860,B
ID1866,A
ID1873,D
ID1879,B
ID1886,A
ID1890,J
ID1896,G
ID1902,B
ID1908,C
ID1912,D
ID1918,A
ID1925,C
ID1931,A
ID1937,A
ID1944,A
ID1948,J
ID1953,B
ID1958,G
ID1965,D
ID1972,B
ID1977,D
ID1983,D
ID1989,B
ID1994,I
