Origin,data_source_corr,q1_majority,Correct answer,matches_correct
ID0001,medxpert,j,,False
ID0002,jama,d,D,True
ID0003,medxpert,g,G,True
ID0004,medbullets,c,,False
ID0005,medxpert,i,,False
ID0006,medxpert,e,,False
ID0007,medbullets,a,B,False
ID0008,medxpert,i,,False
ID0009,jama,d,D,True
ID0010,medxpert,h,H,True
ID0011,jama,d,,False
ID0012,medxpert,c,,False
ID0013,mmlu,b,B,True
ID0014,jama,c,,False
ID0015,jama,c,C,True
ID0016,jama,b,B,True
ID0017,jama,c,C,True
ID0018,jama,d,D,True
ID0019,medxpert,a,,False
ID0020,medxpert,h,,False
ID0021,jama,b,B,True
ID0022,medxpert,c,,False
ID0023,medxpert,h,,False
ID0024,mmlu,b,B,True
ID0025,medxpert,f,F,True
ID0026,jama,c,,False
ID0027,mmlu,d,D,True
ID0028,medbullets,a,A,True
ID0029,medbullets,a,A,True
ID0030,jama,b,B,True
ID0031,jama,b,,False
ID0032,medbullets,d,D,True
ID0033,jama,c,,False
ID0034,medbullets,a,A,True
ID0035,mmlu,d,,False
ID0036,jama,d,,False
ID0037,medxpert,b,,False
ID0038,medxpert,d,,False
ID0039,mmlu,b,B,True
ID0040,jama,a,,False
ID0041,jama,a,A,True
ID0042,medxpert,i,B,False
ID0043,jama,c,C,True
ID0044,jama,b,B,True
ID0045,medxpert,d,D,True
ID0046,medbullets,d,D,True
ID0047,jama,a,A,True
ID0048,medbullets,c,D,False
ID0049,jama,b,B,True
ID0050,medxpert,i,,False
ID0051,medxpert,b,,False
ID0052,jama,c,C,True
ID0053,medxpert,g,H,False
ID0054,jama,b,A,False
ID0055,medbullets,b,A,False
ID0056,medxpert,d,D,True
ID0057,mmlu,d,D,True
ID0058,medxpert,i,,False
ID0059,mmlu,b,B,True
ID0060,jama,c,C,True
ID0061,medxpert,h,,False
ID0062,jama,b,B,True
ID0063,medxpert,b,B,True
ID0064,mmlu,d,D,True
ID0065,medxpert,e,,False
ID0066,medxpert,g,,False
ID0067,medbullets,a,A,True
ID0068,medxpert,c,,False
ID0069,jama,d,D,True
ID0070,medxpert,c,,False
ID0071,medxpert,b,D,False
ID0072,jama,c,C,True
ID0073,medxpert,g,G,True
ID0074,mmlu,c,C,True
ID0075,medbullets,d,,False
ID0076,jama,b,C,False
ID0077,medxpert,i,,False
ID0078,medbullets,b,B,True
ID0079,jama,a,B,False
ID0080,medxpert,d,,False
ID0081,jama,d,D,True
ID0082,medbullets,b,B,True
ID0083,medxpert,j,,False
ID0084,medxpert,j,,False
ID0085,medxpert,j,J,True
ID0086,medxpert,d,H,False
ID0087,medxpert,a,,False
ID0088,jama,b,B,True
ID0089,jama,a,A,True
ID0090,medxpert,c,,False
ID0091,medxpert,h,,False
ID0092,medxpert,j,B,False
ID0093,jama,c,C,True
ID0094,jama,c,C,True
ID0095,medxpert,d,,False
ID0096,medxpert,e,E,True
ID0097,jama,d,D,True
ID0098,mmlu,d,D,True
ID0099,medxpert,d,E,False
ID0100,medxpert,f,,False
ID0101,medbullets,a,A,True
ID0102,medbullets,d,D,True
ID0103,jama,d,,False
ID0104,medxpert,f,,False
ID0105,jama,a,,False
ID0106,medbullets,c,C,True
ID0107,jama,c,,False
ID0108,jama,c,C,True
ID0109,jama,a,A,True
ID0110,jama,b,B,True
ID0111,medbullets,d,D,True
ID0112,medxpert,d,D,True
ID0113,mmlu,d,D,True
ID0114,medxpert,i,,False
ID0115,medbullets,d,D,True
ID0116,jama,a,A,True
ID0117,mmlu,b,D,False
ID0118,medbullets,c,,False
ID0119,jama,d,D,True
ID0120,medxpert,j,,False
ID0121,medxpert,e,,False
ID0122,mmlu,d,D,True
ID0123,mmlu,d,,False
ID0124,jama,c,C,True
ID0125,jama,a,D,False
ID0126,medxpert,c,,False
ID0127,jama,c,B,False
ID0128,medbullets,c,,False
ID0129,mmlu,a,A,True
ID0130,jama,c,C,True
ID0131,medxpert,i,,False
ID0132,medxpert,a,,False
ID0133,jama,d,D,True
ID0134,jama,c,,False
ID0135,medbullets,b,A,False
ID0136,mmlu,b,B,True
ID0137,medxpert,c,D,False
ID0138,medxpert,e,,False
ID0139,medxpert,b,,False
ID0140,medxpert,d,G,False
ID0141,medxpert,g,I,False
ID0142,jama,c,C,True
ID0143,medxpert,f,,False
ID0144,medbullets,b,A,False
ID0145,medxpert,b,,False
ID0146,jama,a,A,True
ID0147,jama,b,B,True
ID0148,medxpert,c,C,True
ID0149,jama,b,B,True
ID0150,jama,a,A,True
ID0151,medxpert,j,J,True
ID0152,medbullets,c,C,True
ID0153,jama,d,D,True
ID0154,mmlu,a,A,True
ID0155,jama,c,C,True
ID0156,jama,c,,False
ID0157,jama,c,C,True
ID0158,medxpert,j,,False
ID0159,jama,a,,False
ID0160,medxpert,c,,False
ID0161,jama,c,C,True
ID0162,medbullets,a,A,True
ID0163,jama,a,C,False
ID0164,mmlu,b,B,True
ID0165,medxpert,j,I,False
ID0166,medxpert,f,F,True
ID0167,medxpert,j,,False
ID0168,mmlu,b,B,True
ID0169,jama,b,B,True
ID0170,medxpert,a,G,False
ID0171,mmlu,d,,False
ID0172,jama,d,D,True
ID0173,medxpert,j,,False
ID0174,medxpert,g,,False
ID0175,jama,d,,False
ID0176,medxpert,e,,False
ID0177,medbullets,b,B,True
ID0178,medxpert,i,,False
ID0179,medbullets,d,,False
ID0180,medxpert,f,,False
ID0181,medxpert,g,,False
ID0182,medbullets,d,A,False
ID0183,medxpert,e,,False
ID0184,mmlu,c,C,True
ID0185,medbullets,d,D,True
ID0186,jama,c,C,True
ID0187,medxpert,g,,False
ID0188,medxpert,b,,False
ID0189,mmlu,a,A,True
ID0190,mmlu,a,A,True
ID0191,jama,d,C,False
ID0192,jama,d,D,True
ID0193,medxpert,e,E,True
ID0194,jama,d,,False
ID0195,jama,b,C,False
ID0196,jama,b,,False
ID0197,mmlu,d,,False
ID0198,medbullets,c,A,False
ID0199,jama,c,C,True
ID0200,medxpert,i,J,False
ID0201,medxpert,a,,False
ID0202,jama,d,D,True
ID0203,jama,a,,False
ID0204,jama,a,,False
ID0205,jama,b,,False
ID0206,jama,d,D,True
ID0207,medxpert,d,J,False
ID0208,medxpert,e,,False
ID0209,mmlu,d,D,True
ID0210,jama,d,,False
ID0211,medxpert,a,A,True
ID0212,jama,b,,False
ID0213,jama,c,C,True
ID0214,jama,b,,False
ID0215,jama,b,B,True
ID0216,medxpert,b,A,False
ID0217,mmlu,c,C,True
ID0218,jama,a,,False
ID0219,jama,b,B,True
ID0220,mmlu,b,B,True
ID0221,medbullets,a,A,True
ID0222,jama,d,D,True
ID0223,jama,d,,False
ID0224,mmlu,d,,False
ID0225,medxpert,f,,False
ID0226,medxpert,e,,False
ID0227,jama,c,,False
ID0228,jama,d,,False
ID0229,medxpert,a,A,True
ID0230,jama,c,C,True
ID0231,medxpert,g,,False
ID0232,jama,b,B,True
ID0233,medxpert,b,B,True
ID0234,medxpert,e,,False
ID0235,medxpert,b,B,True
ID0236,jama,c,C,True
ID0237,mmlu,a,A,True
ID0238,medbullets,d,D,True
ID0239,medxpert,e,,False
ID0240,jama,a,A,True
ID0241,jama,a,A,True
ID0242,medxpert,a,A,True
ID0243,jama,c,C,True
ID0244,medbullets,c,C,True
ID0245,medxpert,e,,False
ID0246,jama,c,C,True
ID0247,medbullets,c,C,True
ID0248,medxpert,a,C,False
ID0249,medbullets,c,C,True
ID0250,medxpert,i,,False
ID0251,mmlu,d,D,True
ID0252,jama,b,,False
ID0253,mmlu,d,D,True
ID0254,jama,d,D,True
ID0255,medxpert,h,,False
ID0256,mmlu,d,D,True
ID0257,jama,b,B,True
ID0258,jama,c,C,True
ID0259,medxpert,j,,False
ID0260,medxpert,j,,False
ID0261,jama,b,,False
ID0262,medxpert,i,H,False
ID0263,jama,d,,False
ID0264,medxpert,f,,False
ID0265,mmlu,c,C,True
ID0266,medxpert,i,,False
ID0267,jama,c,,False
ID0268,jama,d,C,False
ID0269,jama,a,,False
ID0270,mmlu,d,D,True
ID0271,medxpert,d,,False
ID0272,medxpert,g,,False
ID0273,jama,a,,False
ID0274,medxpert,d,,False
ID0275,medxpert,c,C,True
ID0276,medxpert,b,,False
ID0277,jama,b,B,True
ID0278,jama,c,C,True
ID0279,medxpert,h,,False
ID0280,jama,b,B,True
ID0281,medxpert,j,A,False
ID0282,medxpert,h,,False
ID0283,jama,b,B,True
ID0284,medxpert,i,I,True
ID0285,medxpert,h,,False
ID0286,jama,c,C,True
ID0287,jama,c,C,True
ID0288,medxpert,h,,False
ID0289,jama,b,B,True
ID0290,jama,a,,False
ID0291,medxpert,e,D,False
ID0292,medxpert,g,G,True
ID0293,medxpert,b,B,True
ID0294,medxpert,g,,False
ID0295,jama,d,A,False
ID0296,jama,b,C,False
ID0297,jama,d,B,False
ID0298,medxpert,b,H,False
ID0299,medxpert,i,,False
ID0300,jama,c,C,True
ID0301,jama,a,A,True
ID0302,jama,c,C,True
ID0303,medxpert,f,F,True
ID0304,medxpert,i,I,True
ID0305,medbullets,b,B,True
ID0306,medxpert,i,,False
ID0307,mmlu,d,D,True
ID0308,medxpert,e,,False
ID0309,medbullets,a,A,True
ID0310,jama,c,C,True
ID0311,mmlu,b,,False
ID0312,medxpert,d,,False
ID0313,mmlu,a,A,True
ID0314,medbullets,c,C,True
ID0315,mmlu,c,C,True
ID0316,jama,c,,False
ID0317,medxpert,f,F,True
ID0318,medxpert,j,,False
ID0319,medxpert,j,,False
ID0320,medxpert,a,A,True
ID0321,jama,b,B,True
ID0322,medxpert,g,,False
ID0323,jama,c,D,False
ID0324,jama,c,C,True
ID0325,medbullets,b,B,True
ID0326,jama,b,B,True
ID0327,medxpert,c,C,True
ID0328,jama,a,A,True
ID0329,medxpert,c,,False
ID0330,medbullets,c,C,True
ID0331,jama,d,C,False
ID0332,jama,c,C,True
ID0333,medxpert,b,,False
ID0334,jama,c,C,True
ID0335,jama,d,,False
ID0336,medxpert,e,E,True
ID0337,jama,b,C,False
ID0338,jama,b,,False
ID0339,mmlu,b,B,True
ID0340-new,,e,,False
ID0341,medxpert,i,,False
ID0342,jama,b,B,True
ID0343,medxpert,j,,False
ID0344,medbullets,a,,False
ID0345,jama,a,A,True
ID0346,medxpert,i,,False
ID0347,jama,d,,False
ID0348,medxpert,a,,False
ID0349,medxpert,c,C,True
ID0350,medbullets,d,,False
ID0351,jama,d,D,True
ID0352,jama,a,A,True
ID0353,medxpert,h,H,True
ID0354,medxpert,h,,False
ID0355,jama,a,,False
ID0356,jama,c,A,False
ID0357,medxpert,b,B,True
ID0358,medxpert,b,,False
ID0359,medxpert,a,A,True
ID0360,mmlu,a,A,True
ID0361,jama,d,,False
ID0362,jama,b,C,False
ID0363,medbullets,a,A,True
ID0364,jama,b,B,True
ID0365,jama,a,C,False
ID0366,jama,c,B,False
ID0367,medxpert,f,F,True
ID0368,jama,d,D,True
ID0369,mmlu,b,,False
ID0370,jama,a,,False
ID0371,medxpert,e,F,False
ID0372,medxpert,d,,False
ID0373,jama,c,C,True
ID0374,medxpert,i,,False
ID0375,medxpert,f,,False
ID0376,medxpert,a,A,True
ID0377,jama,a,A,True
ID0378,medxpert,i,,False
ID0379,medxpert,c,C,True
ID0380,medxpert,b,,False
ID0381,medxpert,d,,False
ID0382,medbullets,c,C,True
ID0383,jama,b,,False
ID0384,medxpert,d,,False
ID0385,medxpert,h,I,False
ID0386,medbullets,d,,False
ID0387,jama,c,C,True
ID0388,medxpert,b,F,False
ID0389,jama,c,C,True
ID0390,medxpert,i,,False
ID0391,medxpert,a,A,True
ID0392,medxpert,b,,False
ID0393,jama,d,D,True
ID0394,jama,a,,False
ID0395,jama,a,C,False
ID0396,medbullets,b,B,True
ID0397,medxpert,f,B,False
ID0398,medxpert,j,,False
ID0399,jama,c,C,True
ID0400,jama,b,B,True
ID0401,medbullets,d,,False
ID0402,jama,b,B,True
ID0403,medbullets,b,B,True
ID0404,jama,d,D,True
ID0405,jama,b,B,True
ID0406,mmlu,d,D,True
ID0407,medxpert,g,G,True
ID0408,jama,d,,False
ID0409,mmlu,d,D,True
ID0410,mmlu,c,,False
ID0411,jama,c,,False
ID0412,jama,d,D,True
ID0413,medxpert,a,,False
ID0414-new,,a,,False
ID0415,jama,b,B,True
ID0416,medxpert,i,I,True
ID0417,jama,d,D,True
ID0418,jama,a,B,False
ID0419,jama,b,,False
ID0420,medxpert,e,,False
ID0421,jama,d,D,True
ID0422,jama,c,C,True
ID0423,medxpert,g,,False
ID0424,jama,b,,False
ID0425,medxpert,f,F,True
ID0426,medxpert,b,D,False
ID0427,medxpert,c,,False
ID0428,mmlu,d,D,True
ID0429,mmlu,b,B,True
ID0430,medxpert,a,,False
ID0431,jama,c,C,True
ID0432,medxpert,g,,False
ID0433,medxpert,e,E,True
ID0434,jama,a,,False
ID0435,medxpert,i,I,True
ID0436,medxpert,e,,False
ID0437,mmlu,c,C,True
ID0438,medbullets,b,B,True
ID0439,jama,b,,False
ID0440,medxpert,b,B,True
ID0441,jama,a,,False
ID0442,jama,d,D,True
ID0443,medxpert,h,,False
ID0444,jama,a,C,False
ID0445,medxpert,j,,False
ID0446,jama,c,C,True
ID0447,medbullets,d,D,True
ID0448,medxpert,h,,False
ID0449,jama,c,C,True
ID0450,medxpert,g,,False
ID0451,jama,b,B,True
ID0452,medxpert,b,,False
ID0453,jama,d,D,True
ID0454,mmlu,d,,False
ID0455,medxpert,e,E,True
ID0456,medxpert,f,,False
ID0457,jama,d,,False
ID0458,medxpert,f,F,True
ID0459,medxpert,a,F,False
ID0460,jama,c,C,True
ID0461,jama,c,C,True
ID0462,jama,b,C,False
ID0463,jama,a,D,False
ID0464,mmlu,c,,False
ID0465,jama,b,B,True
ID0466,jama,d,D,True
ID0467,jama,c,C,True
ID0468,medbullets,c,C,True
ID0469,jama,a,A,True
ID0470,medbullets,c,C,True
ID0471,jama,d,D,True
ID0472,jama,b,D,False
ID0473,medbullets,a,A,True
ID0474,medxpert,d,,False
ID0475,medxpert,a,,False
ID0476,jama,c,C,True
ID0477,jama,c,C,True
ID0478,jama,a,A,True
ID0479,jama,b,B,True
ID0480,medxpert,j,,False
ID0481,medxpert,j,,False
ID0482,medxpert,b,,False
ID0483,jama,a,A,True
ID0484,jama,c,C,True
ID0485,medxpert,j,,False
ID0486,medxpert,e,,False
ID0487,jama,c,C,True
ID0488,jama,a,C,False
ID0489,medbullets,d,,False
ID0490,jama,d,B,False
ID0491,medxpert,a,A,True
ID0492,jama,b,C,False
ID0493,medxpert,e,,False
ID0494,jama,c,C,True
ID0495,medbullets,b,B,True
ID0496,medbullets,c,C,True
ID0497,medxpert,j,,False
ID0498,jama,b,C,False
ID0499,medxpert,i,,False
ID0500,jama,b,B,True
ID0501,medxpert,e,,False
ID0502,jama,c,C,True
ID0503,medbullets,a,A,True
ID0504,medxpert,b,B,True
ID0505,medxpert,f,,False
ID0506,medxpert,d,D,True
ID0507,medxpert,e,,False
ID0508,jama,b,B,True
ID0509,medxpert,j,J,True
ID0510,mmlu,b,B,True
ID0511,jama,b,B,True
ID0512,jama,b,,False
ID0513,jama,b,B,True
ID0514,medxpert,i,I,True
ID0515,medxpert,d,,False
ID0516,medxpert,f,,False
ID0517,medbullets,a,A,True
ID0518,jama,c,,False
ID0519,medxpert,i,I,True
ID0520,mmlu,b,B,True
ID0521,medxpert,h,H,True
ID0522,jama,b,C,False
ID0523,medxpert,e,D,False
ID0524,jama,b,B,True
ID0525,jama,b,B,True
ID0526,medbullets,a,D,False
ID0527,jama,a,,False
ID0528,jama,b,B,True
ID0529,medbullets,d,D,True
ID0530,medxpert,c,,False
ID0531,mmlu,d,,False
ID0532,medxpert,b,B,True
ID0533,jama,c,C,True
ID0534,jama,b,B,True
ID0535,medbullets,c,C,True
ID0536,medxpert,f,J,False
ID0537,medxpert,a,,False
ID0538,medbullets,c,,False
ID0539,jama,d,C,False
ID0540,medxpert,h,,False
ID0541,jama,b,B,True
ID0542,mmlu,d,D,True
ID0543,mmlu,d,D,True
ID0544,mmlu,d,,False
ID0545,medxpert,h,,False
ID0546,medbullets,d,D,True
ID0547,jama,b,,False
ID0548,medxpert,f,,False
ID0549,medxpert,d,,False
ID0550,medxpert,j,,False
ID0551,jama,b,B,True
ID0552,jama,c,C,True
ID0553,jama,c,C,True
ID0554,mmlu,a,A,True
ID0555,jama,a,D,False
ID0556,mmlu,c,,False
ID0557,medxpert,f,,False
ID0558,medxpert,f,,False
ID0559,jama,d,B,False
ID0560,medxpert,a,,False
ID0561,jama,d,D,True
ID0562,medxpert,g,,False
ID0563,medbullets,a,,False
ID0564,medbullets,d,D,True
ID0565,jama,b,,False
ID0566,mmlu,b,B,True
ID0567,medxpert,d,C,False
ID0568,medbullets,c,C,True
ID0569,mmlu,d,D,True
ID0570,jama,d,,False
ID0571,medxpert,c,,False
ID0572,medxpert,c,C,True
ID0573,medxpert,f,,False
ID0574,medxpert,h,H,True
ID0575,jama,c,D,False
ID0576,mmlu,c,C,True
ID0577,jama,c,C,True
ID0578,mmlu,d,D,True
ID0579,medxpert,j,,False
ID0580,medxpert,h,,False
ID0581,medxpert,b,B,True
ID0582,medxpert,h,,False
ID0583,medxpert,g,,False
ID0584,jama,c,C,True
ID0585,medbullets,b,B,True
ID0586,jama,b,B,True
ID0587,medxpert,e,E,True
ID0588,medxpert,h,,False
ID0589,jama,c,C,True
ID0590,jama,a,D,False
ID0591,medxpert,c,C,True
ID0592,jama,c,C,True
ID0593,medxpert,j,,False
ID0594,medxpert,g,G,True
ID0595,medxpert,j,J,True
ID0596,jama,c,A,False
ID0597,medxpert,i,,False
ID0598,medxpert,d,C,False
ID0599,medbullets,a,A,True
ID0600,medbullets,b,B,True
ID0601,medbullets,d,A,False
ID0602,jama,d,D,True
ID0603,jama,b,C,False
ID0604,mmlu,c,C,True
ID0605,medxpert,f,E,False
ID0606,medxpert,a,,False
ID0607,mmlu,a,A,True
ID0608,medxpert,b,,False
ID0609,jama,d,D,True
ID0610,medxpert,h,,False
ID0611,mmlu,a,,False
ID0612,jama,c,,False
ID0613,medbullets,c,C,True
ID0614,medxpert,a,A,True
ID0615,medxpert,i,,False
ID0616,medxpert,i,I,True
ID0617,mmlu,d,D,True
ID0618,mmlu,a,A,True
ID0619,medbullets,c,C,True
ID0620,medbullets,d,,False
ID0621,medxpert,b,C,False
ID0622,mmlu,d,D,True
ID0623,medbullets,a,A,True
ID0624,jama,b,,False
ID0625,medxpert,i,I,True
ID0626,medxpert,d,D,True
ID0627,medxpert,j,J,True
ID0628,mmlu,c,C,True
ID0629,jama,c,C,True
ID0630,medxpert,e,,False
ID0631,jama,a,A,True
ID0632,medxpert,f,,False
ID0633,jama,b,B,True
ID0634,mmlu,b,B,True
ID0635,jama,d,D,True
ID0636,jama,c,C,True
ID0637,medxpert,g,,False
ID0638,medxpert,f,,False
ID0639,jama,b,B,True
ID0640,medxpert,j,,False
ID0641,medxpert,j,F,False
ID0642,jama,c,C,True
ID0643,jama,d,C,False
ID0644,medxpert,b,,False
ID0645,medxpert,j,,False
ID0646,medxpert,h,,False
ID0647,jama,b,C,False
ID0648,jama,b,B,True
ID0649,mmlu,b,,False
ID0650,mmlu,d,,False
ID0651,medxpert,c,C,True
ID0652,mmlu,a,A,True
ID0653,mmlu,d,D,True
ID0654,mmlu,c,C,True
ID0655,medxpert,e,E,True
ID0656,jama,a,A,True
ID0657,mmlu,d,,False
ID0658,medxpert,d,D,True
ID0659,jama,b,B,True
ID0660,jama,c,C,True
ID0661,jama,a,A,True
ID0662,medbullets,a,A,True
ID0663,mmlu,a,,False
ID0664,jama,b,B,True
ID0665,mmlu,c,C,True
ID0666,medxpert,h,,False
ID0667,jama,d,,False
ID0668,medxpert,c,H,False
ID0669,jama,d,D,True
ID0670,jama,b,B,True
ID0671,jama,d,D,True
ID0672,medxpert,g,G,True
ID0673,medbullets,b,A,False
ID0674,medbullets,d,,False
ID0675,jama,a,A,True
ID0676,jama,c,C,True
ID0677,medxpert,j,,False
ID0678,jama,a,,False
ID0679,medbullets,a,A,True
ID0680,medxpert,a,A,True
ID0681,medxpert,e,,False
ID0682,mmlu,c,C,True
ID0683,jama,d,D,True
ID0684,medxpert,j,J,True
ID0685,medxpert,i,,False
ID0686,medxpert,h,,False
ID0687,medxpert,c,,False
ID0688,medxpert,f,,False
ID0689,medxpert,b,,False
ID0690,medxpert,b,,False
ID0691,jama,c,D,False
ID0692,jama,a,B,False
ID0693,medbullets,d,D,True
ID0694,mmlu,a,,False
ID0695,mmlu,d,D,True
ID0696,medxpert,j,I,False
ID0697,jama,b,B,True
ID0698,medxpert,c,A,False
ID0699,jama,c,C,True
ID0700,jama,d,C,False
ID0701,medxpert,h,H,True
ID0702,medxpert,a,A,True
ID0703,jama,b,B,True
ID0704,medxpert,c,,False
ID0705,jama,b,,False
ID0706,medxpert,b,,False
ID0707,jama,d,,False
ID0708,jama,c,C,True
ID0709,jama,b,B,True
ID0710,jama,d,D,True
ID0711,medbullets,b,B,True
ID0712,mmlu,a,A,True
ID0713,medbullets,b,B,True
ID0714,jama,b,,False
ID0715,medbullets,b,B,True
ID0716,jama,d,D,True
ID0717,medxpert,b,B,True
ID0718,jama,b,B,True
ID0719,jama,c,C,True
ID0720,medxpert,d,,False
ID0721,jama,c,A,False
ID0722,medxpert,a,,False
ID0723,jama,a,B,False
ID0724,medxpert,g,,False
ID0725,medxpert,c,,False
ID0726,jama,b,B,True
ID0727,jama,a,,False
ID0728,medbullets,b,C,False
ID0729,jama,b,,False
ID0730,medbullets,c,,False
ID0731,jama,c,C,True
ID0732,medbullets,c,C,True
ID0733,jama,d,D,True
ID0734,jama,d,D,True
ID0735,mmlu,d,B,False
ID0736,jama,d,,False
ID0737,medxpert,f,J,False
ID0738,mmlu,c,,False
ID0739,jama,c,C,True
ID0740,jama,d,C,False
ID0741,jama,b,,False
ID0742,medxpert,j,,False
ID0743,jama,b,B,True
ID0744,jama,b,B,True
ID0745,jama,d,D,True
ID0746,jama,c,C,True
ID0747,jama,d,D,True
ID0748,medbullets,a,,False
ID0749,mmlu,a,,False
ID0750,mmlu,c,,False
ID0751,medxpert,e,,False
ID0752,mmlu,a,A,True
ID0753,medxpert,c,G,False
ID0754,jama,b,B,True
ID0755,medxpert,g,,False
ID0756,jama,a,A,True
ID0757,mmlu,b,B,True
ID0758,medxpert,d,D,True
ID0759,medbullets,b,B,True
ID0760,medxpert,i,,False
ID0761,medxpert,h,D,False
ID0762,jama,c,C,True
ID0763,jama,a,,False
ID0764,medxpert,j,B,False
ID0765,medxpert,j,J,True
ID0766,mmlu,d,D,True
ID0767,medxpert,a,,False
ID0768,medxpert,h,,False
ID0769,jama,b,B,True
ID0770,medxpert,e,E,True
ID0771,jama,a,,False
ID0772,medxpert,a,,False
ID0773,mmlu,d,D,True
ID0774,medxpert,g,,False
ID0775,jama,d,D,True
ID0776,jama,b,B,True
ID0777,medxpert,i,A,False
ID0778,medxpert,g,G,True
ID0779,jama,c,C,True
ID0780,jama,b,C,False
ID0781,jama,c,C,True
ID0782,jama,a,D,False
ID0783,jama,c,C,True
ID0784,medbullets,c,C,True
ID0785,jama,c,C,True
ID0786,medxpert,a,A,True
ID0787,jama,d,,False
ID0788,medbullets,b,B,True
ID0789,mmlu,a,A,True
ID0790,medbullets,c,C,True
ID0791,medxpert,i,,False
ID0792,medxpert,i,I,True
ID0793,medbullets,c,,False
ID0794,mmlu,b,,False
ID0795,jama,d,,False
ID0796,medbullets,d,D,True
ID0797,jama,c,C,True
ID0798,medxpert,h,H,True
ID0799,mmlu,d,D,True
ID0800,jama,c,C,True
ID0801,medbullets,b,B,True
ID0802,mmlu,d,D,True
ID0803,jama,d,D,True
ID0804,jama,c,,False
ID0805,medxpert,j,J,True
ID0806,medbullets,b,,False
ID0807,jama,b,,False
ID0808,medxpert,i,,False
ID0809,jama,b,B,True
ID0810,medbullets,c,C,True
ID0811,medxpert,a,A,True
ID0812,jama,b,,False
ID0813,medxpert,d,D,True
ID0814,jama,c,B,False
ID0815,medxpert,g,I,False
ID0816,medxpert,i,E,False
ID0817,medxpert,b,,False
ID0818-new,,b,,False
ID0819,mmlu,c,C,True
ID0820,medxpert,e,,False
ID0821,medxpert,a,A,True
ID0822,jama,a,,False
ID0823,medxpert,b,,False
ID0824,medbullets,a,A,True
ID0825,medbullets,d,D,True
ID0826,jama,c,C,True
ID0827,medxpert,h,C,False
ID0828,medxpert,e,E,True
ID0829,jama,d,,False
ID0830,medbullets,a,A,True
ID0831,medxpert,f,F,True
ID0832,jama,d,D,True
ID0833,medbullets,c,C,True
ID0834,jama,c,C,True
ID0835,medbullets,a,A,True
ID0836,medbullets,b,B,True
ID0837,jama,c,C,True
ID0838,mmlu,d,,False
ID0839,jama,b,,False
ID0840,mmlu,a,A,True
ID0841,medbullets,d,C,False
ID0842,medbullets,d,C,False
ID0843,medxpert,b,B,True
ID0844,medbullets,a,A,True
ID0845,medbullets,c,C,True
ID0846,jama,c,C,True
ID0847,jama,b,B,True
ID0848,medxpert,f,,False
ID0849,medxpert,e,,False
ID0850,jama,c,C,True
ID0851,mmlu,d,D,True
ID0852,medbullets,a,A,True
ID0853,medbullets,b,B,True
ID0854,jama,a,A,True
ID0855,jama,d,D,True
ID0856,medxpert,j,J,True
ID0857,medxpert,g,,False
ID0858,jama,b,B,True
ID0859,jama,c,C,True
ID0860,medxpert,b,B,True
ID0861,medbullets,c,C,True
ID0862,jama,b,B,True
ID0863,jama,c,,False
ID0864,mmlu,a,A,True
ID0865,medxpert,b,,False
ID0866,jama,d,D,True
ID0867,jama,b,B,True
ID0868,medxpert,c,,False
ID0869,jama,b,B,True
ID0870,medxpert,b,A,False
ID0871,jama,b,C,False
ID0872,medxpert,d,D,True
ID0873,medxpert,h,,False
ID0874,medxpert,d,,False
ID0875,jama,c,,False
ID0876,jama,b,B,True
ID0877,jama,c,,False
ID0878,jama,b,B,True
ID0879,jama,c,C,True
ID0880,medxpert,i,F,False
ID0881,medxpert,d,,False
ID0882,medxpert,a,,False
ID0883,medxpert,c,G,False
ID0884,mmlu,c,C,True
ID0885,medbullets,d,D,True
ID0886,medxpert,d,,False
ID0887,medbullets,b,B,True
ID0888,medxpert,b,,False
ID0889,jama,d,D,True
ID0890,jama,b,,False
ID0891,medxpert,g,,False
ID0892,medxpert,d,,False
ID0893,medbullets,d,D,True
ID0894,jama,b,B,True
ID0895,jama,c,C,True
ID0896,medxpert,j,,False
ID0897,medbullets,d,,False
ID0898,medxpert,i,,False
ID0899,jama,b,B,True
ID0900,jama,c,C,True
ID0901,medbullets,b,B,True
ID0902,medxpert,d,I,False
ID0903,medxpert,g,,False
ID0904,jama,a,A,True
ID0905,jama,c,C,True
ID0906,medxpert,f,,False
ID0907,medxpert,e,C,False
ID0908,jama,c,C,True
ID0909,mmlu,a,A,True
ID0910,mmlu,d,D,True
ID0911,mmlu,d,D,True
ID0912,medxpert,e,E,True
ID0913,medxpert,a,,False
ID0914,medxpert,b,,False
ID0915,jama,c,C,True
ID0916,jama,d,D,True
ID0917,jama,a,,False
ID0918,mmlu,d,D,True
ID0919,medxpert,a,A,True
ID0920,medxpert,b,,False
ID0921,medxpert,f,,False
ID0922,medxpert,i,I,True
ID0923,medbullets,a,A,True
ID0924,medbullets,b,B,True
ID0925,jama,b,B,True
ID0926,medxpert,a,A,True
ID0927,jama,a,B,False
ID0928,medbullets,c,C,True
ID0929,medbullets,a,,False
ID0930,medxpert,b,,False
ID0931,medxpert,b,,False
ID0932,medxpert,i,,False
ID0933,medxpert,c,,False
ID0934,medxpert,g,G,True
ID0935,jama,a,A,True
ID0936,jama,a,,False
ID0937,jama,c,C,True
ID0938,medxpert,b,,False
ID0939,jama,a,A,True
ID0940,mmlu,d,,False
ID0941,medxpert,c,E,False
ID0942,medxpert,g,H,False
ID0943,medbullets,a,,False
ID0944,mmlu,b,B,True
ID0945,mmlu,c,,False
ID0946,medxpert,b,,False
ID0947,medxpert,h,,False
ID0948,medxpert,f,F,True
ID0949,medbullets,c,C,True
ID0950,medxpert,e,,False
ID0951,mmlu,b,B,True
ID0952,jama,d,,False
ID0953,mmlu,d,D,True
ID0954,jama,b,B,True
ID0955,medxpert,d,,False
ID0956,medxpert,c,,False
ID0957,medxpert,j,J,True
ID0958,jama,b,,False
ID0959,jama,d,,False
ID0960,medxpert,h,,False
ID0961,jama,a,A,True
ID0962,jama,c,A,False
ID0963,mmlu,d,D,True
ID0964,jama,b,,False
ID0965,medxpert,f,F,True
ID0966,medxpert,d,,False
ID0967,medbullets,b,B,True
ID0968,jama,a,C,False
ID0969,jama,c,C,True
ID0970,medbullets,b,B,True
ID0971,medbullets,a,,False
ID0972,medxpert,b,B,True
ID0973,jama,d,D,True
ID0974,medbullets,c,D,False
ID0975,medxpert,d,,False
ID0976,jama,a,A,True
ID0977,jama,c,B,False
ID0978,medxpert,c,,False
ID0979,medxpert,b,B,True
ID0980,mmlu,b,,False
ID0981,jama,c,C,True
ID0982,jama,c,C,True
ID0983,medxpert,h,,False
ID0984,jama,a,,False
ID0985,jama,a,,False
ID0986,jama,a,,False
ID0987,medbullets,a,A,True
ID0988,medxpert,g,,False
ID0989,mmlu,d,,False
ID0990,jama,d,D,True
ID0991,jama,b,C,False
ID0992,medxpert,b,B,True
ID0993,jama,c,C,True
ID0994,medxpert,a,C,False
ID0995,medxpert,a,,False
ID0996,jama,c,C,True
ID0997,medxpert,c,,False
ID0998,jama,b,B,True
ID0999,mmlu,d,D,True
ID1000,jama,b,,False
ID1001,jama,c,C,True
ID1002,jama,c,C,True
ID1003,medbullets,c,,False
ID1004,medbullets,a,,False
ID1005,jama,c,C,True
ID1006,jama,c,B,False
ID1007,medxpert,j,,False
ID1008,mmlu,d,,False
ID1009,medxpert,d,D,True
ID1010,medbullets,b,,False
ID1011,jama,a,D,False
ID1012,medxpert,f,,False
ID1013,mmlu,d,D,True
ID1014,jama,b,B,True
ID1015,jama,d,D,True
ID1016,jama,a,D,False
ID1017,jama,d,D,True
ID1018,medxpert,g,,False
ID1019,jama,a,D,False
ID1020,jama,a,C,False
ID1021,jama,a,A,True
ID1022,jama,d,D,True
ID1023,jama,b,,False
ID1024,medbullets,d,D,True
ID1025,mmlu,a,A,True
ID1026,medxpert,d,B,False
ID1027,medxpert,i,,False
ID1028,medbullets,d,D,True
ID1029,medxpert,c,G,False
ID1030,medxpert,a,,False
ID1031,medxpert,g,G,True
ID1032,jama,b,A,False
ID1033,mmlu,c,,False
ID1034,jama,a,,False
ID1035,jama,c,C,True
ID1036,medxpert,c,,False
ID1037,jama,b,B,True
ID1038,jama,b,D,False
ID1039,medxpert,b,,False
ID1040,jama,d,D,True
ID1041,mmlu,c,,False
ID1042,mmlu,d,,False
ID1043,jama,a,,False
ID1044,mmlu,c,C,True
ID1045,medxpert,j,,False
ID1046,medxpert,g,,False
ID1047,jama,d,B,False
ID1048,jama,b,B,True
ID1049,jama,d,D,True
ID1050,jama,d,,False
ID1051,medbullets,d,A,False
ID1052,medxpert,g,,False
ID1053,jama,d,,False
ID1054,medxpert,e,,False
ID1055,medxpert,e,E,True
ID1056,medxpert,a,,False
ID1057,medxpert,g,,False
ID1058,medxpert,d,D,True
ID1059,mmlu,d,C,False
ID1060,jama,a,C,False
ID1061,medxpert,j,,False
ID1062,medxpert,j,E,False
ID1063,mmlu,b,B,True
ID1064,mmlu,a,A,True
ID1065,medxpert,g,G,True
ID1066,medxpert,g,B,False
ID1067,medxpert,g,G,True
ID1068,jama,a,C,False
ID1069,jama,b,,False
ID1070,jama,b,B,True
ID1071,jama,b,B,True
ID1072,medxpert,h,A,False
ID1073,jama,d,D,True
ID1074,medxpert,d,D,True
ID1075,jama,c,C,True
ID1076,jama,c,B,False
ID1077,jama,d,D,True
ID1078,jama,c,,False
ID1079,jama,c,C,True
ID1080,jama,b,B,True
ID1081,medbullets,d,D,True
ID1082,mmlu,b,B,True
ID1083,jama,d,,False
ID1084,jama,d,D,True
ID1085,medxpert,d,D,True
ID1086,jama,b,,False
ID1087,jama,b,B,True
ID1088,mmlu,b,B,True
ID1089,jama,b,B,True
ID1090,jama,d,D,True
ID1091,medxpert,a,,False
ID1092,mmlu,a,,False
ID1093,medbullets,b,C,False
ID1094,medxpert,g,,False
ID1095,medxpert,i,,False
ID1096,medxpert,c,,False
ID1097,jama,b,,False
ID1098,jama,a,A,True
ID1099,jama,a,A,True
ID1100,medxpert,h,,False
ID1101,jama,b,C,False
ID1102,medxpert,b,B,True
ID1103,jama,d,,False
ID1104,medxpert,j,,False
ID1105,mmlu,d,,False
ID1106,medxpert,e,,False
ID1107,jama,a,,False
ID1108,medxpert,e,E,True
ID1109,jama,c,,False
ID1110,jama,a,A,True
ID1111,jama,d,,False
ID1112,mmlu,a,A,True
ID1113,jama,c,C,True
ID1114,mmlu,c,C,True
ID1115,mmlu,d,,False
ID1116,medbullets,b,B,True
ID1117,medxpert,c,C,True
ID1118,jama,a,B,False
ID1119,jama,b,B,True
ID1120,jama,d,,False
ID1121,jama,c,C,True
ID1122,jama,b,,False
ID1123,jama,d,D,True
ID1124,jama,c,,False
ID1125,medxpert,a,A,True
ID1126,medxpert,f,,False
ID1127,jama,b,C,False
ID1128,jama,b,,False
ID1129,medbullets,c,C,True
ID1130,medbullets,a,A,True
ID1131,jama,d,D,True
ID1132,jama,d,D,True
ID1133,medxpert,c,,False
ID1134,medxpert,a,,False
ID1135,jama,b,B,True
ID1136,medxpert,d,,False
ID1137,medbullets,b,B,True
ID1138,jama,c,A,False
ID1139,jama,b,B,True
ID1140,jama,c,C,True
ID1141,medxpert,f,G,False
ID1142,medbullets,d,D,True
ID1143,mmlu,d,,False
ID1144,jama,c,,False
ID1145,medxpert,i,,False
ID1146,jama,b,B,True
ID1147,medxpert,e,E,True
ID1148,jama,b,B,True
ID1149,jama,d,D,True
ID1150,jama,a,A,True
ID1151,medxpert,b,C,False
ID1152,mmlu,c,C,True
ID1153,medbullets,a,A,True
ID1154,medxpert,d,D,True
ID1155,medxpert,i,C,False
ID1156,medxpert,h,,False
ID1157,medbullets,c,C,True
ID1158,medbullets,c,C,True
ID1159,jama,c,,False
ID1160,jama,a,B,False
ID1161,medxpert,g,J,False
ID1162,jama,b,B,True
ID1163,mmlu,d,D,True
ID1164,jama,b,B,True
ID1165,medxpert,i,,False
ID1166,jama,b,B,True
ID1167,jama,a,A,True
ID1168,medxpert,a,,False
ID1169,medxpert,g,,False
ID1170,jama,c,C,True
ID1171,jama,b,B,True
ID1172,medxpert,f,F,True
ID1173,medxpert,a,,False
ID1174,jama,d,C,False
ID1175,jama,a,A,True
ID1176,medxpert,b,B,True
ID1177,medxpert,h,,False
ID1178,jama,a,C,False
ID1179,medxpert,i,C,False
ID1180,mmlu,d,D,True
ID1181,mmlu,d,D,True
ID1182,mmlu,b,B,True
ID1183,jama,c,C,True
ID1184,medxpert,c,C,True
ID1185,jama,c,C,True
ID1186,medxpert,f,,False
ID1187,mmlu,d,D,True
ID1188,medbullets,b,,False
ID1189,medxpert,b,A,False
ID1190,medxpert,c,H,False
ID1191,medxpert,g,,False
ID1192,medxpert,j,,False
ID1193,jama,b,B,True
ID1194,medxpert,d,H,False
ID1195,medxpert,f,,False
ID1196,medxpert,i,,False
ID1197,jama,c,C,True
ID1198,jama,c,C,True
ID1199,medxpert,a,A,True
ID1200,medbullets,c,C,True
ID1201,jama,c,C,True
ID1202,medbullets,a,A,True
ID1203,medxpert,i,,False
ID1204,jama,c,C,True
ID1205,jama,b,,False
ID1206,mmlu,b,B,True
ID1207,jama,a,D,False
ID1208,medxpert,d,B,False
ID1209,mmlu,d,D,True
ID1210,medxpert,d,,False
ID1211,medxpert,d,,False
ID1212,medxpert,j,I,False
ID1213,medxpert,f,,False
ID1214,jama,c,C,True
ID1215,jama,b,B,True
ID1216,jama,b,B,True
ID1217,jama,d,D,True
ID1218,medbullets,a,A,True
ID1219,jama,b,C,False
ID1220,medbullets,d,,False
ID1221,medbullets,d,D,True
ID1222,medxpert,d,,False
ID1223,mmlu,d,D,True
ID1224,jama,b,B,True
ID1225,medxpert,a,,False
ID1226,medxpert,j,G,False
ID1227,mmlu,c,C,True
ID1228,medbullets,b,B,True
ID1229,jama,a,B,False
ID1230,jama,a,B,False
ID1231,medxpert,c,,False
ID1232,medbullets,c,C,True
ID1233,jama,c,C,True
ID1234,jama,b,B,True
ID1235,mmlu,d,,False
ID1236,jama,a,D,False
ID1237,medxpert,b,,False
ID1238,medxpert,a,,False
ID1239,mmlu,d,D,True
ID1240,mmlu,a,A,True
ID1241,jama,b,,False
ID1242,jama,c,C,True
ID1243,medxpert,g,,False
ID1244,jama,c,C,True
ID1245,medbullets,b,B,True
ID1246,medbullets,a,A,True
ID1247,jama,b,B,True
ID1248,mmlu,d,D,True
ID1249,medbullets,a,A,True
ID1250,medxpert,d,,False
ID1251,medxpert,c,C,True
ID1252,medxpert,g,G,True
ID1253,medxpert,g,,False
ID1254,medxpert,e,E,True
ID1255,medxpert,h,I,False
ID1256,medxpert,a,D,False
ID1257,medxpert,a,,False
ID1258,mmlu,d,D,True
ID1259,medbullets,d,,False
ID1260,jama,c,C,True
ID1261,mmlu,b,B,True
ID1262,medbullets,b,B,True
ID1263,medxpert,a,,False
ID1264,jama,c,C,True
ID1265,medxpert,b,,False
ID1266,jama,c,C,True
ID1267,jama,a,A,True
ID1268,mmlu,d,D,True
ID1269,medbullets,c,C,True
ID1270,medxpert,j,J,True
ID1271,medbullets,d,D,True
ID1272,mmlu,a,A,True
ID1273,jama,c,C,True
ID1274,medxpert,f,,False
ID1275,jama,a,B,False
ID1276,jama,c,C,True
ID1277,mmlu,d,D,True
ID1278,medbullets,c,C,True
ID1279,medbullets,c,C,True
ID1280,medxpert,b,B,True
ID1281,jama,b,B,True
ID1282,medxpert,i,,False
ID1283,medxpert,j,,False
ID1284,medxpert,h,H,True
ID1285,jama,b,B,True
ID1286,jama,b,B,True
ID1287,mmlu,d,D,True
ID1288,jama,c,C,True
ID1289,jama,c,C,True
ID1290,jama,a,A,True
ID1291,medxpert,j,H,False
ID1292,mmlu,d,,False
ID1293,medbullets,d,,False
ID1294,medxpert,e,B,False
ID1295,medxpert,a,,False
ID1296,mmlu,b,B,True
ID1297,mmlu,b,B,True
ID1298,medxpert,h,H,True
ID1299,medxpert,e,E,True
ID1300,jama,a,,False
ID1301,jama,b,B,True
ID1302,mmlu,d,D,True
ID1303,jama,a,C,False
ID1304,mmlu,a,,False
ID1305,medxpert,a,,False
ID1306,medxpert,b,,False
ID1307,medbullets,d,D,True
ID1308,jama,d,B,False
ID1309,medxpert,e,D,False
ID1310,mmlu,d,D,True
ID1311,medxpert,i,B,False
ID1312,medxpert,h,F,False
ID1313,medbullets,d,C,False
ID1314,jama,b,B,True
ID1315,medbullets,d,D,True
ID1316,mmlu,c,C,True
ID1317,mmlu,d,,False
ID1318,jama,c,C,True
ID1319,medbullets,a,,False
ID1320,jama,c,C,True
ID1321,jama,c,C,True
ID1322,jama,a,,False
ID1323,medxpert,h,,False
ID1324,medxpert,d,F,False
ID1325,mmlu,d,,False
ID1326,medxpert,h,,False
ID1327,medxpert,e,,False
ID1328,medxpert,h,H,True
ID1329,medbullets,d,D,True
ID1330,mmlu,b,B,True
ID1331,mmlu,b,B,True
ID1332,jama,b,B,True
ID1333,medxpert,c,C,True
ID1334,jama,c,C,True
ID1335,mmlu,d,D,True
ID1336,mmlu,c,C,True
ID1337,medbullets,a,A,True
ID1338,medbullets,d,D,True
ID1339,mmlu,d,D,True
ID1340,medxpert,c,C,True
ID1341,medxpert,i,,False
ID1342,medxpert,f,,False
ID1343,medbullets,b,D,False
ID1344,medxpert,g,,False
ID1345,medbullets,c,C,True
ID1346,jama,c,C,True
ID1347,jama,a,A,True
ID1348,jama,c,C,True
ID1349,jama,d,D,True
ID1350,jama,a,A,True
ID1351,medxpert,a,,False
ID1352,jama,a,D,False
ID1353,jama,c,C,True
ID1354,jama,b,B,True
ID1355,mmlu,a,A,True
ID1356,medxpert,c,F,False
ID1357,medxpert,e,B,False
ID1358,medxpert,d,,False
ID1359,jama,a,A,True
ID1360,jama,d,D,True
ID1361,medxpert,a,,False
ID1362,medbullets,b,B,True
ID1363,medxpert,b,,False
ID1364,medxpert,g,,False
ID1365,jama,a,,False
ID1366,jama,b,B,True
ID1367,medxpert,d,,False
ID1368,jama,d,D,True
ID1369,medxpert,c,C,True
ID1370,medxpert,d,,False
ID1371,medbullets,a,A,True
ID1372,medxpert,d,,False
ID1373,jama,c,C,True
ID1374,jama,a,A,True
ID1375,medbullets,b,,False
ID1376,jama,a,A,True
ID1377,jama,c,C,True
ID1378,medbullets,b,B,True
ID1379,medxpert,c,,False
ID1380,medxpert,a,A,True
ID1381,jama,a,B,False
ID1382,jama,c,C,True
ID1383,mmlu,d,A,False
ID1384,medbullets,a,A,True
ID1385,medxpert,c,A,False
ID1386,jama,a,,False
ID1387,jama,c,C,True
ID1388,jama,c,C,True
ID1389,medxpert,e,E,True
ID1390,medbullets,d,,False
ID1391,jama,d,D,True
ID1392,medxpert,g,J,False
ID1393,jama,c,,False
ID1394,medbullets,c,C,True
ID1395,medxpert,j,J,True
ID1396,medxpert,j,J,True
ID1397,medbullets,b,C,False
ID1398,jama,c,C,True
ID1399,medxpert,e,E,True
ID1400,medxpert,a,,False
ID1401,jama,c,C,True
ID1402,jama,c,C,True
ID1403,jama,b,B,True
ID1404,mmlu,d,,False
ID1405,mmlu,b,B,True
ID1406,medxpert,j,,False
ID1407,jama,b,,False
ID1408,medxpert,e,,False
ID1409,medxpert,g,G,True
ID1410,jama,c,,False
ID1411,medbullets,b,B,True
ID1412,jama,a,,False
ID1413,medbullets,b,C,False
ID1414,medxpert,i,B,False
ID1415,jama,d,,False
ID1416,jama,b,B,True
ID1417,medxpert,c,,False
ID1418,mmlu,d,D,True
ID1419,jama,b,B,True
ID1420,medxpert,g,,False
ID1421,mmlu,d,D,True
ID1422,medbullets,b,C,False
ID1423,medxpert,b,F,False
ID1424,medbullets,c,,False
ID1425,mmlu,d,D,True
ID1426,mmlu,d,D,True
ID1427,medxpert,b,,False
ID1428,medxpert,a,F,False
ID1429,jama,c,C,True
ID1430,jama,c,C,True
ID1431,jama,a,A,True
ID1432,medxpert,e,E,True
ID1433,medxpert,c,,False
ID1434,medxpert,d,D,True
ID1435,jama,c,,False
ID1436,jama,c,,False
ID1437,jama,d,,False
ID1438,jama,d,D,True
ID1439,medbullets,b,B,True
ID1440,mmlu,c,,False
ID1441,medxpert,d,,False
ID1442,mmlu,d,D,True
ID1443,medxpert,g,,False
ID1444,jama,d,,False
ID1445,mmlu,a,A,True
ID1446,mmlu,c,C,True
ID1447,mmlu,d,,False
ID1448,medxpert,b,B,True
ID1449,medxpert,h,C,False
ID1450,jama,d,C,False
ID1451,medxpert,d,,False
ID1452,medbullets,d,D,True
ID1453,jama,c,D,False
ID1454,mmlu,b,B,True
ID1455,medxpert,e,,False
ID1456,medxpert,b,,False
ID1457,medbullets,a,A,True
ID1458,jama,c,C,True
ID1459,jama,a,A,True
ID1460,mmlu,d,D,True
ID1461,medxpert,a,,False
ID1462,medxpert,a,A,True
ID1463,medxpert,g,G,True
ID1464,jama,c,A,False
ID1465,jama,c,,False
ID1466,mmlu,d,D,True
ID1467,mmlu,d,D,True
ID1468,medbullets,d,A,False
ID1469,jama,c,C,True
ID1470,jama,b,,False
ID1471,medxpert,a,,False
ID1472,medxpert,h,,False
ID1473,medxpert,h,,False
ID1474,mmlu,b,B,True
ID1475,medbullets,c,C,True
ID1476,jama,a,C,False
ID1477,jama,b,B,True
ID1478,medxpert,c,,False
ID1479,mmlu,d,D,True
ID1480,medbullets,d,D,True
ID1481,jama,a,C,False
ID1482,jama,d,,False
ID1483,medxpert,h,F,False
ID1484,jama,b,,False
ID1485,jama,a,C,False
ID1486,jama,b,B,True
ID1487,jama,b,,False
ID1488,medbullets,d,D,True
ID1489,medbullets,a,A,True
ID1490,medbullets,a,A,True
ID1491,jama,b,B,True
ID1492,medxpert,f,F,True
ID1493,medxpert,i,,False
ID1494,medbullets,b,B,True
ID1495,medbullets,b,B,True
ID1496,medbullets,a,A,True
ID1497,mmlu,b,,False
ID1498,medxpert,i,,False
ID1499,jama,c,,False
ID1500,mmlu,c,C,True
ID1501,medxpert,e,J,False
ID1502,jama,a,,False
ID1503,medxpert,i,,False
ID1504,medxpert,d,D,True
ID1505,jama,d,D,True
ID1506,mmlu,d,D,True
ID1507,mmlu,c,C,True
ID1508,medbullets,d,D,True
ID1509,medxpert,d,,False
ID1510,jama,b,D,False
ID1511,medxpert,c,,False
ID1512,medxpert,h,,False
ID1513,jama,d,D,True
ID1514,jama,a,A,True
ID1515,mmlu,a,A,True
ID1516,mmlu,d,,False
ID1517,jama,c,C,True
ID1518,jama,d,D,True
ID1519,medxpert,j,,False
ID1520,jama,a,A,True
ID1521,medbullets,b,,False
ID1522,medxpert,f,,False
ID1523,mmlu,d,,False
ID1524,mmlu,c,C,True
ID1525,jama,a,A,True
ID1526,medbullets,b,B,True
ID1527,jama,c,,False
ID1528,jama,b,,False
ID1529,jama,b,B,True
ID1530,jama,d,D,True
ID1531,jama,c,C,True
ID1532,jama,b,B,True
ID1533,jama,c,D,False
ID1534,medbullets,c,C,True
ID1535,medxpert,h,,False
ID1536,medbullets,a,A,True
ID1537,medxpert,g,,False
ID1538,jama,b,B,True
ID1539,medbullets,d,D,True
ID1540,jama,b,B,True
ID1541,medbullets,b,B,True
ID1542,medxpert,f,,False
ID1543,mmlu,d,D,True
ID1544,mmlu,c,C,True
ID1545,jama,c,C,True
ID1546,medxpert,g,,False
ID1547,mmlu,c,,False
ID1548,medbullets,d,,False
ID1549,medxpert,a,,False
ID1550,jama,d,B,False
ID1551,jama,c,C,True
ID1552,medbullets,d,D,True
ID1553,medbullets,a,A,True
ID1554,medxpert,c,,False
ID1555,jama,c,C,True
ID1556,jama,d,,False
ID1557,medxpert,i,I,True
ID1558,jama,a,A,True
ID1559,medxpert,j,J,True
ID1560,jama,d,D,True
ID1561,jama,a,A,True
ID1562,medxpert,c,,False
ID1563,medxpert,c,,False
ID1564,medxpert,a,,False
ID1565,medbullets,b,B,True
ID1566,medbullets,b,B,True
ID1567,medxpert,e,E,True
ID1568,jama,b,,False
ID1569,mmlu,d,D,True
ID1570,medbullets,a,A,True
ID1571,medxpert,b,B,True
ID1572,medxpert,f,F,True
ID1573,jama,c,C,True
ID1574,jama,c,C,True
ID1575,jama,c,C,True
ID1576,jama,c,,False
ID1577,medxpert,h,,False
ID1578,medxpert,h,H,True
ID1579,medxpert,j,,False
ID1580,medxpert,j,C,False
ID1581,jama,d,D,True
ID1582,medxpert,c,F,False
ID1583,mmlu,a,A,True
ID1584,jama,a,A,True
ID1585,jama,c,C,True
ID1586,mmlu,d,D,True
ID1587,mmlu,b,B,True
ID1588,jama,d,D,True
ID1589,medxpert,d,,False
ID1590,mmlu,a,A,True
ID1591,medxpert,h,I,False
ID1592,jama,c,,False
ID1593,medxpert,e,J,False
ID1594,jama,b,B,True
ID1595,medxpert,d,,False
ID1596,mmlu,d,D,True
ID1597,medxpert,j,,False
ID1598,medxpert,e,,False
ID1599,medbullets,b,B,True
ID1600,medxpert,b,,False
ID1601,jama,c,C,True
ID1602,medbullets,c,A,False
ID1603,medxpert,e,,False
ID1604,jama,b,,False
ID1605,jama,b,C,False
ID1606,medxpert,e,,False
ID1607,jama,c,C,True
ID1608,medxpert,a,,False
ID1609,medxpert,b,,False
ID1610,jama,b,B,True
ID1611,jama,a,,False
ID1612,jama,c,C,True
ID1613,mmlu,d,D,True
ID1614,medxpert,i,I,True
ID1615,jama,d,,False
ID1616,medxpert,a,,False
ID1617,medxpert,d,D,True
ID1618,jama,a,C,False
ID1619,medxpert,i,,False
ID1620,jama,a,,False
ID1621,medxpert,f,,False
ID1622,mmlu,d,D,True
ID1623,mmlu,a,,False
ID1624,medxpert,j,,False
ID1625,medxpert,h,H,True
ID1626,medxpert,i,,False
ID1627,medxpert,f,,False
ID1628,medxpert,d,,False
ID1629,medbullets,c,C,True
ID1630,medxpert,g,,False
ID1631,jama,d,,False
ID1632,medbullets,c,C,True
ID1633,mmlu,d,D,True
ID1634,medbullets,a,A,True
ID1635,medxpert,h,,False
ID1636,medbullets,b,B,True
ID1637,medbullets,d,D,True
ID1638,jama,d,D,True
ID1639,medxpert,h,,False
ID1640,medxpert,f,E,False
ID1641,jama,d,D,True
ID1642,mmlu,d,,False
ID1643,medxpert,j,,False
ID1644,medxpert,b,,False
ID1645,jama,d,D,True
ID1646,medxpert,c,C,True
ID1647,medxpert,e,,False
ID1648,jama,c,,False
ID1649,medxpert,c,,False
ID1650,mmlu,b,B,True
ID1651,jama,b,B,True
ID1652,jama,a,A,True
ID1653,jama,b,B,True
ID1654,medxpert,j,J,True
ID1655,jama,b,B,True
ID1656,medxpert,e,E,True
ID1657,mmlu,c,,False
ID1658,medxpert,h,,False
ID1659,jama,b,B,True
ID1660,mmlu,c,C,True
ID1661,medxpert,i,,False
ID1662,mmlu,d,D,True
ID1663,jama,b,B,True
ID1664,jama,d,D,True
ID1665,medxpert,a,,False
ID1666,medbullets,d,D,True
ID1667,medxpert,f,A,False
ID1668,medbullets,a,A,True
ID1669,medxpert,a,,False
ID1670,medxpert,a,,False
ID1671,jama,b,B,True
ID1672,jama,d,D,True
ID1673,medxpert,b,B,True
ID1674,jama,c,C,True
ID1675,medxpert,i,,False
ID1676,medxpert,g,G,True
ID1677,medxpert,g,,False
ID1678,jama,a,C,False
ID1679,jama,d,D,True
ID1680,jama,c,C,True
ID1681,medxpert,c,,False
ID1682,medxpert,g,,False
ID1683,jama,b,B,True
ID1684,medxpert,g,G,True
ID1685,medbullets,c,B,False
ID1686,jama,d,,False
ID1687,medxpert,c,E,False
ID1688,mmlu,d,D,True
ID1689,jama,b,B,True
ID1690,medxpert,f,,False
ID1691,medxpert,f,F,True
ID1692,jama,c,C,True
ID1693,medbullets,c,C,True
ID1694,medxpert,j,J,True
ID1695,jama,b,B,True
ID1696,medxpert,j,J,True
ID1697,jama,b,B,True
ID1698,medxpert,b,B,True
ID1699,jama,d,D,True
ID1700,mmlu,c,C,True
ID1701,mmlu,b,B,True
ID1702,jama,c,C,True
ID1703,jama,c,,False
ID1704,medbullets,c,C,True
ID1705,medxpert,c,,False
ID1706,medbullets,c,C,True
ID1707,jama,a,,False
ID1708,medxpert,c,,False
ID1709,medbullets,a,,False
ID1710,jama,b,B,True
ID1711,jama,c,C,True
ID1712,medxpert,b,C,False
ID1713,jama,c,C,True
ID1714,jama,b,B,True
ID1715,mmlu,d,D,True
ID1716,jama,c,D,False
ID1717,medxpert,i,A,False
ID1718,medbullets,c,C,True
ID1719,jama,c,,False
ID1720,medxpert,j,,False
ID1721,medxpert,f,,False
ID1722,medxpert,a,J,False
ID1723,medxpert,e,,False
ID1724,medxpert,g,A,False
ID1725,mmlu,d,D,True
ID1726,medxpert,j,,False
ID1727,medxpert,c,C,True
ID1728,jama,d,C,False
ID1729,medxpert,d,,False
ID1730,medbullets,b,,False
ID1731,medxpert,c,,False
ID1732,jama,d,D,True
ID1733,jama,a,,False
ID1734,jama,d,D,True
ID1735,jama,b,,False
ID1736,jama,d,,False
ID1737,medxpert,g,,False
ID1738,medbullets,a,A,True
ID1739,medxpert,d,,False
ID1740,medxpert,a,,False
ID1741,medxpert,f,F,True
ID1742,medxpert,c,C,True
ID1743,medxpert,a,A,True
ID1744,medxpert,a,A,True
ID1745,medxpert,e,,False
ID1746,medxpert,e,E,True
ID1747,jama,a,C,False
ID1748,medxpert,c,,False
ID1749,mmlu,d,D,True
ID1750,medxpert,h,I,False
ID1751,medxpert,h,H,True
ID1752,medxpert,d,,False
ID1753,medxpert,c,,False
ID1754,medxpert,j,,False
ID1755,medxpert,e,B,False
ID1756,jama,b,B,True
ID1757,medxpert,d,J,False
ID1758,medxpert,h,F,False
ID1759,medxpert,f,,False
ID1760,medxpert,h,,False
ID1761,jama,b,D,False
ID1762,jama,b,B,True
ID1763,medxpert,c,,False
ID1764,medxpert,c,,False
ID1765,jama,d,C,False
ID1766,medxpert,b,D,False
ID1767,medxpert,f,F,True
ID1768,medbullets,c,C,True
ID1769,jama,a,C,False
ID1770,jama,c,,False
ID1771,medxpert,g,,False
ID1772,medxpert,e,E,True
ID1773,medxpert,b,B,True
ID1774,mmlu,b,B,True
ID1775,medxpert,c,G,False
ID1776,medxpert,b,B,True
ID1777,medxpert,e,E,True
ID1778,medxpert,i,I,True
ID1779,medxpert,d,D,True
ID1780,medxpert,f,,False
ID1781,medxpert,d,,False
ID1782,medxpert,b,,False
ID1783,medxpert,j,J,True
ID1784,medxpert,i,,False
ID1785,medxpert,f,,False
ID1786,medbullets,d,D,True
ID1787,jama,a,A,True
ID1788,mmlu,d,D,True
ID1789,medxpert,f,F,True
ID1790,jama,b,B,True
ID1791,jama,c,C,True
ID1792,jama,c,C,True
ID1793,mmlu,b,B,True
ID1794,medxpert,b,,False
ID1795,medxpert,a,A,True
ID1796,mmlu,b,,False
ID1797,jama,b,B,True
ID1798,mmlu,a,A,True
ID1799,jama,d,D,True
ID1800,mmlu,a,A,True
ID1801,medxpert,a,,False
ID1802,jama,c,C,True
ID1803,medxpert,d,,False
ID1804,medxpert,a,,False
ID1805,jama,a,,False
ID1806,medxpert,a,,False
ID1807,jama,d,B,False
ID1808,mmlu,b,B,True
ID1809,jama,c,C,True
ID1810,medxpert,d,,False
ID1811,jama,c,C,True
ID1812,medbullets,c,C,True
ID1813,medxpert,f,,False
ID1814,medxpert,i,,False
ID1815,medxpert,d,,False
ID1816,medbullets,c,,False
ID1817,medxpert,c,C,True
ID1818,mmlu,b,B,True
ID1819,jama,a,C,False
ID1820,jama,b,B,True
ID1821,medbullets,b,D,False
ID1822,medbullets,b,B,True
ID1823,jama,b,B,True
ID1824,medbullets,d,D,True
ID1825,medxpert,h,H,True
ID1826,mmlu,a,A,True
ID1827,mmlu,d,D,True
ID1828,medxpert,h,,False
ID1829,jama,b,B,True
ID1830,medxpert,f,I,False
ID1831,jama,c,C,True
ID1832,medxpert,f,,False
ID1833,medbullets,a,A,True
ID1834,medxpert,e,E,True
ID1835,jama,b,B,True
ID1836,jama,c,C,True
ID1837,jama,c,C,True
ID1838,medbullets,b,B,True
ID1839,medxpert,h,,False
ID1840,medxpert,b,D,False
ID1841,jama,d,A,False
ID1842,jama,a,B,False
ID1843,mmlu,a,D,False
ID1844,mmlu,c,,False
ID1845,medbullets,a,A,True
ID1846,medbullets,b,B,True
ID1847,jama,c,C,True
ID1848,jama,b,B,True
ID1849,mmlu,b,B,True
ID1850,jama,a,C,False
ID1851,mmlu,d,D,True
ID1852,jama,c,C,True
ID1853,medxpert,f,,False
ID1854,medxpert,a,,False
ID1855,jama,b,C,False
ID1856,jama,c,C,True
ID1857,jama,c,,False
ID1858,medxpert,f,F,True
ID1859,jama,d,B,False
ID1860,jama,b,B,True
ID1861,medxpert,h,,False
ID1862,mmlu,d,D,True
ID1863,mmlu,b,B,True
ID1864,medxpert,g,,False
ID1865,jama,c,C,True
ID1866,mmlu,a,A,True
ID1867,medxpert,e,,False
ID1868,jama,a,A,True
ID1869,medxpert,d,,False
ID1870,jama,b,B,True
ID1871,medxpert,j,D,False
ID1872,jama,a,,False
ID1873,mmlu,d,D,True
ID1874,mmlu,a,A,True
ID1875,jama,d,D,True
ID1876,jama,a,A,True
ID1877,jama,a,,False
ID1878,medbullets,a,,False
ID1879,jama,c,B,False
ID1880,medbullets,b,B,True
ID1881,mmlu,a,A,True
ID1882,medbullets,c,D,False
ID1883,jama,a,,False
ID1884,medxpert,e,,False
ID1885,jama,b,,False
ID1886,medxpert,f,F,True
ID1887,jama,c,C,True
ID1888,medxpert,d,E,False
ID1889,mmlu,c,C,True
ID1890,medxpert,j,J,True
ID1891,medxpert,g,,False
ID1892,medxpert,h,H,True
ID1893,jama,a,C,False
ID1894,medxpert,c,,False
ID1895,medbullets,b,B,True
ID1896,medxpert,j,J,True
ID1897,jama,a,,False
ID1898,medbullets,c,C,True
ID1899,jama,c,C,True
ID1900,jama,c,C,True
ID1901,medxpert,e,,False
ID1902,jama,b,C,False
ID1903,jama,b,B,True
ID1904,jama,d,D,True
ID1905,medxpert,f,G,False
ID1906,medxpert,f,,False
ID1907,medxpert,b,,False
ID1908,mmlu,c,C,True
ID1909,jama,c,C,True
ID1910,medxpert,f,F,True
ID1911,mmlu,d,D,True
ID1912,mmlu,d,D,True
ID1913,medxpert,g,E,False
ID1914,medxpert,j,,False
ID1915,medxpert,g,G,True
ID1916,mmlu,d,,False
ID1917,jama,b,B,True
ID1918,jama,c,C,True
ID1919,medbullets,c,C,True
ID1920,jama,c,,False
ID1921,medxpert,h,,False
ID1922,medxpert,a,,False
ID1923,medxpert,d,D,True
ID1924,medxpert,f,F,True
ID1925,jama,c,C,True
ID1926,medxpert,d,,False
ID1927,medbullets,b,B,True
ID1928,jama,c,C,True
ID1929,medxpert,f,F,True
ID1930,medbullets,c,,False
ID1931,jama,a,A,True
ID1932,jama,b,B,True
ID1933,jama,c,C,True
ID1934,jama,a,A,True
ID1935,jama,a,,False
ID1936,medxpert,a,,False
ID1937,jama,b,B,True
ID1938,medbullets,a,A,True
ID1939,jama,c,,False
ID1940,jama,b,B,True
ID1941,medxpert,f,F,True
ID1942-new,,j,,False
ID1943,mmlu,d,,False
ID1944,medxpert,a,J,False
ID1945,medbullets,b,B,True
ID1946,medxpert,a,A,True
ID1947,medxpert,d,D,True
ID1948,medxpert,h,H,True
ID1949,jama,c,C,True
ID1950,medxpert,e,,False
ID1951,jama,c,C,True
ID1952,medbullets,a,A,True
ID1953,jama,b,B,True
ID1954,medxpert,b,,False
ID1955,medbullets,c,C,True
ID1956,jama,c,C,True
ID1957,medxpert,e,E,True
ID1958,medxpert,g,G,True
ID1959,jama,d,D,True
ID1960,mmlu,b,,False
ID1961,jama,d,,False
ID1962,medxpert,a,A,True
ID1963,medbullets,b,B,True
ID1964,jama,d,,False
ID1965,jama,d,D,True
ID1966,jama,a,A,True
ID1967,medxpert,c,,False
ID1968,jama,b,,False
ID1969,mmlu,a,A,True
ID1970,jama,b,B,True
ID1971,medbullets,a,,False
ID1972,mmlu,b,B,True
ID1973,jama,c,,False
ID1974,medbullets,c,C,True
ID1975,medxpert,a,A,True
ID1976,medxpert,a,A,True
ID1977,jama,d,D,True
ID1978,medbullets,a,,False
ID1979,medxpert,h,H,True
ID1980,medxpert,b,I,False
ID1981,jama,a,D,False
ID1982,medxpert,i,,False
ID1983,medbullets,d,D,True
ID1984,mmlu,d,D,True
ID1985,medxpert,b,,False
ID1986,jama,c,C,True
ID1987,medxpert,a,H,False
ID1988,jama,d,,False
ID1989,mmlu,b,B,True
ID1990,jama,c,C,True
ID1991,jama,d,D,True
ID1992,medxpert,f,,False
ID1993,mmlu,d,D,True
ID1994,medxpert,i,E,False
ID1995,mmlu,d,D,True
ID1996,mmlu,d,D,True
ID1997,medxpert,c,B,False
ID1998,medbullets,a,A,True
ID1999,medxpert,e,C,False
ID2000,mmlu,a,,False
