Origin,QA_ID,data_source,K_trainee_High,qwen72b_topK_sentence_ids,trainee_High_sentence_ids,n_sentences_in_excerpt,n_attribution_sources,n_matched_sources
ID0002,Merge Q229,jama,5,"4,6,7,8,9","1,2,4,6,11",11,12,10
ID0003,Merge Q2235,medxpert,6,"1,2,4,5,6,7","1,2,4,5,6,7",7,7,7
ID0010,Merge Q3192,medxpert,4,"1,2,4,7","1,2,5,7",7,7,7
ID0013,Merge Q3811,mmlu,6,"1,2,3,4,6,7","1,2,3,5,6,7",7,7,7
ID0016,Merge Q644,jama,6,"1,2,3,4,5,7","1,3,4,5,6,7",7,7,7
ID0018,Merge Q319,jama,6,"5,7,8,9,10,11","1,2,7,8,9,11",12,11,11
ID0021,Merge Q1000,jama,6,"2,6,7,9,10,11","1,2,5,6,9,11",11,11,10
ID0024,Merge Q4048,mmlu,2,"2,3","1,4",4,4,4
ID0025,Merge Q3272,medxpert,3,"1,3,5","1,3,5",5,5,5
ID0027,Merge Q3993,mmlu,3,"1,6,7","1,3,7",8,8,8
ID0028,Merge Q1318,medbullets,3,"1,2,4","2,5,6",6,19,6
ID0029,Merge Q1214,medbullets,2,"1,12","1,12",12,12,12
ID0032,Merge Q1199,medbullets,5,"1,2,3,6,7","1,2,5,6,7",7,8,7
ID0034,Merge Q1218,medbullets,7,"1,2,4,5,7,9,10","3,4,5,6,7,10,11",11,11,11
ID0039,Merge Q3915,mmlu,2,"1,2","1,2",4,4,4
ID0041,Merge Q715,jama,7,"1,2,3,4,5,8,14","1,4,6,7,8,9,13",14,12,12
ID0042,Merge Q1521,medxpert,7,"1,2,3,5,6,7,8","1,2,3,5,6,7,8",8,8,8
ID0045,Merge Q1595,medxpert,1,3,2,3,2,2
ID0046,Merge Q1115,medbullets,9,"1,2,8,9,10,11,12,13,14","1,2,3,9,10,11,12,13,14",14,14,14
ID0047,Merge Q249,jama,5,"1,2,4,5,6","1,4,5,6,8",8,9,8
ID0048,Merge Q1110,medbullets,5,"2,3,5,9,10","1,2,3,9,10",10,11,10
ID0056,Merge Q3184,medxpert,2,"1,4","1,4",4,4,4
ID0057,Merge Q3862,mmlu,2,"2,4","2,4",4,4,4
ID0059,Merge Q3956,mmlu,2,"5,7","1,7",7,7,7
ID0060,Merge Q689,jama,2,"1,7","1,4",7,7,7
ID0062,Merge Q670,jama,3,"1,2,6","1,4,6",8,6,6
ID0063,Merge Q1952,medxpert,3,"1,2,5","2,4,5",5,5,5
ID0067,Merge Q1277,medbullets,3,"1,2,3","1,2,3",3,3,3
ID0069,Merge Q468,jama,5,"1,7,9,11,12","1,2,9,10,11",12,12,12
ID0071,Merge Q1749,medxpert,3,"1,2,3","1,2,3",4,4,4
ID0073,Merge Q2456,medxpert,2,"1,8","1,8",8,8,8
ID0074,Merge Q3823,mmlu,6,"1,2,5,6,7,9","1,2,5,6,7,9",9,9,9
ID0082,Merge Q1287,medbullets,2,"1,3","1,3",8,8,8
ID0085,Merge Q2319,medxpert,2,"1,4","1,4",4,4,4
ID0092,Merge Q2438,medxpert,2,"4,7","6,7",8,8,8
ID0093,Merge Q446,jama,6,"1,2,5,6,8,10","1,3,4,5,6,9",10,9,8
ID0094,Merge Q267,jama,4,"1,7,9,10","1,2,7,9",11,11,10
ID0096,Merge Q2672,medxpert,3,"1,2,3","1,4,5",5,16,5
ID0098,Merge Q4040,mmlu,4,"2,7,10,14","1,3,11,14",14,14,14
ID0110,Merge Q180,jama,8,"1,3,4,6,7,8,9,11","1,2,3,4,5,6,10,11",11,11,11
ID0111,Merge Q1204,medbullets,5,"1,2,3,7,10","1,2,3,7,10",11,11,11
ID0112,Merge Q1781,medxpert,2,"1,4","1,5",6,6,6
ID0113,Merge Q3936,mmlu,4,"5,7,10,12","1,6,7,10",14,14,14
ID0115,Merge Q1128,medbullets,4,"3,4,5,13","1,5,10,15",16,16,16
ID0116,Merge Q173,jama,9,"1,2,4,5,7,8,9,10,12","1,2,4,6,7,8,9,11,12",12,14,11
ID0117,Merge Q4034,mmlu,5,"1,7,8,9,10","1,2,3,9,10",10,10,10
ID0122,Merge Q4000,mmlu,1,2,3,4,4,4
ID0127,Merge Q937,jama,6,"1,4,6,7,10,12","1,2,6,7,10,13",13,11,11
ID0129,Merge Q4033,mmlu,3,"4,5,6","2,5,6",7,7,7
ID0133,Merge Q148,jama,2,"1,3","1,3",5,5,5
ID0136,Merge Q3806,mmlu,4,"1,7,8,10","1,7,8,10",11,11,11
ID0137,Merge Q1671,medxpert,5,"1,2,3,5,8","1,2,3,4,8",8,10,10
ID0140,Merge Q2397,medxpert,4,"1,2,4,6","1,2,3,5",6,6,6
ID0141,Merge Q2067,medxpert,2,"1,3","2,3",4,4,4
ID0148,Merge Q2481,medxpert,4,"3,4,6,7","1,4,6,7",7,7,7
ID0149,Merge Q781,jama,6,"1,3,4,5,6,10","1,3,4,6,8,9",10,10,10
ID0150,Merge Q219,jama,7,"4,7,8,10,13,14,15","1,2,3,7,8,11,13",15,16,15
ID0151,Merge Q1607,medxpert,3,"1,2,3","1,3,4",4,4,4
ID0152,Merge Q1171,medbullets,4,"1,2,3,5","1,2,4,5",5,14,5
ID0153,Merge Q850,jama,2,"1,7","1,7",9,8,8
ID0154,Merge Q4032,mmlu,4,"1,4,5,9","1,9,10,11",12,12,12
ID0155,Merge Q381,jama,11,"2,3,4,5,6,7,8,9,10,11,16","1,3,5,6,8,10,12,13,14,15,16",16,14,14
ID0161,Merge Q226,jama,15,"1,2,3,4,5,6,8,9,10,11,13,14,15,17,18","1,2,3,4,5,6,7,9,10,11,12,13,16,17,18",18,16,15
ID0162,Merge Q1330,medbullets,4,"2,4,8,9","1,2,8,10",10,11,10
ID0164,Merge Q3869,mmlu,3,"1,3,4","2,3,4",5,5,5
ID0165,Merge Q1804,medxpert,3,"1,7,8","2,3,9",9,9,9
ID0166,Merge Q3136,medxpert,3,"1,4,5","1,2,5",5,5,5
ID0168,Merge Q3875,mmlu,6,"1,2,3,6,7,8","1,2,6,7,8,9",9,9,9
ID0169,Merge Q987,jama,3,"1,5,7","1,7,8",14,11,11
ID0170,Merge Q3058,medxpert,4,"1,3,4,6","1,2,4,6",6,7,7
ID0177,Merge Q1259,medbullets,3,"3,8,9","8,9,10",10,10,10
ID0182,Merge Q1109,medbullets,5,"1,2,3,7,8","1,2,3,4,8",8,8,8
ID0184,Merge Q4019,mmlu,9,"4,5,7,8,9,10,11,12,14","1,3,4,5,11,12,13,14,15",15,16,16
ID0185,Merge Q1180,medbullets,4,"1,3,8,10","1,3,9,10",10,13,10
ID0186,Merge Q54,jama,11,"1,2,3,4,5,7,9,11,13,14,15","1,2,5,8,9,10,11,12,13,14,15",15,15,15
ID0189,Merge Q3879,mmlu,4,"1,6,8,9","1,2,8,9",9,9,9
ID0190,Merge Q3997,mmlu,5,"1,2,3,4,5","1,2,3,4,5",5,5,5
ID0193,Merge Q1705,medxpert,1,1,1,5,5,5
ID0198,Merge Q1233,medbullets,4,"3,4,7,10","1,7,8,10",10,19,10
ID0199,Merge Q1020,jama,10,"2,5,6,7,8,9,11,12,13,15","1,2,3,5,7,10,11,12,13,15",15,20,15
ID0207,Merge Q1403,medxpert,6,"1,2,4,5,6,7","1,2,3,4,5,6",7,7,7
ID0209,Merge Q3947,mmlu,3,"1,2,7","1,2,7",8,8,8
ID0211,Merge Q2246,medxpert,2,"3,6","1,6",6,6,6
ID0215,Merge Q112,jama,6,"1,2,6,7,9,10","1,3,6,8,9,10",10,10,10
ID0216,Merge Q1400,medxpert,1,1,1,4,4,4
ID0217,Merge Q4049,mmlu,3,"1,3,7","1,5,7",7,7,7
ID0220,Merge Q4009,mmlu,2,"8,9","8,9",10,10,10
ID0221,Merge Q1097,medbullets,5,"1,2,3,4,7","1,2,3,6,7",7,6,6
ID0229,Merge Q1621,medxpert,2,"1,7","1,7",7,7,7
ID0232,Merge Q706,jama,7,"1,2,4,6,7,16,17","1,4,12,13,14,16,17",18,14,14
ID0233,Merge Q3316,medxpert,3,"2,4,6","1,2,6",7,8,8
ID0235,Merge Q2984,medxpert,6,"1,2,3,6,8,9","1,2,4,6,7,9",9,9,9
ID0236,Merge Q762,jama,4,"1,6,8,9","1,6,7,8",9,9,9
ID0237,Merge Q3985,mmlu,5,"1,2,4,6,8","1,5,6,7,11",11,11,11
ID0238,Merge Q1163,medbullets,6,"1,2,4,5,6,10","1,2,4,5,6,9",11,11,11
ID0242,Merge Q2408,medxpert,9,"1,2,3,4,5,6,8,9,11","1,3,7,8,9,10,11,12,13",13,13,13
ID0243,Merge Q336,jama,5,"2,8,13,15,17","1,2,10,12,16",18,15,15
ID0244,Merge Q1178,medbullets,3,"1,2,3","1,2,6",6,7,6
ID0247,Merge Q1137,medbullets,3,"8,10,11","8,9,10",11,11,11
ID0249,Merge Q1160,medbullets,2,"9,10","1,9",10,10,10
ID0251,Merge Q3793,mmlu,5,"1,2,3,4,6","1,3,4,5,6",6,7,7
ID0253,Merge Q3827,mmlu,2,"1,3","1,3",4,4,4
ID0254,Merge Q286,jama,6,"2,4,5,8,10,11","1,2,4,5,10,11",11,11,10
ID0256,Merge Q3784,mmlu,4,"2,3,4,5","1,2,4,5",5,5,5
ID0262,Merge Q2405,medxpert,6,"1,2,3,4,5,7","1,2,3,5,6,8",8,15,8
ID0265,Merge Q3968,mmlu,5,"1,2,3,4,5","1,2,3,4,5",5,5,5
ID0268,Merge Q56,jama,9,"2,4,8,9,10,11,12,13,14","1,3,4,5,6,7,9,10,12",14,12,12
ID0270,Merge Q3971,mmlu,7,"1,2,3,5,8,9,10","1,2,3,5,7,9,10",12,14,14
ID0275,Merge Q3048,medxpert,4,"1,2,3,6","1,2,3,9",9,9,9
ID0278,Merge Q1033,jama,5,"2,3,4,6,8","1,2,3,6,8",8,9,8
ID0281,Merge Q3285,medxpert,4,"1,3,9,10","1,3,5,6",10,11,11
ID0284,Merge Q2814,medxpert,8,"1,2,3,4,5,6,7,8","1,2,3,5,6,7,8,9",8,8,8
ID0291,Merge Q2630,medxpert,3,"1,2,7","1,2,8",8,14,8
ID0292,Merge Q3070,medxpert,4,"1,3,7,8","1,3,4,6",8,18,8
ID0293,Merge Q1656,medxpert,4,"1,2,3,4","1,2,3,4",4,4,4
ID0296,Merge Q654,jama,14,"1,2,3,4,5,6,7,8,9,10,12,13,14,15","1,2,3,4,5,6,8,9,10,11,12,13,14,15",15,14,13
ID0297,Merge Q947,jama,4,"1,3,4,5","1,3,4,5",7,6,6
ID0298,Merge Q3016,medxpert,3,"1,3,4","1,2,4",4,4,4
ID0300,Merge Q235,jama,6,"1,3,4,6,7,11","3,4,5,8,9,10",12,12,12
ID0302,Merge Q539,jama,8,"1,2,5,7,8,9,12,15","1,4,5,11,12,13,14,15",15,15,13
ID0303,Merge Q1828,medxpert,2,"1,4","1,8",8,8,8
ID0304,Merge Q2116,medxpert,2,"1,4","1,5",5,5,5
ID0305,Merge Q1230,medbullets,4,"5,7,8,9","1,6,7,9",9,21,9
ID0307,Merge Q3969,mmlu,5,"1,3,6,8,10","1,3,8,11,12",12,12,12
ID0309,Merge Q1300,medbullets,3,"4,5,9","1,4,5",9,9,9
ID0310,Merge Q245,jama,7,"1,2,7,8,9,10,11","1,2,3,4,6,7,9",12,12,12
ID0313,Merge Q3984,mmlu,3,"2,6,12","1,2,6",15,15,15
ID0314,Merge Q1050,medbullets,4,"1,2,9,10","1,8,9,10",10,10,10
ID0315,Merge Q3894,mmlu,5,"1,2,8,12,13","1,2,10,11,12",13,13,13
ID0317,Merge Q2085,medxpert,4,"1,3,4,6","1,2,3,4",6,6,6
ID0320,Merge Q2329,medxpert,9,"1,2,4,5,6,7,8,9,10","1,2,3,4,6,7,8,9,10",10,10,10
ID0321,Merge Q11,jama,7,"1,2,3,5,6,7,9","1,2,4,6,7,8,9",9,10,9
ID0324,Merge Q552,jama,6,"1,2,4,7,9,10","1,2,4,7,8,10",10,10,9
ID0325,Merge Q1089,medbullets,4,"1,2,6,9","1,2,6,8",10,10,10
ID0327,Merge Q2282,medxpert,3,"1,2,4","1,4,7",7,7,7
ID0328,Merge Q354,jama,11,"2,4,6,7,8,9,13,19,21,22,24","1,5,8,9,10,11,15,18,19,20,21",24,20,20
ID0330,Merge Q1314,medbullets,4,"1,3,6,9","1,2,3,9",9,10,9
ID0332,Merge Q731,jama,5,"1,2,6,8,10","1,2,4,8,10",10,11,10
ID0334,Merge Q908,jama,4,"2,5,10,11","1,3,8,10",11,13,11
ID0336,Merge Q2494,medxpert,4,"1,2,3,4","1,3,4,5",5,5,5
ID0337,Merge Q581,jama,12,"3,4,5,6,7,9,10,11,13,14,15,16","1,2,3,5,7,8,9,11,12,13,14,15",16,13,13
ID0339,Merge Q3866,mmlu,3,"2,6,7","1,6,7",7,7,7
ID0345,Merge Q223,jama,5,"2,3,4,6,7","1,2,3,4,6",7,9,7
ID0349,Merge Q2998,medxpert,2,"1,4","1,4",4,4,4
ID0352,Merge Q747,jama,5,"1,7,8,9,10","1,5,7,9,10",12,12,11
ID0353,Merge Q3249,medxpert,5,"1,2,3,4,8","1,2,4,7,8",8,8,8
ID0356,Merge Q342,jama,3,"2,5,7","1,7,9",9,9,9
ID0357,Merge Q1868,medxpert,2,"5,6","5,6",7,7,7
ID0359,Merge Q2281,medxpert,4,"2,3,6,7","2,3,5,7",7,7,7
ID0360,Merge Q4007,mmlu,8,"1,2,4,5,7,8,9,10","1,2,5,7,8,9,10,11",11,11,11
ID0363,Merge Q1322,medbullets,4,"2,4,5,7","1,4,5,7",9,9,9
ID0364,Merge Q448,jama,6,"1,6,7,8,10,11","1,2,4,6,8,9",11,10,9
ID0367,Merge Q3333,medxpert,4,"2,3,4,6","1,2,4,6",6,6,6
ID0368,Merge Q502,jama,3,"2,7,10","1,5,8",13,8,8
ID0371,Merge Q2988,medxpert,5,"2,3,6,7,9","2,3,7,9,10",11,11,11
ID0376,Merge Q2409,medxpert,2,"2,6","1,6",6,6,6
ID0379,Merge Q2772,medxpert,2,"1,3","1,3",4,4,4
ID0382,Merge Q1293,medbullets,5,"1,2,3,7,8","1,2,3,4,7",8,8,8
ID0385,Merge Q3068,medxpert,4,"1,3,4,6","1,2,3,11",11,11,11
ID0388,Merge Q3296,medxpert,9,"1,2,3,4,5,6,7,8,9","1,2,3,4,5,6,7,8,9",9,9,9
ID0389,Merge Q321,jama,6,"1,2,3,6,7,8","1,5,6,7,9,10",11,11,11
ID0391,Merge Q2636,medxpert,2,"1,2","1,2",4,4,4
ID0393,Merge Q975,jama,13,"1,2,3,5,6,7,8,9,10,11,12,14,15","1,2,3,4,5,6,7,8,9,10,11,13,15",15,15,15
ID0395,Merge Q1012,jama,5,"1,2,4,5,6","1,3,4,5,6",6,6,5
ID0396,Merge Q1292,medbullets,3,"1,5,6","1,4,5",7,13,7
ID0397,Merge Q1928,medxpert,7,"1,2,3,6,7,8,9","1,2,3,4,6,8,9",9,9,9
ID0399,Merge Q236,jama,6,"1,2,3,4,5,7","1,2,5,7,9,10",11,11,10
ID0400,Merge Q722,jama,9,"1,2,3,4,6,7,8,12,13","1,2,4,5,6,8,9,12,14",14,14,13
ID0403,Merge Q1215,medbullets,2,"1,8","1,8",8,8,8
ID0405,Merge Q686,jama,6,"1,2,5,7,12,14","1,4,7,8,9,12",14,13,13
ID0406,Merge Q4052,mmlu,5,"1,2,6,7,8","1,2,6,7,8",9,9,9
ID0407,Merge Q1750,medxpert,5,"1,4,5,6,7","1,3,4,5,6",7,13,7
ID0409,Merge Q4020,mmlu,7,"1,2,6,7,8,9,10","1,2,3,6,7,9,10",10,10,10
ID0416,Merge Q1416,medxpert,4,"1,3,4,5","1,3,4,5",5,5,5
ID0417,Merge Q307,jama,6,"3,4,6,8,9,15","1,9,10,12,13,14",15,13,13
ID0421,Merge Q788,jama,6,"1,7,9,11,13,15","1,4,7,12,14,15",15,14,13
ID0422,Merge Q353,jama,7,"1,2,3,5,6,7,9","1,3,4,6,7,8,9",9,10,9
ID0426,Merge Q3147,medxpert,4,"1,3,4,5","1,2,3,4",5,5,5
ID0428,Merge Q3999,mmlu,4,"1,2,3,5","1,2,3,5",5,5,5
ID0429,Merge Q3994,mmlu,3,"4,5,7","1,4,7",7,7,7
ID0433,Merge Q3520,medxpert,4,"1,5,6,7","1,4,5,7",7,7,7
ID0435,Merge Q3453,medxpert,3,"1,2,5","1,2,5",5,5,5
ID0437,Merge Q3821,mmlu,4,"1,2,4,5","2,3,4,5",5,5,5
ID0438,Merge Q1227,medbullets,6,"2,3,4,6,7,8","1,2,3,6,7,8",8,8,8
ID0440,Merge Q3387,medxpert,5,"1,2,4,6,7","1,2,5,6,7",7,7,7
ID0447,Merge Q1257,medbullets,5,"2,4,5,6,8","1,3,6,8,9",9,16,9
ID0449,Merge Q420,jama,9,"1,2,3,5,7,8,12,13,14","1,2,4,7,8,10,11,12,14",14,12,12
ID0453,Merge Q639,jama,6,"2,3,4,5,7,10","1,2,3,4,9,12",14,14,13
ID0455,Merge Q2414,medxpert,2,"1,4","1,5",7,7,7
ID0458,Merge Q3284,medxpert,5,"1,3,5,6,7","1,5,6,7,8",9,18,10
ID0463,Merge Q831,jama,7,"3,4,5,6,8,10,11","1,2,4,5,6,8,10",11,10,10
ID0466,Merge Q34,jama,9,"2,5,6,7,8,10,11,12,13","1,2,3,7,9,10,14,15,17",16,17,16
ID0467,Merge Q990,jama,10,"1,3,4,5,6,10,11,12,14,15","1,4,5,6,7,9,10,12,13,14",16,16,15
ID0468,Merge Q1246,medbullets,6,"4,6,7,9,10,11","1,2,3,4,9,10",12,12,12
ID0469,Merge Q50,jama,4,"1,6,7,10","1,6,7,10",11,10,10
ID0470,Merge Q1187,medbullets,6,"1,2,4,7,9,13","2,3,8,9,10,11",13,13,13
ID0471,Merge Q905,jama,6,"2,4,6,8,9,10","1,2,4,5,6,10",10,11,10
ID0472,Merge Q444,jama,8,"1,3,4,5,6,7,10,11","1,2,4,5,6,8,10,11",11,12,11
ID0473,Merge Q1321,medbullets,5,"1,2,3,4,7","1,2,3,4,6",7,7,7
ID0478,Merge Q141,jama,3,"5,6,7","3,5,14",18,18,18
ID0483,Merge Q179,jama,8,"1,5,6,7,8,10,11,12","1,2,3,6,7,9,11,12",12,9,9
ID0488,Merge Q360,jama,8,"2,8,10,11,12,15,17,21","1,2,10,11,12,15,20,21",21,19,18
ID0490,Merge Q771,jama,8,"1,3,6,9,10,11,12,14","1,3,4,6,8,9,11,14",14,13,11
ID0491,Merge Q3478,medxpert,3,"1,5,6","1,2,3",8,8,8
ID0492,Merge Q146,jama,7,"3,4,7,8,9,11,12","1,3,5,6,8,9,12",13,10,9
ID0494,Merge Q427,jama,8,"1,2,5,6,7,8,9,10","1,3,4,5,6,7,8,9",10,11,10
ID0495,Merge Q1120,medbullets,8,"2,3,4,5,7,8,10,11","1,3,4,5,7,9,10,11",11,11,11
ID0496,Merge Q1082,medbullets,2,"1,6","1,6",6,7,6
ID0500,Merge Q681,jama,4,"1,4,11,13","1,9,11,15",16,15,15
ID0504,Merge Q3442,medxpert,4,"1,3,6,7","1,3,6,7",8,8,8
ID0506,Merge Q3461,medxpert,4,"1,2,4,5","1,5,6,7",7,7,7
ID0508,Merge Q669,jama,8,"1,3,4,5,8,9,10,14","1,4,5,6,7,8,11,12",14,12,12
ID0509,Merge Q1510,medxpert,3,"1,5,7","1,6,7",8,8,8
ID0510,Merge Q3946,mmlu,3,"1,2,3","1,3,4",4,4,4
ID0514,Merge Q2896,medxpert,5,"1,2,4,6,7","1,2,5,6,7",7,16,7
ID0519,Merge Q1565,medxpert,4,"1,3,5,6","1,2,3,6",7,7,7
ID0520,Merge Q3854,mmlu,4,"1,2,5,6","1,4,5,6",6,6,6
ID0521,Merge Q3179,medxpert,3,"1,2,3","1,2,3",3,3,3
ID0522,Merge Q491,jama,8,"2,3,5,6,7,9,10,11","1,2,4,5,7,9,10,11",11,11,10
ID0523,Merge Q2796,medxpert,3,"4,5,6","1,5,6",6,6,6
ID0526,Merge Q1288,medbullets,6,"1,2,4,5,7,8","1,4,6,7,8,9",9,22,9
ID0528,Merge Q8,jama,9,"1,3,6,8,10,11,12,13,15","1,5,6,7,8,10,11,12,13",15,14,14
ID0529,Merge Q1054,medbullets,3,"2,3,9","5,7,10",10,10,10
ID0532,Merge Q2539,medxpert,7,"1,2,8,10,11,12,17","1,2,3,4,6,12,17",17,17,17
ID0533,Merge Q32,jama,4,"1,2,8,9","1,6,8,10",13,9,9
ID0534,Merge Q790,jama,9,"2,3,4,5,6,7,8,9,12","1,2,4,5,6,8,9,11,13",14,11,10
ID0535,Merge Q1328,medbullets,5,"1,2,4,6,11","1,2,3,9,13",13,15,14
ID0541,Merge Q335,jama,3,"1,2,5","1,2,4",10,10,9
ID0542,Merge Q4035,mmlu,5,"2,3,5,7,8","1,2,5,6,8",8,8,8
ID0543,Merge Q3928,mmlu,5,"1,2,4,5,9","1,5,6,7,8",10,10,10
ID0546,Merge Q1242,medbullets,5,"3,6,8,11,12","1,3,4,6,10",12,12,12
ID0552,Merge Q77,jama,8,"1,2,4,5,6,7,9,10","1,2,5,6,7,8,9,10",11,10,10
ID0553,Merge Q362,jama,5,"5,9,10,12,15","1,5,9,10,12",15,12,12
ID0554,Merge Q3816,mmlu,4,"1,2,3,7","1,2,3,7",9,9,9
ID0561,Merge Q496,jama,11,"2,3,5,6,7,8,9,10,11,12,13","1,4,5,6,7,8,9,10,11,12,13",13,13,13
ID0564,Merge Q1078,medbullets,5,"1,4,5,6,9","1,5,6,7,8",9,9,9
ID0566,Merge Q3899,mmlu,2,"1,4","1,4",7,7,7
ID0567,Merge Q2705,medxpert,4,"1,4,6,7","1,2,6,7",8,8,8
ID0569,Merge Q3810,mmlu,3,"2,3,5","1,2,5",5,5,5
ID0572,Merge Q2742,medxpert,4,"1,2,6,9","1,2,6,9",9,9,9
ID0574,Merge Q1669,medxpert,3,"1,2,3","1,2,3",3,3,3
ID0576,Merge Q3902,mmlu,4,"1,2,4,9","1,4,5,6",10,11,11
ID0577,Merge Q164,jama,9,"1,2,3,5,6,7,8,9,10","1,2,3,6,7,8,9,10,11",11,12,11
ID0578,Merge Q3921,mmlu,5,"2,4,6,9,10","1,2,3,9,10",11,11,11
ID0581,Merge Q1434,medxpert,4,"1,3,5,6","1,3,6,7",8,8,8
ID0584,Merge Q197,jama,5,"1,3,6,7,8","1,4,6,7,8",8,8,8
ID0587,Merge Q3036,medxpert,6,"1,2,4,5,6,7","1,2,3,4,6,7",8,8,8
ID0589,Merge Q10,jama,6,"2,4,7,8,10,12","1,2,3,4,7,12",12,13,12
ID0590,Merge Q287,jama,10,"2,4,5,6,7,8,9,10,11,12","1,3,4,5,6,8,9,10,11,12",12,10,10
ID0591,Merge Q2490,medxpert,6,"1,2,5,6,7,10","1,2,4,5,7,8",10,10,10
ID0594,Merge Q2384,medxpert,6,"1,2,6,7,8,10","1,2,3,4,6,10",10,15,10
ID0595,Merge Q1624,medxpert,3,"1,2,11","1,2,3",11,10,10
ID0596,Merge Q333,jama,6,"1,3,4,6,9,11","1,2,5,6,10,11",12,9,9
ID0598,Merge Q2787,medxpert,3,"1,2,3","1,2,5",5,5,5
ID0599,Merge Q1286,medbullets,7,"3,4,5,6,7,8,9","1,2,3,6,7,8,9",9,9,9
ID0600,Merge Q1068,medbullets,4,"1,2,4,10","1,2,4,5",11,11,11
ID0601,Merge Q1303,medbullets,4,"1,3,4,8","1,3,4,8",8,8,8
ID0602,Merge Q860,jama,4,"1,2,6,8","4,6,9,10",13,11,10
ID0604,Merge Q3838,mmlu,4,"1,3,4,6","2,3,4,5",7,7,7
ID0605,Merge Q1721,medxpert,3,"3,7,8","1,7,8",8,8,8
ID0607,Merge Q3808,mmlu,5,"1,2,3,6,12","1,2,3,6,12",12,12,12
ID0609,Merge Q867,jama,4,"1,2,10,11","1,4,5,6",11,9,9
ID0614,Merge Q2670,medxpert,3,"1,2,3","1,2,5",6,6,6
ID0616,Merge Q2870,medxpert,3,"3,4,8","1,3,8",8,8,8
ID0617,Merge Q4039,mmlu,2,"2,3","1,2",3,3,3
ID0618,Merge Q3920,mmlu,5,"1,3,4,6,7","1,4,5,6,7",7,7,7
ID0619,Merge Q1092,medbullets,5,"1,2,3,5,6","1,2,3,6,7",7,7,7
ID0621,Merge Q2569,medxpert,7,"1,2,3,4,5,6,8","1,2,3,4,6,7,8",8,8,8
ID0622,Merge Q3926,mmlu,4,"2,3,7,8","1,2,3,7",8,8,8
ID0623,Merge Q1273,medbullets,7,"1,2,3,4,6,7,10","1,2,3,4,5,9,10",11,11,10
ID0625,Merge Q3253,medxpert,3,"1,3,4","1,3,4",4,4,4
ID0626,Merge Q2200,medxpert,4,"1,2,3,4","1,2,4,5",5,5,5
ID0627,Merge Q2197,medxpert,4,"1,2,5,6","1,4,5,6",6,19,6
ID0628,Merge Q3905,mmlu,4,"1,2,3,5","1,2,3,4",5,5,5
ID0634,Merge Q3940,mmlu,2,"2,5","2,4",5,5,5
ID0635,Merge Q568,jama,4,"2,4,6,12","1,8,9,10",12,12,12
ID0636,Merge Q741,jama,6,"4,5,9,12,13,15","1,8,9,10,13,14",16,14,14
ID0647,Merge Q383,jama,5,"1,2,3,5,9","1,6,7,9,10",13,8,8
ID0651,Merge Q2639,medxpert,7,"1,2,3,4,5,6","1,2,3,4,5,6,7",6,6,6
ID0652,Merge Q4001,mmlu,2,"2,4","1,4",4,4,4
ID0653,Merge Q3989,mmlu,3,"1,2,7","1,2,7",7,7,7
ID0654,Merge Q3783,mmlu,3,"3,5,10","2,5,10",10,10,10
ID0655,Merge Q2193,medxpert,6,"1,3,4,6,7,8","1,2,3,4,7,8",8,8,8
ID0656,Merge Q68,jama,4,"2,8,13,14","1,2,3,7",16,11,11
ID0658,Merge Q2006,medxpert,1,2,2,4,4,4
ID0660,Merge Q413,jama,6,"1,7,8,10,11,13","1,5,10,15,16,17",17,17,16
ID0662,Merge Q1125,medbullets,8,"1,2,4,8,9,10,11,12","1,2,3,8,9,10,11,12",12,12,12
ID0665,Merge Q3974,mmlu,3,"2,3,5","1,2,3",5,5,5
ID0668,Merge Q2589,medxpert,3,"1,2,5","1,3,5",5,5,5
ID0669,Merge Q437,jama,4,"1,2,5,9","1,5,6,11",13,15,13
ID0671,Merge Q147,jama,6,"2,3,6,7,8,10","1,4,6,7,9,10",10,10,10
ID0672,Merge Q2568,medxpert,3,"4,5,6","1,2,3",6,6,6
ID0673,Merge Q1077,medbullets,3,"1,3,8","1,5,8",9,9,9
ID0675,Merge Q653,jama,6,"1,3,5,6,8,9","1,2,3,5,6,9",9,8,8
ID0680,Merge Q2028,medxpert,4,"1,3,4,5","2,3,4,5",5,5,5
ID0682,Merge Q3930,mmlu,3,"1,2,3","1,2,4",4,4,4
ID0683,Merge Q422,jama,6,"2,3,4,7,8,9","1,2,4,7,8,9",9,10,9
ID0684,Merge Q2402,medxpert,2,"3,7","1,7",7,7,7
ID0692,Merge Q558,jama,7,"1,3,4,5,6,7,9","1,2,4,5,6,8,9",9,9,9
ID0693,Merge Q1149,medbullets,4,"3,5,8,10","1,3,5,10",10,10,10
ID0695,Merge Q4013,mmlu,2,"1,2","1,2",6,7,7
ID0698,Merge Q1401,medxpert,5,"1,2,9,10,12","1,2,9,10,12",12,18,12
ID0699,Merge Q104,jama,7,"2,5,6,8,9,10,13","1,3,9,10,12,15,16",16,14,14
ID0701,Merge Q1506,medxpert,3,"2,3,4","1,3,4",5,5,5
ID0702,Merge Q1706,medxpert,5,"1,2,5,6,7","1,2,5,6,7",7,13,7
ID0703,Merge Q544,jama,6,"1,7,8,9,10,11","1,2,6,7,9,10",11,12,11
ID0708,Merge Q38,jama,8,"3,4,5,8,9,10,11,13","1,6,8,9,10,11,12,13",13,13,13
ID0710,Merge Q533,jama,5,"1,3,8,9,11","1,3,6,8,9",11,12,11
ID0712,Merge Q3980,mmlu,2,"1,2","1,2",5,5,5
ID0713,Merge Q1070,medbullets,6,"1,2,3,5,7,8","1,2,3,5,7,8",8,8,8
ID0715,Merge Q1069,medbullets,4,"1,4,6,7","2,4,6,7",7,7,7
ID0716,Merge Q350,jama,3,"2,5,9","1,4,7",10,8,8
ID0717,Merge Q1678,medxpert,3,"1,2,3","2,3,4",3,3,3
ID0718,Merge Q636,jama,5,"3,4,5,9,10","1,4,5,9,10",10,10,9
ID0721,Merge Q953,jama,6,"2,4,5,8,9,11","1,2,6,7,8,10",13,13,13
ID0723,Merge Q221,jama,11,"1,3,4,5,6,7,8,9,10,15,16","1,2,3,6,7,8,11,12,13,17,18",18,17,16
ID0726,Merge Q865,jama,3,"1,4,7","1,4,5",7,8,7
ID0731,Merge Q942,jama,10,"1,2,4,5,6,8,9,10,13,16","1,3,4,5,6,7,11,12,15,16",16,16,14
ID0732,Merge Q1256,medbullets,3,"1,4,5","1,2,6",7,7,7
ID0733,Merge Q837,jama,3,"5,6,7","1,3,4",7,6,6
ID0735,Merge Q3864,mmlu,3,"1,2,3","1,2,3",3,3,3
ID0737,Merge Q1940,medxpert,5,"1,3,5,6,7","1,3,5,6,7",7,7,7
ID0740,Merge Q288,jama,6,"3,4,6,7,8,10","1,4,5,6,9,10",10,10,10
ID0746,Merge Q500,jama,6,"1,2,3,4,5,14","2,6,8,9,10,11",15,12,12
ID0747,Merge Q537,jama,9,"2,3,4,6,8,10,11,12,13","1,2,3,4,5,6,7,11,13",13,14,13
ID0752,Merge Q3860,mmlu,3,"1,2,3","1,2,3",3,3,3
ID0753,Merge Q2099,medxpert,6,"1,3,4,5,6,7","1,3,4,5,6,7",7,7,7
ID0754,Merge Q954,jama,8,"5,6,8,9,10,11,13,14","1,2,4,5,7,11,12,14",14,12,12
ID0757,Merge Q3966,mmlu,4,"2,4,7,8","1,2,4,5",8,8,8
ID0758,Merge Q1905,medxpert,5,"1,2,4,5,7","1,5,6,7,8",8,8,8
ID0759,Merge Q1164,medbullets,6,"2,4,5,8,9,12","2,4,5,6,8,9",12,12,12
ID0761,Merge Q2370,medxpert,8,"1,3,4,5,6,7,8,9","1,3,4,5,6,7,8,9",9,9,9
ID0764,Merge Q1623,medxpert,4,"1,2,5,6","1,2,5,6",6,6,6
ID0765,Merge Q1758,medxpert,4,"1,5,6,7","1,5,6,7",7,7,7
ID0766,Merge Q3965,mmlu,2,"1,2","1,3",3,3,3
ID0769,Merge Q1018,jama,6,"1,3,6,7,8,9","1,2,4,5,6,7",9,9,9
ID0770,Merge Q1796,medxpert,1,3,4,4,4,4
ID0773,Merge Q4026,mmlu,1,1,1,7,7,7
ID0777,Merge Q1590,medxpert,8,"1,2,3,4,5,6,7,8","1,2,3,4,5,6,7,8",8,8,8
ID0778,Merge Q3375,medxpert,4,"1,2,3,7","1,2,5,7",7,7,7
ID0779,Merge Q480,jama,7,"2,4,5,9,13,16,18","1,9,11,12,13,14,15",18,15,15
ID0780,Merge Q696,jama,11,"1,2,3,4,5,6,7,8,9,10,15","1,3,4,7,9,10,11,12,13,14,15",15,13,13
ID0784,Merge Q1306,medbullets,5,"2,4,5,8,9","1,2,5,8,9",9,18,9
ID0786,Merge Q1942,medxpert,4,"1,4,6,8","1,6,7,9",9,9,9
ID0788,Merge Q1102,medbullets,2,"2,8","1,2",8,8,8
ID0789,Merge Q4027,mmlu,5,"1,2,3,4,6","1,2,3,4,6",6,6,6
ID0790,Merge Q1044,medbullets,6,"1,2,5,9,10,11","1,2,5,9,11,12",11,11,11
ID0792,Merge Q2237,medxpert,2,"1,3","1,5",5,5,5
ID0798,Merge Q2614,medxpert,5,"1,2,3,4,5","1,3,4,5,6",6,6,6
ID0799,Merge Q3839,mmlu,2,"3,4","3,4",5,5,5
ID0801,Merge Q1042,medbullets,5,"1,3,7,10,11","6,7,8,10,11",11,11,11
ID0802,Merge Q3807,mmlu,6,"1,2,3,4,5,6","1,2,3,4,5,6",6,6,6
ID0803,Merge Q281,jama,5,"1,2,3,5,8","1,3,5,8,10",13,11,11
ID0805,Merge Q2256,medxpert,2,"4,5","2,4",5,5,5
ID0809,Merge Q1019,jama,9,"1,2,3,4,7,8,10,11,14","1,2,5,6,8,9,10,11,13",14,14,14
ID0810,Merge Q1252,medbullets,3,"1,2,3","1,2,3",5,13,5
ID0811,Merge Q2725,medxpert,3,"1,2,3","1,3,4",6,6,6
ID0813,Merge Q3278,medxpert,4,"1,2,3,5","1,2,3,5",5,5,5
ID0815,Merge Q1554,medxpert,1,9,1,9,9,9
ID0816,Merge Q3359,medxpert,2,"1,6","3,4",7,7,7
ID0819,Merge Q3835,mmlu,2,"1,2","2,3",5,5,5
ID0821,Merge Q1925,medxpert,3,"1,2,3","1,4,5",5,5,5
ID0826,Merge Q812,jama,4,"3,7,11,16","1,2,7,11",17,13,12
ID0827,Merge Q2324,medxpert,6,"3,4,6,7,9,10","1,2,3,7,9,10",10,10,10
ID0828,Merge Q2711,medxpert,4,"1,3,4,5","1,3,4,5",5,12,5
ID0831,Merge Q1428,medxpert,7,"3,5,6,7,8,9,13","1,3,6,8,9,10,13",13,13,13
ID0833,Merge Q1298,medbullets,2,"7,10","1,2",12,13,12
ID0834,Merge Q794,jama,5,"5,6,9,10,12","1,5,8,9,10",13,27,24
ID0835,Merge Q1231,medbullets,5,"1,7,8,9,11","3,6,7,9,11",11,11,11
ID0837,Merge Q588,jama,6,"1,2,3,4,7,11","1,2,3,4,7,10",20,18,17
ID0840,Merge Q3904,mmlu,5,"1,2,3,6,7","1,2,5,6,7",7,7,7
ID0841,Merge Q1258,medbullets,7,"1,2,3,4,6,7,8","1,2,5,6,7,8,9",9,9,9
ID0843,Merge Q1608,medxpert,4,"1,2,3,4","1,2,3,7",10,10,10
ID0844,Merge Q1165,medbullets,3,"3,4,7","1,3,7",10,10,10
ID0845,Merge Q1312,medbullets,7,"3,4,6,7,8,10,11","1,4,6,7,8,10,11",11,11,11
ID0846,Merge Q163,jama,8,"1,2,3,4,6,7,10,13","1,2,4,5,9,10,11,12",13,11,11
ID0851,Merge Q3991,mmlu,5,"2,3,4,5,6","1,2,3,4,5",6,6,6
ID0852,Merge Q1039,medbullets,8,"1,2,3,4,6,7,10,11","1,2,4,5,8,9,10,11",11,12,11
ID0856,Merge Q2241,medxpert,6,"1,3,4,5,6,7","1,2,3,5,6,7",7,7,7
ID0859,Merge Q434,jama,2,"3,7","1,7",9,10,9
ID0860,Merge Q1406,medxpert,4,"2,3,5,6","1,4,5,6",6,6,6
ID0861,Merge Q1267,medbullets,4,"1,2,3,7","1,2,5,7",8,8,8
ID0864,Merge Q3958,mmlu,2,"1,2","1,2",7,7,7
ID0866,Merge Q960,jama,5,"4,5,8,10,12","1,5,6,10,12",12,10,10
ID0867,Merge Q524,jama,3,"2,3,12","1,6,7",13,10,10
ID0869,Merge Q495,jama,7,"2,3,6,8,9,10,14","1,2,3,6,9,10,11",15,12,12
ID0870,Merge Q2495,medxpert,6,"1,2,3,4,5,6","1,2,3,5,6,8",8,25,9
ID0872,Merge Q3305,medxpert,2,"1,4","1,4",7,7,7
ID0878,Merge Q182,jama,8,"2,3,5,6,7,9,10,15","1,2,6,7,8,11,14,15",15,13,13
ID0880,Merge Q3009,medxpert,5,"1,5,6,8,9","1,3,4,8,9",9,9,9
ID0884,Merge Q4038,mmlu,2,"1,10","1,2",11,11,11
ID0885,Merge Q1191,medbullets,3,"4,5,7","8,10,12",12,15,12
ID0887,Merge Q1181,medbullets,3,"1,2,7","1,2,4",10,10,10
ID0894,Merge Q74,jama,6,"1,3,4,5,6,7","1,3,4,6,7,8",10,10,9
ID0895,Merge Q323,jama,6,"3,4,5,6,11,13","1,2,5,7,10,11",15,12,12
ID0899,Merge Q851,jama,8,"1,2,3,6,7,8,9,10","1,2,3,4,5,6,7,8",10,10,10
ID0901,Merge Q1301,medbullets,10,"2,3,4,6,7,8,9,11,12,13","1,2,3,4,5,6,10,11,12,13",13,13,13
ID0902,Merge Q1888,medxpert,3,"1,2,7","1,2,6",7,7,7
ID0904,Merge Q431,jama,3,"1,7,11","1,7,8",12,13,12
ID0907,Merge Q2120,medxpert,4,"1,2,4,5","1,2,3,4",5,5,5
ID0909,Merge Q3979,mmlu,6,"2,5,7,9,10,12","1,6,11,12,15,16",16,16,16
ID0910,Merge Q3949,mmlu,3,"1,2,3","1,3,4",4,4,4
ID0911,Merge Q4015,mmlu,4,"1,2,3,6","2,3,10,11",11,11,11
ID0912,Merge Q3001,medxpert,2,"3,4","1,4",4,4,4
ID0918,Merge Q3840,mmlu,6,"1,2,4,5,6,7","1,3,4,5,6,7",7,7,7
ID0919,Merge Q1474,medxpert,3,"1,8,9","1,8,9",9,9,9
ID0922,Merge Q3014,medxpert,6,"1,3,4,9,10,14","1,2,3,4,7,10",14,14,14
ID0923,Merge Q1207,medbullets,5,"2,3,6,7,9","1,3,6,7,9",10,9,9
ID0924,Merge Q1105,medbullets,4,"1,2,4,7","1,3,7,8",10,10,10
ID0926,Merge Q3370,medxpert,6,"1,2,3,4,5,6","1,2,4,5,6,7",6,6,6
ID0934,Merge Q2050,medxpert,5,"1,2,3,4,5","1,2,3,4,5",5,5,5
ID0935,Merge Q266,jama,6,"1,2,8,12,14,15","1,3,8,9,10,15",15,16,15
ID0937,Merge Q317,jama,4,"8,14,18,25","1,2,3,11",25,22,22
ID0941,Merge Q1703,medxpert,6,"1,2,3,4,6,7","1,2,3,4,5,8",8,8,8
ID0942,Merge Q2921,medxpert,2,"1,5","1,5",5,5,5
ID0944,Merge Q3934,mmlu,7,"1,2,3,4,5,6,8","1,2,3,4,6,7,8",8,8,8
ID0948,Merge Q3351,medxpert,4,"3,4,5,6","1,2,5,6",6,6,6
ID0949,Merge Q1087,medbullets,3,"1,2,3","1,2,3",8,8,8
ID0951,Merge Q3785,mmlu,1,5,5,5,5,5
ID0953,Merge Q3912,mmlu,4,"4,5,7,8","1,2,7,8",8,8,8
ID0957,Merge Q1440,medxpert,6,"1,5,6,7,8,9","1,3,6,7,8,9",9,9,9
ID0962,Merge Q723,jama,4,"1,5,6,8","1,4,5,7",8,8,8
ID0963,Merge Q3932,mmlu,2,"1,6","1,6",8,8,8
ID0965,Merge Q2002,medxpert,3,"1,2,4","1,2,7",7,29,7
ID0972,Merge Q2997,medxpert,3,"1,4,7","1,3,5",7,7,7
ID0973,Merge Q3,jama,9,"2,4,6,7,8,12,15,16,17","1,2,5,6,7,12,14,15,16",17,17,17
ID0974,Merge Q1143,medbullets,3,"1,3,6","1,2,6",6,7,6
ID0976,Merge Q704,jama,3,"3,4,6","1,3,4",6,4,4
ID0979,Merge Q2855,medxpert,4,"1,3,6,8","1,6,7,8",8,8,8
ID0981,Merge Q94,jama,7,"1,2,3,4,5,6,7","1,2,3,5,8,10,11",11,11,11
ID0982,Merge Q520,jama,6,"2,5,6,7,9,11","1,2,5,6,7,8",15,11,11
ID0987,Merge Q1219,medbullets,5,"1,2,3,5,6","1,2,3,4,5",11,11,11
ID0992,Merge Q2009,medxpert,4,"1,2,3,4","1,2,3,4",4,4,4
ID0994,Merge Q1747,medxpert,5,"2,3,5,7,8","1,2,3,4,7",8,8,8
ID0998,Merge Q404,jama,10,"1,2,4,5,7,8,9,10,12,16","1,2,4,8,9,10,11,12,13,14",16,16,16
ID0999,Merge Q3889,mmlu,4,"1,2,3,10","1,2,3,10",10,10,10
ID1001,Merge Q622,jama,5,"4,7,9,12,14","1,4,5,9,12",14,10,9
ID1002,Merge Q560,jama,10,"1,2,3,4,5,6,9,16,18,23","1,2,3,7,10,14,16,17,18,19",24,25,24
ID1005,Merge Q457,jama,4,"5,7,9,10","1,4,5,7",10,11,10
ID1009,Merge Q1486,medxpert,6,"2,5,6,7,9,10","1,2,3,5,9,10",10,10,10
ID1013,Merge Q3876,mmlu,3,"1,3,4","1,3,7",8,8,8
ID1014,Merge Q546,jama,9,"2,5,6,7,8,11,12,13,15","1,3,7,8,9,10,11,14,15",15,16,15
ID1015,Merge Q421,jama,5,"9,11,12,13,14","1,2,3,12,13",14,18,14
ID1016,Merge Q366,jama,4,"4,5,6,9","1,2,3,6",9,8,8
ID1017,Merge Q875,jama,5,"2,4,7,8,9","1,4,6,7,9",9,9,8
ID1020,Merge Q276,jama,5,"1,2,4,7,8","3,4,7,8,9",9,9,8
ID1021,Merge Q159,jama,5,"4,6,7,8,10","1,3,4,5,10",10,11,10
ID1022,Merge Q833,jama,6,"3,4,5,6,7,9","1,2,4,5,6,7",9,9,8
ID1024,Merge Q1243,medbullets,4,"2,9,10,11","2,8,9,10",11,11,11
ID1025,Merge Q3848,mmlu,5,"3,5,6,7,9","1,5,6,7,9",9,9,9
ID1026,Merge Q2369,medxpert,4,"1,2,3,10","1,8,10,11",11,11,11
ID1029,Merge Q2898,medxpert,5,"2,6,8,9,10","1,2,8,9,10",10,21,10
ID1031,Merge Q3289,medxpert,7,"1,3,4,5,6,7,8","1,2,3,5,6,7,8",8,26,8
ID1032,Merge Q1023,jama,13,"1,2,3,4,5,6,7,9,10,11,12,14,15","1,2,4,5,6,7,8,9,10,11,12,14,15",15,15,14
ID1035,Merge Q874,jama,5,"1,3,4,8,9","1,5,7,8,9",10,9,9
ID1037,Merge Q239,jama,5,"1,2,3,6,10","1,2,7,9,10",10,9,8
ID1038,Merge Q970,jama,7,"1,2,3,4,5,6,8","1,3,4,5,6,7,8",8,8,8
ID1044,Merge Q4036,mmlu,2,"3,4","3,4",4,4,4
ID1047,Merge Q108,jama,8,"1,2,4,7,10,11,12,13","1,2,3,4,5,6,11,12",13,11,11
ID1048,Merge Q623,jama,3,"3,4,6","1,3,6",7,7,6
ID1049,Merge Q981,jama,5,"2,3,7,8,12","1,2,5,7,8",12,10,10
ID1051,Merge Q1053,medbullets,6,"1,3,4,5,6,7","1,2,3,7,8,9",9,9,9
ID1055,Merge Q3522,medxpert,2,"1,3","1,3",3,3,3
ID1058,Merge Q2031,medxpert,3,"1,2,4","1,2,4",4,4,4
ID1059,Merge Q3941,mmlu,6,"1,2,4,5,6,7","1,3,4,5,6,7",7,7,7
ID1062,Merge Q2311,medxpert,3,"1,3,4","1,2,4",4,4,4
ID1063,Merge Q3952,mmlu,2,"1,3","1,3",3,3,3
ID1064,Merge Q4041,mmlu,2,"3,4","2,4",4,4,4
ID1065,Merge Q1690,medxpert,6,"1,2,4,5,6,7","1,2,3,4,6,7",7,7,7
ID1066,Merge Q1684,medxpert,2,"2,4","1,4",4,4,4
ID1067,Merge Q2652,medxpert,3,"1,5,6","3,5,6",6,6,6
ID1068,Merge Q724,jama,12,"1,2,3,4,5,6,7,8,9,10,11,12","1,2,3,4,5,6,7,8,9,11,12,13",13,12,11
ID1070,Merge Q137,jama,6,"1,3,6,9,11,12","1,3,4,6,7,12",12,11,10
ID1073,Merge Q12,jama,7,"1,2,3,4,9,10,11","1,4,5,7,8,10,11",12,9,9
ID1074,Merge Q1651,medxpert,5,"1,2,3,5,6","1,4,5,7,8",8,17,8
ID1076,Merge Q694,jama,8,"2,4,7,9,11,12,13,16","1,7,12,13,14,15,16,17",17,17,16
ID1077,Merge Q921,jama,10,"1,2,3,4,5,6,8,9,11,12","1,2,6,9,10,11,12,13,14,15",15,17,15
ID1079,Merge Q873,jama,5,"2,3,6,7,8","1,2,5,6,9",10,7,7
ID1081,Merge Q1058,medbullets,5,"2,4,6,7,8","1,2,6,7,8",9,9,9
ID1082,Merge Q3943,mmlu,3,"1,2,3","1,2,3",10,10,10
ID1084,Merge Q345,jama,8,"1,2,3,6,7,8,10,12","1,2,6,8,9,10,11,12",14,13,12
ID1085,Merge Q2834,medxpert,3,"1,3,6","1,2,6",6,6,6
ID1087,Merge Q615,jama,5,"4,7,8,11,13","1,6,7,8,10",13,10,10
ID1088,Merge Q3957,mmlu,4,"3,6,9,11","6,8,9,11",11,11,11
ID1090,Merge Q683,jama,6,"2,4,5,6,8,10","1,2,3,8,9,10",10,11,10
ID1093,Merge Q1147,medbullets,4,"1,2,4,6","3,4,5,6",9,9,9
ID1098,Merge Q216,jama,8,"1,2,4,5,6,8,14,15","1,2,3,5,8,11,12,15",15,14,13
ID1099,Merge Q181,jama,3,"3,7,8","1,7,11",12,11,11
ID1101,Merge Q927,jama,7,"1,2,3,5,6,8,10","1,4,6,7,11,12,13",14,12,12
ID1102,Merge Q2366,medxpert,5,"2,3,7,10,12","1,2,3,11,12",12,12,12
ID1108,Merge Q1938,medxpert,3,"3,4,5","1,2,5",5,5,5
ID1110,Merge Q481,jama,4,"2,3,4,6","1,2,3,5",6,7,6
ID1112,Merge Q3826,mmlu,3,"1,2,10","1,2,10",11,11,11
ID1113,Merge Q303,jama,7,"1,4,5,6,7,9,11","1,3,4,5,6,7,11",14,16,13
ID1114,Merge Q3888,mmlu,3,"2,3,7","1,2,7",11,11,11
ID1116,Merge Q1132,medbullets,3,"4,5,10","1,4,6",11,11,11
ID1117,Merge Q2034,medxpert,2,"1,2","1,7",7,7,7
ID1121,Merge Q486,jama,5,"1,2,5,7,13","1,2,5,6,9",14,14,13
ID1125,Merge Q3165,medxpert,1,6,6,6,6,6
ID1127,Merge Q306,jama,9,"1,2,3,5,7,8,9,12,13","1,3,4,5,6,7,11,12,13",13,12,12
ID1130,Merge Q1061,medbullets,3,"1,3,4","1,3,4",4,4,4
ID1132,Merge Q569,jama,10,"2,4,5,6,8,9,10,15,16,17","1,2,4,8,9,10,11,13,14,16",17,18,17
ID1135,Merge Q325,jama,8,"1,3,4,5,6,7,8,10","1,2,3,4,5,7,8,9",10,9,9
ID1137,Merge Q1254,medbullets,5,"2,3,4,7,9","1,2,3,4,6",9,9,9
ID1141,Merge Q1577,medxpert,6,"1,2,3,4,5,6","1,2,3,4,7,9",9,7,7
ID1142,Merge Q1195,medbullets,7,"2,4,5,6,8,9,10","1,4,5,6,8,9,10",10,20,10
ID1147,Merge Q2222,medxpert,3,"1,2,6","1,4,6",6,6,6
ID1148,Merge Q101,jama,6,"1,2,4,6,13,15","1,6,7,8,11,15",18,16,15
ID1149,Merge Q801,jama,5,"1,2,3,8,9","1,3,4,8,9",9,9,9
ID1150,Merge Q102,jama,6,"7,9,11,12,15,16","1,2,11,12,13,15",17,16,16
ID1151,Merge Q2088,medxpert,2,"1,2","1,4",5,5,5
ID1153,Merge Q1062,medbullets,5,"2,3,6,7,9","2,3,4,6,7",9,9,9
ID1154,Merge Q2533,medxpert,5,"2,3,8,9,10","1,5,7,9,10",10,10,10
ID1157,Merge Q1096,medbullets,8,"1,3,4,6,7,8,9,11","1,2,3,4,7,9,10,11",11,12,11
ID1158,Merge Q1141,medbullets,6,"1,3,7,8,9,10","1,2,4,8,9,10",10,10,10
ID1161,Merge Q3211,medxpert,2,"1,3","1,3",3,3,3
ID1162,Merge Q634,jama,12,"1,3,4,5,6,7,8,9,10,13,15,17","1,8,9,10,11,12,13,14,15,16,17,18",18,17,15
ID1163,Merge Q3964,mmlu,4,"2,6,8,9","2,5,6,9",9,9,9
ID1164,Merge Q310,jama,3,"2,3,4","1,3,4",5,6,5
ID1167,Merge Q592,jama,6,"1,2,4,6,9,15","1,4,8,9,12,13",15,13,13
ID1170,Merge Q97,jama,8,"3,4,5,6,7,8,9,11","1,3,4,6,7,8,9,10",11,9,9
ID1171,Merge Q210,jama,7,"2,3,5,6,7,8,9","1,2,4,6,7,8,9",9,10,9
ID1172,Merge Q1482,medxpert,3,"2,3,4","1,3,4",4,4,4
ID1175,Merge Q208,jama,12,"1,2,4,6,8,10,11,12,13,15,16,18","1,2,3,6,7,8,12,13,14,15,17,18",18,17,17
ID1176,Merge Q2643,medxpert,4,"3,4,6,8","1,2,3,5",9,9,9
ID1179,Merge Q3000,medxpert,8,"1,2,5,7,8,9,10,11","1,5,6,7,8,9,10,11",11,11,11
ID1180,Merge Q3906,mmlu,4,"1,3,4,5","1,3,4,5",5,5,5
ID1181,Merge Q3910,mmlu,2,"2,4","2,4",4,4,4
ID1182,Merge Q3953,mmlu,5,"1,2,6,7,9","1,2,7,8,9",9,9,9
ID1184,Merge Q1858,medxpert,3,"1,4,6","1,4,6",9,9,9
ID1185,Merge Q230,jama,2,"7,13","1,7",14,10,10
ID1187,Merge Q3939,mmlu,5,"5,7,10,11,12","1,9,10,11,12",12,12,12
ID1190,Merge Q2621,medxpert,3,"3,4,5","1,4,5",5,5,5
ID1193,Merge Q136,jama,2,"1,3","1,3",4,5,4
ID1194,Merge Q3154,medxpert,4,"1,2,6,7","1,2,5,6",7,7,7
ID1197,Merge Q674,jama,6,"1,2,3,4,5,6","1,2,3,4,5,6",6,7,5
ID1199,Merge Q1860,medxpert,3,"1,3,5","1,3,5",5,5,5
ID1200,Merge Q1108,medbullets,7,"1,2,3,4,6,8,9","1,2,3,4,8,9,10",10,17,10
ID1201,Merge Q604,jama,6,"1,3,5,7,11,12","1,2,4,6,9,11",13,10,10
ID1202,Merge Q1213,medbullets,3,"1,5,9","1,4,5",10,10,10
ID1204,Merge Q138,jama,4,"3,4,6,7","1,2,3,7",8,8,7
ID1206,Merge Q3970,mmlu,5,"1,3,6,7,12","1,4,12,13,14",14,14,14
ID1208,Merge Q2338,medxpert,6,"1,2,3,4,5,7","1,2,3,4,5,7",7,7,7
ID1209,Merge Q3913,mmlu,3,"1,2,3","1,2,3",4,6,6
ID1212,Merge Q1982,medxpert,3,"1,3,4","1,3,4",4,4,4
ID1215,Merge Q523,jama,7,"2,4,5,6,8,11,12","1,2,3,6,7,11,12",12,14,11
ID1217,Merge Q804,jama,7,"1,2,3,5,7,8,10","1,3,5,6,8,9,10",10,10,10
ID1218,Merge Q1151,medbullets,4,"3,4,9,13","2,3,4,13",13,13,13
ID1223,Merge Q3950,mmlu,4,"2,3,7,8","1,2,3,8",8,8,8
ID1226,Merge Q2958,medxpert,3,"2,3,4","1,3,4",4,4,4
ID1227,Merge Q3882,mmlu,3,"4,5,7","1,3,4",7,7,7
ID1228,Merge Q1193,medbullets,4,"6,7,8,9","1,2,4,9",10,10,10
ID1229,Merge Q662,jama,14,"1,2,3,4,6,7,8,9,10,11,12,13,14,16","1,4,5,6,7,8,9,10,11,12,13,14,15,16",16,16,15
ID1239,Merge Q3976,mmlu,5,"1,2,4,6,7","1,2,5,6,7",7,7,7
ID1240,Merge Q3975,mmlu,2,"2,4","3,4",4,4,4
ID1244,Merge Q80,jama,6,"1,6,9,12,13,15","1,3,5,9,10,11",16,13,12
ID1245,Merge Q1244,medbullets,4,"2,3,5,6","1,2,4,6",6,6,6
ID1246,Merge Q1253,medbullets,5,"4,5,8,10,11","3,5,9,10,13",13,13,13
ID1247,Merge Q415,jama,8,"2,3,4,5,6,9,11,12","1,2,3,7,9,10,11,12",12,12,11
ID1248,Merge Q3874,mmlu,1,4,4,4,4,4
ID1249,Merge Q1266,medbullets,6,"1,2,3,4,6,7","1,2,5,6,7,8",8,8,8
ID1252,Merge Q3246,medxpert,5,"1,2,4,5,6","1,2,3,5,6",6,6,6
ID1254,Merge Q2497,medxpert,1,1,4,4,4,4
ID1255,Merge Q1489,medxpert,8,"1,2,3,4,5,6,7,8","1,2,3,4,5,6,7,8",8,8,8
ID1256,Merge Q3455,medxpert,4,"1,4,5,6","1,2,3,7",7,7,7
ID1258,Merge Q3942,mmlu,4,"2,3,4,5","2,3,4,5",5,5,5
ID1261,Merge Q3937,mmlu,4,"2,3,5,7","1,5,6,7",7,7,7
ID1262,Merge Q1220,medbullets,4,"2,3,4,12","1,2,3,4",12,12,12
ID1266,Merge Q782,jama,12,"2,3,4,5,6,7,8,11,13,14,15,16","1,2,4,5,7,8,9,10,13,14,15,16",16,17,15
ID1268,Merge Q3951,mmlu,2,"1,3","1,3",3,3,3
ID1269,Merge Q1229,medbullets,5,"1,2,8,10,11","1,5,6,7,8",11,11,11
ID1270,Merge Q3430,medxpert,3,"1,3,5","1,3,6",7,7,7
ID1271,Merge Q1144,medbullets,6,"1,3,4,5,6,8","1,4,5,7,8,10",11,10,10
ID1272,Merge Q3982,mmlu,4,"2,5,10,11","1,2,8,11",12,12,12
ID1273,Merge Q549,jama,3,"6,12,13","1,6,8",13,12,12
ID1277,Merge Q4002,mmlu,6,"1,2,3,6,7,8","1,2,3,5,7,8",8,8,8
ID1278,Merge Q1271,medbullets,4,"1,2,4,10","2,4,6,11",11,11,11
ID1279,Merge Q1046,medbullets,6,"4,5,6,7,9,13","1,2,3,9,11,13",13,13,13
ID1280,Merge Q1543,medxpert,2,"2,5","1,5",6,6,6
ID1284,Merge Q1961,medxpert,3,"2,3,4","1,2,4",4,4,4
ID1285,Merge Q373,jama,6,"1,3,4,5,6,7","1,2,3,5,6,7",9,9,9
ID1287,Merge Q3919,mmlu,5,"3,5,6,7,10","1,5,7,10,14",15,16,16
ID1288,Merge Q297,jama,7,"1,3,4,5,6,7,8","1,2,3,4,6,7,8",8,8,8
ID1290,Merge Q545,jama,5,"1,2,3,4,5","1,2,3,4,5",5,3,3
ID1294,Merge Q1757,medxpert,2,"3,5","1,5",5,5,5
ID1296,Merge Q3873,mmlu,5,"1,7,8,10,11","1,7,8,9,10",11,11,11
ID1297,Merge Q3829,mmlu,2,"2,4","3,4",4,4,4
ID1298,Merge Q3416,medxpert,1,4,1,6,6,6
ID1299,Merge Q1914,medxpert,4,"1,2,4,7","1,5,6,7",7,7,7
ID1302,Merge Q4012,mmlu,4,"1,4,5,6","1,4,5,6",6,6,6
ID1307,Merge Q1260,medbullets,3,"1,3,7","3,4,5",7,7,7
ID1308,Merge Q45,jama,12,"1,2,3,4,6,7,8,9,10,11,12,13","1,2,3,4,5,6,7,9,10,11,12,13",13,13,13
ID1309,Merge Q2077,medxpert,2,"1,3","1,3",3,3,3
ID1310,Merge Q3845,mmlu,6,"1,3,5,6,7,8","4,5,6,7,8,9",8,8,8
ID1313,Merge Q1290,medbullets,4,"1,2,3,6","1,2,3,6",8,8,8
ID1316,Merge Q3797,mmlu,3,"1,4,5","1,2,5",5,5,5
ID1318,Merge Q269,jama,6,"1,2,3,5,8,12","1,2,5,8,12,13",14,13,13
ID1320,Merge Q172,jama,8,"1,2,3,6,7,8,9,10","1,2,3,4,6,7,8,10",10,10,10
ID1321,Merge Q508,jama,3,"1,2,4","1,5,6",6,6,5
ID1324,Merge Q1527,medxpert,3,"1,2,3","1,2,3",3,3,3
ID1328,Merge Q3026,medxpert,5,"1,3,5,7,8","1,3,5,6,8",8,8,8
ID1329,Merge Q1268,medbullets,5,"1,2,3,4,6","1,2,4,5,6",6,7,6
ID1330,Merge Q3897,mmlu,2,"2,3","2,3",3,3,3
ID1331,Merge Q3961,mmlu,10,"1,2,3,4,5,6,7,8,10,11","1,2,3,5,6,7,8,9,10,11",11,13,13
ID1332,Merge Q658,jama,11,"1,2,4,5,7,8,9,11,13,14,16","1,2,3,4,5,11,13,14,15,16,17",17,14,14
ID1333,Merge Q3342,medxpert,6,"1,2,4,6,7,10","2,4,6,7,8,9",11,11,11
ID1335,Merge Q3833,mmlu,7,"2,3,4,5,7,8,10","1,2,4,5,6,9,10",10,9,9
ID1336,Merge Q3786,mmlu,4,"1,6,9,11","8,9,10,11",11,11,11
ID1338,Merge Q1174,medbullets,4,"1,3,4,6","1,2,3,6",9,10,9
ID1339,Merge Q3801,mmlu,7,"1,4,6,9,10,12,13","1,7,8,9,14,15,16",16,17,17
ID1340,Merge Q1851,medxpert,2,"1,2","1,2",7,7,7
ID1343,Merge Q1205,medbullets,4,"1,2,6,7","1,2,6,7",7,7,7
ID1345,Merge Q1274,medbullets,6,"1,2,3,4,7,8","1,2,3,7,8,9",9,9,9
ID1346,Merge Q298,jama,5,"1,2,3,6,7","1,2,5,6,7",7,8,7
ID1347,Merge Q659,jama,6,"1,2,5,6,7,9","1,2,7,8,9,10",10,9,8
ID1349,Merge Q606,jama,13,"1,2,4,5,6,7,9,10,11,12,13,14,15","1,3,4,5,6,7,9,10,11,12,13,14,15",15,16,15
ID1353,Merge Q292,jama,9,"1,2,3,5,6,7,10,11,14","1,3,4,5,9,10,11,12,13",14,15,14
ID1354,Merge Q701,jama,4,"7,9,11,13","2,3,4,13",13,12,11
ID1355,Merge Q4011,mmlu,2,"1,3","1,3",3,3,3
ID1357,Merge Q3369,medxpert,4,"1,3,5,7","1,5,6,7",7,12,7
ID1359,Merge Q264,jama,5,"1,4,5,6,10","1,3,4,7,9",11,9,9
ID1366,Merge Q528,jama,8,"3,4,5,6,8,9,10,11","1,3,4,5,6,7,8,11",12,13,12
ID1369,Merge Q3404,medxpert,5,"1,2,3,4,6","1,2,3,4,5",7,7,7
ID1371,Merge Q1296,medbullets,3,"4,5,8","1,6,8",8,8,8
ID1378,Merge Q1185,medbullets,9,"1,2,3,4,5,6,7,8,9","1,2,3,4,5,6,7,8,9",9,13,9
ID1380,Merge Q2836,medxpert,5,"1,2,3,6,7","1,2,3,6,7",7,7,7
ID1383,Merge Q3820,mmlu,3,"1,2,3","1,2,10",10,10,10
ID1384,Merge Q1154,medbullets,3,"1,4,6","1,4,9",9,9,9
ID1385,Merge Q1587,medxpert,3,"1,2,6","1,2,6",6,6,6
ID1387,Merge Q759,jama,12,"1,2,3,4,6,10,11,12,14,16,17,18","1,2,3,4,5,6,9,10,11,13,18,19",19,17,16
ID1388,Merge Q7,jama,5,"1,2,5,6,7","1,2,3,6,7",11,6,6
ID1389,Merge Q2367,medxpert,4,"2,3,4,5","1,2,3,4",5,5,5
ID1392,Merge Q2594,medxpert,5,"1,3,4,5,6","1,2,4,5,6",6,10,6
ID1394,Merge Q1183,medbullets,3,"1,6,7","5,6,7",13,13,13
ID1395,Merge Q2083,medxpert,7,"1,2,3,4,5,6,7","1,2,3,4,5,6,7",7,7,7
ID1396,Merge Q2072,medxpert,2,"2,3","2,3",4,4,4
ID1398,Merge Q880,jama,6,"3,4,5,6,7,9","1,4,6,7,8,9",11,11,11
ID1399,Merge Q3466,medxpert,6,"1,2,5,6,8,9","1,2,4,7,8,10",11,11,11
ID1401,Merge Q761,jama,6,"2,4,7,8,9,11","1,2,5,7,8,9",11,11,10
ID1402,Merge Q132,jama,4,"2,14,17,19","1,9,11,12",19,16,16
ID1403,Merge Q548,jama,10,"1,2,3,4,5,6,8,9,12,13","1,4,5,6,8,10,11,12,13,14",14,14,14
ID1405,Merge Q3871,mmlu,3,"1,2,5","1,4,5",5,5,5
ID1409,Merge Q2261,medxpert,3,"2,6,7","1,2,7",7,7,7
ID1413,Merge Q1194,medbullets,4,"3,4,7,9","2,3,4,9",10,11,10
ID1414,Merge Q2724,medxpert,5,"1,2,4,6,7","1,2,3,4,5",7,7,7
ID1416,Merge Q156,jama,9,"2,3,4,5,6,7,8,9,10","1,2,3,4,5,7,8,10,11",10,11,10
ID1418,Merge Q3803,mmlu,2,"6,11","1,11",14,14,14
ID1421,Merge Q4028,mmlu,5,"1,2,6,8,9","1,3,4,8,10",12,12,12
ID1422,Merge Q1265,medbullets,5,"2,3,4,8,10","1,4,8,9,10",10,14,10
ID1423,Merge Q3020,medxpert,4,"1,3,4,5","1,3,4,5",5,5,5
ID1425,Merge Q4005,mmlu,5,"1,2,4,5,6","1,2,4,5,6",6,6,6
ID1426,Merge Q4024,mmlu,7,"2,3,6,7,8,9,11","1,3,5,6,7,10,11",11,10,10
ID1428,Merge Q2653,medxpert,3,"1,2,4","1,2,5",5,5,5
ID1430,Merge Q618,jama,6,"3,4,5,11,12,13","1,5,6,7,12,13",14,15,14
ID1432,Merge Q2880,medxpert,3,"1,2,5","1,2,5",6,6,6
ID1434,Merge Q2609,medxpert,5,"1,3,5,6,7","1,2,4,5,7",7,18,7
ID1438,Merge Q452,jama,10,"1,3,5,8,9,12,13,15,17,19","1,2,3,4,5,9,15,16,17,19",19,16,16
ID1439,Merge Q1131,medbullets,6,"2,3,4,5,6,7","1,2,3,4,6,8",8,8,8
ID1442,Merge Q3841,mmlu,3,"3,6,7","1,2,3",8,8,8
ID1445,Merge Q3911,mmlu,3,"1,3,5","1,3,5",7,7,7
ID1446,Merge Q3903,mmlu,7,"1,2,3,4,6,7,8","1,2,3,5,6,7,8",8,8,8
ID1448,Merge Q2361,medxpert,5,"1,2,3,4,6","1,2,4,5,6",6,6,6
ID1450,Merge Q740,jama,13,"1,2,3,5,7,9,10,11,12,13,14,15,16","1,2,3,4,5,6,7,8,9,10,11,12,17",16,17,16
ID1452,Merge Q1200,medbullets,5,"1,5,7,8,9","1,4,5,7,9",9,18,9
ID1454,Merge Q3813,mmlu,4,"2,3,4,6","1,4,5,7",7,7,7
ID1459,Merge Q885,jama,4,"1,7,9,10","1,3,8,10",10,11,10
ID1460,Merge Q3967,mmlu,2,"1,2","1,3",4,4,4
ID1462,Merge Q3377,medxpert,4,"1,2,3,4","1,2,3,4",4,4,4
ID1463,Merge Q2542,medxpert,3,"1,2,3","1,2,3",4,4,4
ID1464,Merge Q532,jama,9,"1,3,4,5,6,8,9,10,12","1,2,3,5,7,8,9,10,12",13,14,13
ID1466,Merge Q3787,mmlu,5,"2,3,5,8,9","1,2,8,9,10",9,9,9
ID1467,Merge Q4046,mmlu,2,"10,11","1,11",11,11,11
ID1468,Merge Q1176,medbullets,5,"3,7,8,9,10","6,7,8,9,10",10,10,10
ID1469,Merge Q376,jama,4,"2,3,8,11","1,8,10,11",11,11,11
ID1474,Merge Q4030,mmlu,5,"1,2,4,5,7","3,4,5,6,7",7,7,7
ID1475,Merge Q1241,medbullets,4,"1,3,4,6","1,3,7,8",9,19,9
ID1479,Merge Q4023,mmlu,4,"2,3,4,7","1,2,4,7",7,7,7
ID1480,Merge Q1104,medbullets,3,"4,5,7","1,2,3",7,7,7
ID1483,Merge Q2511,medxpert,5,"1,2,4,5,6","1,2,3,5,6",6,6,6
ID1485,Merge Q478,jama,9,"1,2,3,5,8,9,10,12,17","1,2,4,7,8,9,11,15,17",17,18,17
ID1488,Merge Q1047,medbullets,5,"5,7,8,9,10","2,3,6,7,8",10,10,10
ID1489,Merge Q1055,medbullets,6,"1,2,5,6,7,9","1,2,5,6,7,8",9,9,9
ID1491,Merge Q688,jama,13,"1,2,3,4,5,6,7,8,9,10,11,12,14","1,2,3,4,5,6,8,9,10,11,12,13,14",14,11,11
ID1492,Merge Q2177,medxpert,2,"1,2","1,2",4,4,4
ID1494,Merge Q1169,medbullets,3,"1,3,8","1,2,8",8,9,8
ID1496,Merge Q1129,medbullets,3,"1,4,6","1,4,6",6,6,6
ID1500,Merge Q3815,mmlu,3,"1,3,4","1,3,4",4,4,4
ID1501,Merge Q3033,medxpert,2,"1,4","1,4",5,5,5
ID1504,Merge Q2119,medxpert,3,"1,3,4","1,3,4",4,4,4
ID1505,Merge Q492,jama,9,"2,3,6,7,8,9,10,12,18","1,2,4,7,8,10,13,14,18",18,18,17
ID1506,Merge Q3870,mmlu,1,1,1,4,4,4
ID1507,Merge Q4045,mmlu,1,4,1,4,4,4
ID1508,Merge Q1103,medbullets,1,8,8,12,13,12
ID1513,Merge Q82,jama,11,"1,2,3,4,5,7,8,11,12,13,14","1,2,3,4,5,9,10,11,12,13,17",24,22,21
ID1515,Merge Q3927,mmlu,4,"2,3,6,8","1,2,3,8",11,11,11
ID1520,Merge Q304,jama,7,"4,6,7,8,9,12,16","1,2,4,7,11,12,13",16,14,14
ID1524,Merge Q4010,mmlu,2,"1,7","1,7",7,7,7
ID1525,Merge Q754,jama,8,"1,4,5,10,11,12,13,14","1,2,6,10,11,12,13,14",15,12,12
ID1526,Merge Q1324,medbullets,6,"1,2,4,6,7,8","1,2,3,4,6,7",8,9,8
ID1530,Merge Q756,jama,11,"2,4,5,6,8,9,10,11,12,14,15","1,2,4,5,8,10,11,12,13,14,15",15,12,12
ID1531,Merge Q827,jama,4,"1,2,3,4","1,2,3,4",6,7,6
ID1534,Merge Q1240,medbullets,5,"2,3,8,10,12","1,2,6,9,10",13,13,13
ID1536,Merge Q1051,medbullets,4,"1,2,3,4","2,3,5,6",6,7,6
ID1538,Merge Q29,jama,13,"1,4,5,6,7,8,9,10,11,12,13,14,15","1,2,3,4,5,6,7,8,9,10,13,14,15",15,14,13
ID1539,Merge Q1177,medbullets,6,"1,3,4,7,8,9","1,2,4,7,8,9",9,9,9
ID1540,Merge Q258,jama,9,"2,3,6,7,8,11,12,14,15","1,3,4,8,10,11,12,13,14",15,12,11
ID1541,Merge Q1319,medbullets,7,"1,2,3,4,5,6,7","1,2,3,6,7,8,9",9,19,9
ID1543,Merge Q3853,mmlu,7,"1,2,3,5,7,8,10","1,2,3,5,6,7,10",10,10,10
ID1544,Merge Q3922,mmlu,6,"1,3,4,5,6,7","1,2,4,5,6,7",7,7,7
ID1550,Merge Q224,jama,12,"1,2,3,5,6,9,10,12,13,14,15,16","1,6,7,8,9,10,11,12,13,14,15,16",16,13,12
ID1551,Merge Q293,jama,12,"2,3,5,8,10,11,12,13,14,15,16,20","1,2,3,4,5,10,12,14,15,17,19,20",21,19,18
ID1552,Merge Q1291,medbullets,4,"1,2,3,4","1,2,7,8",8,8,8
ID1553,Merge Q1145,medbullets,5,"1,2,3,5,15","4,5,6,8,10",15,15,15
ID1557,Merge Q2962,medxpert,2,"1,7","1,7",8,8,8
ID1558,Merge Q189,jama,4,"1,2,4,7","1,5,6,7",8,9,8
ID1559,Merge Q1937,medxpert,3,"1,2,7","1,2,7",7,7,7
ID1565,Merge Q1316,medbullets,2,"1,2","1,2",11,11,11
ID1567,Merge Q2517,medxpert,3,"1,6,7","2,3,7",7,7,7
ID1569,Merge Q3812,mmlu,2,"1,3","1,2",3,3,3
ID1570,Merge Q1037,medbullets,3,"1,2,8","1,2,8",8,8,8
ID1571,Merge Q3196,medxpert,3,"1,2,3","1,2,7",9,9,9
ID1572,Merge Q1702,medxpert,4,"1,2,3,5","1,2,3,4",5,5,5
ID1573,Merge Q51,jama,6,"2,3,4,6,7,9","1,2,3,9,10,14",14,13,12
ID1574,Merge Q985,jama,6,"2,4,6,10,12,14","1,6,9,10,13,14",14,13,12
ID1575,Merge Q426,jama,10,"1,2,6,7,8,9,10,11,14,16","1,2,3,4,7,10,11,12,13,14",16,13,13
ID1578,Merge Q1782,medxpert,5,"1,2,3,4,7","1,2,3,4,7",7,7,7
ID1581,Merge Q591,jama,10,"1,2,4,5,6,7,8,10,11,12","1,2,4,5,6,7,8,9,11,12",13,9,9
ID1582,Merge Q1517,medxpert,5,"1,3,4,5,7","1,4,5,6,7",7,7,7
ID1583,Merge Q3924,mmlu,6,"1,2,3,5,6,7","1,2,4,5,6,7",7,7,7
ID1585,Merge Q324,jama,4,"2,5,6,10","1,2,3,7",11,12,11
ID1586,Merge Q3996,mmlu,4,"5,8,9,15","1,4,6,8",15,16,16
ID1587,Merge Q3792,mmlu,3,"1,2,4","1,2,4",4,4,4
ID1588,Merge Q238,jama,12,"3,4,5,6,7,9,10,11,12,13,14,15","1,2,5,7,8,9,10,11,12,13,14,15",15,14,13
ID1590,Merge Q3917,mmlu,1,5,1,6,7,7
ID1591,Merge Q3015,medxpert,4,"1,2,6,7","1,2,3,6",7,7,7
ID1593,Merge Q1949,medxpert,6,"1,2,3,5,6,7","1,2,3,5,6,8",8,8,8
ID1594,Merge Q17,jama,7,"1,2,3,4,5,7,9","1,2,5,6,7,8,9",9,9,9
ID1596,Merge Q4022,mmlu,7,"1,3,4,6,7,8,12","1,4,5,6,8,9,11",12,12,12
ID1599,Merge Q1076,medbullets,5,"3,5,6,8,9","1,2,3,8,9",9,10,9
ID1602,Merge Q1113,medbullets,6,"1,3,4,6,7,8","1,3,4,5,7,8",8,9,8
ID1612,Merge Q660,jama,6,"2,3,4,5,10,13","1,2,6,10,11,13",14,13,13
ID1613,Merge Q3872,mmlu,2,"3,5","1,4",5,5,5
ID1614,Merge Q2813,medxpert,2,"3,5","3,5",5,6,6
ID1617,Merge Q2710,medxpert,4,"1,4,5,7","1,5,6,7",8,14,8
ID1622,Merge Q3962,mmlu,4,"1,4,6,8","1,3,7,8",11,11,11
ID1632,Merge Q1080,medbullets,4,"1,2,5,6","1,2,5,6",7,7,7
ID1633,Merge Q3791,mmlu,4,"1,3,4,5","1,2,4,5",5,5,5
ID1636,Merge Q1276,medbullets,6,"1,2,3,5,6,9","1,2,3,4,5,7",9,9,9
ID1637,Merge Q1247,medbullets,2,"1,2","1,2",6,6,6
ID1638,Merge Q787,jama,10,"1,4,11,13,14,16,17,18,19,20","1,2,3,8,15,16,17,18,19,20",22,21,21
ID1646,Merge Q3228,medxpert,3,"2,3,4","1,2,4",4,4,4
ID1650,Merge Q3817,mmlu,7,"1,2,3,6,12,13,15","1,2,3,10,12,13,15",15,15,15
ID1651,Merge Q995,jama,9,"1,2,3,4,5,6,7,8,9","1,2,3,4,5,6,7,8,9",9,9,8
ID1652,Merge Q290,jama,4,"3,7,9,10","1,4,9,10",10,11,10
ID1654,Merge Q3350,medxpert,5,"1,2,3,5,6","1,2,3,4,6",6,11,6
ID1656,Merge Q2143,medxpert,3,"1,4,5","1,4,5",6,6,6
ID1659,Merge Q232,jama,8,"1,3,4,7,8,11,13,18","1,10,11,12,13,14,18,19",19,17,17
ID1660,Merge Q3885,mmlu,2,"1,3","1,3",3,3,3
ID1662,Merge Q4004,mmlu,5,"1,3,4,5,6","1,2,4,5,6",6,6,6
ID1663,Merge Q732,jama,5,"1,3,4,7,9","1,2,3,7,9",14,13,12
ID1664,Merge Q142,jama,13,"2,3,4,5,6,7,8,9,10,12,13,14,15","1,2,4,5,6,7,8,9,10,11,12,13,14",15,11,11
ID1667,Merge Q3394,medxpert,3,"2,6,9","1,2,3",9,9,9
ID1668,Merge Q1309,medbullets,9,"1,2,3,4,5,6,7,9,10","1,2,3,5,6,7,8,9,10",10,10,10
ID1672,Merge Q983,jama,4,"1,3,4,5","1,2,4,5",5,6,5
ID1673,Merge Q3262,medxpert,3,"1,2,4","1,2,3",5,5,5
ID1674,Merge Q343,jama,7,"1,5,7,11,14,15,17","1,3,6,7,11,16,17",17,18,17
ID1676,Merge Q3223,medxpert,3,"1,2,3","1,2,3",4,4,4
ID1678,Merge Q972,jama,3,"1,2,10","1,2,5",10,8,8
ID1679,Merge Q600,jama,9,"1,4,6,7,8,9,11,12,13","1,2,3,4,5,7,9,10,11",13,14,13
ID1684,Merge Q1450,medxpert,3,"1,2,4","1,3,4",7,7,7
ID1685,Merge Q1134,medbullets,4,"1,3,4,5","1,3,7,8",8,8,8
ID1688,Merge Q3828,mmlu,1,1,1,7,7,7
ID1691,Merge Q3003,medxpert,3,"2,9,15","1,13,15",15,38,15
ID1693,Merge Q1297,medbullets,7,"1,2,3,7,8,9,10","1,2,5,6,7,8,9",10,10,10
ID1694,Merge Q2536,medxpert,4,"2,3,4,10","1,2,3,4",11,11,11
ID1696,Merge Q2582,medxpert,3,"3,4,6","1,2,6",6,6,6
ID1698,Merge Q1581,medxpert,5,"1,2,3,6,7","1,3,4,5,6",7,8,8
ID1699,Merge Q313,jama,6,"3,4,6,8,11,13","1,2,3,4,6,7",13,13,13
ID1700,Merge Q3849,mmlu,9,"1,2,3,5,6,7,8,9,10","1,2,3,6,7,8,9,11,12",12,12,12
ID1701,Merge Q3843,mmlu,5,"2,4,5,6,9","1,2,4,6,9",9,9,9
ID1704,Merge Q1192,medbullets,4,"1,4,6,8","1,2,5,6",8,10,9
ID1712,Merge Q2383,medxpert,4,"1,2,4,5","1,2,3,4",5,5,5
ID1713,Merge Q145,jama,5,"1,2,3,6,7","1,2,3,6,7",7,8,7
ID1715,Merge Q3850,mmlu,1,2,6,6,6,6
ID1717,Merge Q1431,medxpert,6,"1,4,5,7,11,12","1,5,9,10,12,14",14,14,14
ID1718,Merge Q1175,medbullets,3,"2,4,8","3,8,9",9,9,9
ID1722,Merge Q1854,medxpert,7,"1,2,3,4,5,6,7","1,2,3,4,5,6,7",7,7,7
ID1724,Merge Q2132,medxpert,5,"1,2,6,9,11","1,2,6,10,11",11,11,11
ID1725,Merge Q3992,mmlu,3,"2,8,9","1,8,9",10,10,10
ID1727,Merge Q2376,medxpert,6,"1,2,3,4,6,8","1,2,3,4,5,6",8,8,8
ID1734,Merge Q454,jama,6,"1,3,4,5,6,7","1,2,3,4,6,7",7,8,7
ID1738,Merge Q1323,medbullets,4,"3,4,5,11","2,3,4,5",11,12,11
ID1741,Merge Q3417,medxpert,4,"2,4,6,8","1,2,6,8",8,8,8
ID1742,Merge Q3295,medxpert,3,"1,4,6","1,4,7",7,15,7
ID1743,Merge Q2450,medxpert,2,"4,5","1,5",5,5,5
ID1744,Merge Q3118,medxpert,3,"2,3,6","1,2,6",6,6,6
ID1746,Merge Q2053,medxpert,1,4,4,4,4,4
ID1747,Merge Q57,jama,8,"1,2,3,4,5,9,10,11","1,2,3,4,7,8,9,10",11,14,11
ID1749,Merge Q3795,mmlu,4,"1,2,3,7","1,2,5,7",7,7,7
ID1750,Merge Q2678,medxpert,2,"1,2","1,2",3,3,3
ID1751,Merge Q3297,medxpert,2,"1,3","1,6",7,7,7
ID1755,Merge Q2936,medxpert,5,"1,2,4,5,6","1,3,4,5,6",6,6,6
ID1757,Merge Q2202,medxpert,3,"1,2,3","1,2,3",5,5,5
ID1758,Merge Q1648,medxpert,3,"1,4,5","1,4,5",5,5,5
ID1761,Merge Q240,jama,9,"2,4,5,6,9,10,11,12,14","1,6,7,8,9,10,11,12,13",14,13,12
ID1762,Merge Q763,jama,4,"2,3,7,8","1,7,8,9",10,7,7
ID1766,Merge Q2231,medxpert,6,"1,2,3,6,7,8","1,2,4,6,7,8",8,8,8
ID1768,Merge Q1285,medbullets,2,"2,3","1,2",8,8,8
ID1769,Merge Q903,jama,9,"1,2,6,7,8,10,11,12,13","1,2,3,5,6,7,13,14,15",15,13,12
ID1772,Merge Q2122,medxpert,3,"1,3,4","1,3,4",4,4,4
ID1773,Merge Q1647,medxpert,5,"1,6,7,8,9","1,4,6,8,9",10,21,10
ID1774,Merge Q4054,mmlu,3,"1,2,5","1,4,5",5,4,4
ID1776,Merge Q1765,medxpert,3,"1,4,7","1,2,7",8,8,8
ID1777,Merge Q3326,medxpert,3,"1,2,4","1,2,4",4,4,4
ID1778,Merge Q2473,medxpert,4,"1,2,3,4","1,2,4,5",6,6,6
ID1779,Merge Q1974,medxpert,2,"4,5","4,5",5,5,5
ID1783,Merge Q3202,medxpert,4,"1,2,5,7","1,5,6,8",8,8,8
ID1788,Merge Q3818,mmlu,4,"3,5,6,8","1,9,10,13",13,13,13
ID1789,Merge Q3415,medxpert,5,"1,2,4,6,7","1,3,8,9,10",10,24,10
ID1791,Merge Q470,jama,3,"1,4,10","1,2,10",11,12,11
ID1792,Merge Q584,jama,13,"1,5,7,9,10,11,12,13,14,15,16,17,19","1,2,3,5,6,7,10,12,13,14,18,19,21",23,22,22
ID1793,Merge Q3883,mmlu,6,"1,2,3,5,6,7","1,3,4,5,6,7",8,8,8
ID1795,Merge Q3486,medxpert,4,"1,2,3,4","1,2,3,4",4,4,4
ID1797,Merge Q848,jama,11,"3,4,5,6,7,8,9,10,11,12,13","1,2,3,4,6,8,9,10,11,12,13",13,14,13
ID1798,Merge Q4018,mmlu,7,"1,3,6,7,8,9,10","1,3,6,7,8,9,10",10,10,10
ID1800,Merge Q3877,mmlu,3,"1,2,4","1,4,9",11,11,11
ID1802,Merge Q779,jama,5,"1,5,6,9,11","1,2,5,9,12",13,14,13
ID1807,Merge Q550,jama,11,"1,2,3,4,5,7,8,9,10,11,12","1,2,3,4,5,6,7,8,9,10,11",12,13,12
ID1808,Merge Q3800,mmlu,2,"2,3","2,3",3,3,3
ID1817,Merge Q3134,medxpert,3,"2,5,7","1,2,7",7,7,7
ID1818,Merge Q3918,mmlu,6,"3,4,5,6,8,9","1,5,6,7,8,9",9,9,9
ID1819,Merge Q111,jama,7,"1,3,5,6,9,10,12","1,2,6,7,8,10,11",12,12,12
ID1820,Merge Q275,jama,4,"3,5,7,9","1,3,4,7",11,11,10
ID1821,Merge Q1095,medbullets,11,"1,3,4,5,6,7,8,9,10,11,12","1,2,3,7,8,10,11,12,13,14,15",15,15,15
ID1822,Merge Q1196,medbullets,5,"3,4,5,6,7","2,3,8,9,13",13,13,13
ID1824,Merge Q1081,medbullets,2,"7,8","3,7",8,8,8
ID1825,Merge Q1728,medxpert,3,"2,7,8","1,3,6",8,8,8
ID1826,Merge Q3907,mmlu,3,"1,3,5","1,2,3",8,9,9
ID1827,Merge Q4053,mmlu,5,"1,3,8,9,10","1,6,7,9,10",10,10,10
ID1831,Merge Q750,jama,4,"1,2,3,4","1,8,9,14",15,13,13
ID1833,Merge Q1159,medbullets,3,"1,3,6","1,2,6",7,7,7
ID1834,Merge Q2027,medxpert,1,1,1,3,3,3
ID1837,Merge Q64,jama,5,"1,2,4,5,8","1,2,4,7,8",9,6,6
ID1838,Merge Q1282,medbullets,5,"1,2,5,6,7","1,2,3,9,10",9,24,9
ID1840,Merge Q2838,medxpert,2,"1,5","1,4",5,14,5
ID1841,Merge Q165,jama,8,"1,2,4,5,6,7,8,9","1,2,3,4,5,6,8,9",10,11,10
ID1842,Merge Q619,jama,9,"1,3,4,5,6,7,9,10,11","1,2,3,8,9,11,14,15,17",17,16,15
ID1843,Merge Q3908,mmlu,2,"2,3","1,3",3,3,3
ID1845,Merge Q1072,medbullets,6,"1,2,4,6,7,8","1,2,4,5,7,8",9,9,9
ID1846,Merge Q1223,medbullets,8,"1,3,4,6,7,8,9,12","1,2,3,4,5,10,11,12",12,13,12
ID1849,Merge Q3983,mmlu,4,"1,2,4,5","1,2,3,4",5,5,5
ID1850,Merge Q846,jama,5,"1,6,10,11,12","1,8,9,11,12",14,12,12
ID1851,Merge Q3861,mmlu,2,"2,3","2,3",3,3,3
ID1855,Merge Q690,jama,8,"1,2,3,4,5,6,7,9","1,2,4,5,6,7,8,9",9,9,8
ID1858,Merge Q2820,medxpert,7,"1,2,3,4,5,6,7","1,2,3,5,6,8,9",9,20,9
ID1859,Merge Q364,jama,9,"1,2,3,4,6,7,8,12,14","1,2,6,7,8,9,11,12,14",14,13,12
ID1862,Merge Q3986,mmlu,3,"1,5,6","1,5,6",6,6,6
ID1863,Merge Q3789,mmlu,3,"3,9,10","1,3,10",10,10,10
ID1865,Merge Q751,jama,5,"1,3,5,7,13","1,6,7,11,13",13,11,11
ID1866,Merge Q3858,mmlu,3,"1,3,4","1,3,4",4,4,4
ID1873,Merge Q4037,mmlu,2,"1,4","1,4",4,4,4
ID1874,Merge Q3884,mmlu,2,"1,4","1,4",4,4,4
ID1875,Merge Q714,jama,7,"1,3,4,5,6,7,8","1,3,4,5,6,7,8",9,8,8
ID1880,Merge Q1216,medbullets,6,"2,4,6,7,9,10","1,2,3,4,7,10",12,13,13
ID1881,Merge Q3867,mmlu,3,"1,2,3","1,2,3",3,3,3
ID1882,Merge Q1304,medbullets,7,"1,2,3,4,6,8,9","1,2,4,5,6,7,8",9,9,9
ID1886,Merge Q1731,medxpert,5,"1,2,3,4,6","1,2,3,4,6",6,6,6
ID1887,Merge Q913,jama,6,"1,3,6,9,10,11","1,6,8,9,10,11",11,12,11
ID1888,Merge Q1640,medxpert,4,"1,2,6,7","1,5,6,7",7,7,7
ID1889,Merge Q3831,mmlu,4,"2,3,4,7","1,2,6,7",7,7,7
ID1890,Merge Q3440,medxpert,3,"1,2,4","1,2,4",5,5,5
ID1892,Merge Q1500,medxpert,5,"2,5,6,7,8","1,2,3,5,6",8,8,8
ID1893,Merge Q52,jama,10,"3,4,6,7,9,11,13,15,16,17","1,3,5,8,12,15,16,17,18,19",19,15,14
ID1895,Merge Q1150,medbullets,5,"1,2,3,6,7","1,2,3,6,7",7,8,7
ID1896,Merge Q2437,medxpert,3,"2,4,5","1,2,5",5,5,5
ID1898,Merge Q1085,medbullets,6,"1,2,3,4,6,8","1,2,3,6,7,8",8,8,8
ID1900,Merge Q107,jama,3,"4,6,15","1,6,9",15,14,14
ID1902,Merge Q624,jama,7,"1,3,4,6,8,11,12","1,4,6,7,9,10,11",12,10,10
ID1904,Merge Q227,jama,2,"1,3","1,2",8,8,8
ID1905,Merge Q3462,medxpert,7,"1,2,3,4,6,7,8","1,2,3,4,6,7,8",8,8,8
ID1908,Merge Q3977,mmlu,5,"1,2,3,4,5","1,3,4,5,9",9,9,9
ID1909,Merge Q154,jama,1,1,1,8,11,8
ID1910,Merge Q3105,medxpert,6,"2,3,4,5,6,7","1,3,4,5,6,7",8,8,8
ID1911,Merge Q3878,mmlu,3,"1,6,7","1,6,7",7,7,7
ID1912,Merge Q3804,mmlu,2,"1,2","1,3",12,12,12
ID1913,Merge Q2115,medxpert,6,"1,2,3,4,5,7","1,3,4,5,6,7",8,8,8
ID1915,Merge Q1473,medxpert,5,"1,2,3,4,5","1,2,3,4,5",5,5,5
ID1917,Merge Q597,jama,5,"1,2,3,4,14","1,6,14,15,16",16,14,14
ID1918,Merge Q890,jama,4,"2,4,5,8","1,6,7,9",12,13,12
ID1919,Merge Q1041,medbullets,2,"2,5","1,7",7,8,7
ID1923,Merge Q1743,medxpert,4,"1,2,4,5","1,3,4,5",5,5,5
ID1924,Merge Q1871,medxpert,3,"1,8,9","1,2,3",9,9,9
ID1925,Merge Q214,jama,10,"1,2,4,5,7,10,11,12,13,14","1,2,3,4,5,6,7,8,10,11",14,14,13
ID1927,Merge Q1217,medbullets,2,"1,3","1,4",9,9,9
ID1928,Merge Q435,jama,5,"2,7,9,11,12","1,2,3,8,9",12,11,11
ID1929,Merge Q1848,medxpert,3,"2,6,8","1,6,8",8,8,8
ID1931,Merge Q30,jama,2,"2,5","1,2",6,5,5
ID1934,Merge Q821,jama,4,"1,2,3,5","1,2,3,6",9,5,5
ID1937,Merge Q26,jama,7,"2,4,5,6,8,10,11","1,2,4,5,6,8,9",13,11,11
ID1938,Merge Q1325,medbullets,6,"1,2,4,5,6,10","1,2,3,5,6,10",10,10,10
ID1940,Merge Q799,jama,3,"3,7,8","1,6,7",8,8,8
ID1941,Merge Q1877,medxpert,6,"1,2,4,5,7,8","1,2,5,6,7,8",8,8,8
ID1944,Merge Q3506,medxpert,5,"1,2,4,5,7","1,3,5,6,7",7,7,7
ID1945,Merge Q1161,medbullets,6,"1,3,4,5,7,9","1,2,3,4,7,8",9,9,9
ID1946,Merge Q2255,medxpert,5,"1,2,3,5,6","1,2,3,6,8",8,8,8
ID1947,Merge Q1480,medxpert,6,"1,2,3,4,6,7","1,2,3,4,6,7",7,7,7
ID1948,Merge Q3427,medxpert,4,"1,4,5,6","3,4,5,6",6,6,6
ID1955,Merge Q1083,medbullets,6,"1,2,3,5,7,8","1,2,3,5,8,9",9,9,9
ID1956,Merge Q738,jama,1,2,1,6,6,6
ID1957,Merge Q1645,medxpert,3,"1,2,4","1,2,4",5,5,5
ID1959,Merge Q930,jama,13,"1,2,4,5,6,8,10,11,12,13,16,17,18","1,2,3,4,5,6,11,12,13,14,16,17,18",18,16,15
ID1963,Merge Q1091,medbullets,4,"1,3,8,9","1,2,9,10",11,12,11
ID1966,Merge Q785,jama,8,"1,2,3,4,5,7,8,9","1,2,3,4,6,7,8,9",10,11,10
ID1969,Merge Q3819,mmlu,4,"1,2,6,8","1,2,7,8",8,8,8
ID1970,Merge Q917,jama,5,"1,3,6,7,8","1,5,6,7,8",8,9,8
ID1972,Merge Q4051,mmlu,1,6,1,8,8,8
ID1974,Merge Q1060,medbullets,6,"1,2,3,4,7,8","1,2,3,6,7,9",10,10,10
ID1975,Merge Q2435,medxpert,5,"1,2,4,6,7","1,2,3,5,6",7,13,7
ID1976,Merge Q2242,medxpert,2,"1,2","2,3",3,3,3
ID1979,Merge Q2622,medxpert,4,"2,3,4,5","1,2,4,5",5,6,6
ID1980,Merge Q1692,medxpert,3,"1,4,5","1,7,8",8,8,8
ID1981,Merge Q406,jama,6,"3,6,8,14,17,18","1,7,12,16,17,18",18,17,16
ID1983,Merge Q1067,medbullets,8,"1,3,4,5,6,7,8,9","1,2,3,5,6,7,8,9",9,9,9
ID1984,Merge Q3933,mmlu,5,"1,3,4,5,6","2,3,4,5,6",6,6,6
ID1986,Merge Q89,jama,3,"1,5,6","1,4,6",6,7,6
ID1989,Merge Q3944,mmlu,3,"1,2,3","1,2,3",3,3,3
ID1993,Merge Q3898,mmlu,1,1,1,5,5,5
ID1995,Merge Q3945,mmlu,2,"1,5","1,5",5,5,5
ID1996,Merge Q3973,mmlu,2,"1,3","1,3",3,3,3
ID1997,Merge Q2831,medxpert,3,"1,3,10","1,2,4",12,12,12
ID1999,Merge Q1555,medxpert,3,"2,3,4","1,2,5",5,6,6
