Origin,QA_ID,Score,Source_preview
ID0589,Merge Q10,-2.00164442895236,.
ID0021,Merge Q1000,-0.526919475991569,.
ID1148,Merge Q101,0.231928300112486,.
ID0395,Merge Q1012,-0.330214611083073,.
ID0199,Merge Q1020,0.425708433293042,"This modal can be closed by pressing the Escape key or activating the close button.A, Right eye esotropia after voluntar"
ID0199,Merge Q1020,0.11085701318809,"C, Magnetic resonance imaging of the brain showing a very small amount of residual tumor (arrowhead) in the right cavern"
ID0199,Merge Q1020,0.0,"B, Right upper eyelid retraction after downward gaze."
ID0199,Merge Q1020,0.0,Escape will cancel and close the window.This is a modal window.
ID0199,Merge Q1020,-0.835222044872549,.
ID1032,Merge Q1023,-0.618585124611855,.
ID0278,Merge Q1033,-0.124923360427364,.
ID0852,Merge Q1039,0.8359798353664802,.
ID1919,Merge Q1041,3.53238427740521,Laboratory testing reveals the following: Serum: Na+: 137 mEq/L Cl-: 102 mEq/L K+: 4.2 mEq/L HCO3-: 24 mEq/L Urea nitrog
ID1536,Merge Q1051,0.6522069746397617,.
ID1599,Merge Q1076,0.0,.
ID0496,Merge Q1082,-0.4551475265056118,"Hemoglobin: 9 g/dL Hematocrit: 33% Leukocyte count: 2,500/mm^3 with normal differential Platelet count: 107,000/mm^3 Ser"
ID1963,Merge Q1091,-4.383177534401414,Serum laboratory results are as follows: Hemoglobin: 12.0 g/dL Creatinine: 1.1 mg/dL Ca2+: 10.6 mg/dL.
ID1157,Merge Q1096,-0.6582300685539798,.
ID0321,Merge Q11,0.439542116318243,.
ID1508,Merge Q1103,1.353031214775187,She can follow the command to “give me the ball and then close the door.”
ID1200,Merge Q1108,24.45383320748806,17-hydroxyprogesterone: 214 ng/dL (Normal: < 200 ng/dL)
ID1200,Merge Q1108,11.53396162390709,Testosterone: 256 ng/dL
ID1200,Merge Q1108,6.084959968057389,Ultrasound findings are shown in Figure A.
ID1200,Merge Q1108,2.9832576647886717,DHEAS: 73 ug/dL (Normal: 145-395 ug/dL)
ID1200,Merge Q1108,0.0,"Leukocyte count: 8,000 cells/mm^3"
ID1200,Merge Q1108,0.0,"Platelet count: 142,000/mm^3"
ID1200,Merge Q1108,-0.0,Hemoglobin: 13.9 g/dL
ID0048,Merge Q1110,-1.173355402772515,The following laboratory studies are performed: Serum: Thyroid stimulating hormone (TSH): 28 µIU/mL (9-30 µIU/mL) Cycle 
ID1602,Merge Q1113,-0.0,"Hemoglobin: 12 g/dL Hematocrit: 36% Leukocyte count: 9,750/mm^3 with normal differential Platelet count: 197,000/mm^3 Se"
ID0974,Merge Q1143,2.843517335142048,"Laboratory workup is performed, and the results are shown below: Serum: Hemoglobin: 7.2 g/dL Total bilirubin: 2.1 mg/dL "
ID1895,Merge Q1150,3.690046052266153,.
ID1494,Merge Q1169,-0.1069236677626659,.
ID0152,Merge Q1171,0.7694525395250764,BUN: 7 mg/dL
ID0152,Merge Q1171,0.5742298965524509,Serum:
ID0152,Merge Q1171,0.0,Creatinine: 1.2 mg/dL
ID0152,Merge Q1171,0.0,Cl-: 100 mEq/L
ID0152,Merge Q1171,-0.0,HCO3-: 24 mEq/L
ID0152,Merge Q1171,-0.0,Glucose: 170 mg/dL
ID0152,Merge Q1171,-0.0,Laboratory values are obtained and the results are shown below:
ID0152,Merge Q1171,-0.0,Na+: 139 mEq/L
ID0152,Merge Q1171,-1.0054854405139573,K+: 4.3 mEq/L
ID1338,Merge Q1174,0.4275996820890492,.
ID0244,Merge Q1178,0.2241423712829456,.
ID0185,Merge Q1180,-0.0,Direct bilirubin: 0.7 mg/dL
ID0185,Merge Q1180,-0.0,Laboratory testing is performed and reveals the following:
ID0185,Merge Q1180,-0.3392748732055766,Total bilirubin: 5.5 mg/dL
ID1378,Merge Q1185,0.9511657098048,The patient is intubated.
ID1378,Merge Q1185,0.824932053330605,pH: 7.30
ID1378,Merge Q1185,0.324591561919343,PO2: 55 mmHg
ID1378,Merge Q1185,-0.0,PCO2: 60 mmHg
ID0885,Merge Q1191,1.576936945303507,Laboratory testing is performed and reveals the following:
ID0885,Merge Q1191,1.028425320982933,Luteinizing hormone (LH): 38 mIU/mL
ID0885,Merge Q1191,-4.709604939047794,Follicle-stimulating hormone (FSH): 42 mIU/mL
ID1704,Merge Q1192,0.9614500360635694,.
ID1413,Merge Q1194,0.2506199982300571,.
ID1142,Merge Q1195,1.9119013845920565,India ink stain: Positive
ID1142,Merge Q1195,0.0,Leukocyte count: 200/mm^3
ID1142,Merge Q1195,0.0,Red blood cell count: 2/mm^3
ID1142,Merge Q1195,-0.0,Cerebrospinal fluid:
ID1142,Merge Q1195,0.0,A lumbar puncture is performed with the following findings:
ID1142,Merge Q1195,0.0,Glucose: 32 mg/dL
ID1142,Merge Q1195,-0.0455254110821591,Leukocyte count and differential:
ID1142,Merge Q1195,-0.0589452183622514,Opening pressure: 210 mmH2O
ID1142,Merge Q1195,-0.2615195028483867,Protein: 204 mg/dL
ID1142,Merge Q1195,-0.7893736464818423,Lymphocytes: 100%
ID0032,Merge Q1199,1.2230890815159592,.
ID1452,Merge Q1200,10.984855343390718,Partial thromboplastin time (PTT): 56 seconds
ID1452,Merge Q1200,1.1127170678454286,Laboratory tests are performed and reveal the following:
ID1452,Merge Q1200,0.5328096823969333,Reticulocyte count: 0.8%
ID1452,Merge Q1200,0.508480679243803,Prothrombin time (PT): 13 seconds
ID1452,Merge Q1200,-0.2040930005350723,Hemoglobin: 14 g/dL
ID1452,Merge Q1200,-0.3302901139865369,Hematocrit: 41%
ID1452,Merge Q1200,-0.5740794923690167,Mean corpuscular volume: 89 µm3
ID1452,Merge Q1200,-1.7010172605514526,"Leukocyte count: 4,700/mm3"
ID1452,Merge Q1200,-1.8362814725941496,Bleeding time (BT): 4 minutes
ID1846,Merge Q1223,-1.4746178878148972,.
ID0305,Merge Q1230,4.974738898091261,"The patient is sent for a right upper quadrant ultrasound demonstrating an absence of stones, no pericholecystic fluid, "
ID0305,Merge Q1230,0.8620168242360884,Amylase: 30 U/L
ID0305,Merge Q1230,0.5683468744733905,K+: 4.0 mEq/L
ID0305,Merge Q1230,0.5086667101168967,HCO3-: 24 mEq/L
ID0305,Merge Q1230,0.3383726018924197,Na+: 140 mEq/L
ID0305,Merge Q1230,0.3214842112868957,Cl-: 100 mEq/L
ID0305,Merge Q1230,-0.2180811754864378,Total: 2.5 mg/dL
ID0305,Merge Q1230,-0.5783174060057203,ALT: 110 U/L
ID0305,Merge Q1230,-0.9134349338257516,AST: 100 U/L
ID0305,Merge Q1230,-1.083418384194374,Bilirubin
ID0305,Merge Q1230,-1.1388459738642285,Direct: 1.8 mg/dL
ID0305,Merge Q1230,-1.7025567144155502,Alkaline phosphatase: 125 U/L
ID0198,Merge Q1233,2.1693738602086787,Creatinine: 1.7 mg/dL
ID0198,Merge Q1233,1.5748657286167145,Urea nitrogen: 22 mg/dL
ID0198,Merge Q1233,0.2571856382114181,Na+: 137 mEq/L
ID0198,Merge Q1233,0.2405216697367448,Ca2+: 5.7 mg/dL
ID0198,Merge Q1233,-0.2172098045168519,Cl-: 100 mEq/L
ID0198,Merge Q1233,-0.297705402689392,Serum:
ID0198,Merge Q1233,-0.6387578845024109,HCO3-: 24 mEq/L
ID0198,Merge Q1233,-0.8158744165934488,Glucose: 70 mg/dL.
ID0198,Merge Q1233,-0.910619352209608,K+: 5.5 mEq/L
ID1475,Merge Q1241,2.3378926552459065,Glucose: 110 mg/dL
ID1475,Merge Q1241,2.0880338698625565,"Aspartate aminotransferase (AST, GOT): 410 U/L"
ID1475,Merge Q1241,1.735648322703662,Serum:
ID1475,Merge Q1241,0.6763836944859869,His laboratory values are below:
ID1475,Merge Q1241,0.5512820944032615,Total bilirubin: 0.8 mg/dL
ID1475,Merge Q1241,0.1124014959932226,"Leukocyte count: 5,300/mm^3"
ID1475,Merge Q1241,-0.409504519078618,Hemoglobin: 12 g/dL
ID1475,Merge Q1241,-0.4125952608883381,"Alanine aminotransferase (ALT, GPT): 275 U/L"
ID1475,Merge Q1241,-0.927732726506444,Creatinine: 1.3 mg/dL
ID1475,Merge Q1241,-1.0862692512085836,"Platelet count: 250,000/mm^3"
ID0810,Merge Q1252,-0.0,K+: 4.4 mEq/L
ID0810,Merge Q1252,-0.0,HCO3-: 21 mEq/L
ID0810,Merge Q1252,-0.0,Laboratory studies are performed and show:
ID0810,Merge Q1252,-0.0,Serum:
ID0810,Merge Q1252,0.0,Na+: 140 mEq/L
ID0810,Merge Q1252,-0.0051150567996749,Creatinine: 1.1 mg/dL
ID0810,Merge Q1252,-0.1035191665782064,Glucose: 215 mg/dL
ID0810,Merge Q1252,-0.1807477488015831,Blood urea nitrogen (BUN): 38 mg/dL
ID0447,Merge Q1257,1.8669435408522568,Mean corpuscular volume (MCV): 116 µm^3
ID0447,Merge Q1257,1.7051673323841814,"Leukocyte count: 4,500/mm^3"
ID0447,Merge Q1257,-0.4396690092980861,.
ID0447,Merge Q1257,-1.1061386310379362,Hemoglobin: 10.5 g/dL
ID0447,Merge Q1257,-1.7716745646663954,"Platelets: 110,000/mm^3"
ID0447,Merge Q1257,-2.0414786713316717,Reticulocyte count: 0.5%
ID0447,Merge Q1257,-6.28445702791214,"A biopsy of the small bowel reveals blunting of villi and a mixed infiltration of lymphocytes, plasma cells, and eosinop"
ID1422,Merge Q1265,0.4198948451715291,"Platelet count: 179,000/mm^3"
ID1422,Merge Q1265,0.1499479720544137,Hemoglobin: 12 g/dL
ID1422,Merge Q1265,-0.0,"Leukocyte count: 5,500/mm^3 with normal differential"
ID1422,Merge Q1265,-0.968139018539425,Hematocrit: 36%
ID1329,Merge Q1268,-0.0245860550527422,.
ID0623,Merge Q1273,-0.1188903911252584,.
ID1838,Merge Q1282,41.32241501862056,C-peptide level: 55 ng/mL (normal < 5 ng/mL)
ID1838,Merge Q1282,36.82968738996276,Sulfonylurea level: undetectable
ID1838,Merge Q1282,25.28754856081148,Glucose: 29 mg/dL
ID1838,Merge Q1282,2.474390672943146,Creatinine: 1.4 mg/dL
ID1838,Merge Q1282,1.1235499909578086,Serum:
ID1838,Merge Q1282,0.007151098921895,Cl-: 102 mEq/L
ID1838,Merge Q1282,-0.0,BUN: 30 mg/dL
ID1838,Merge Q1282,0.0,Ca2+: 10.2 mg/dL
ID1838,Merge Q1282,0.0,K+: 4.0 mEq/L
ID1838,Merge Q1282,0.0,Na+: 140 mEq/L
ID1838,Merge Q1282,-0.0,"Platelet count: 199,000/mm^3"
ID1838,Merge Q1282,-0.0,Hemoglobin: 14 g/dL
ID1838,Merge Q1282,-0.0,Hematocrit: 41%
ID1838,Merge Q1282,0.0,"Leukocyte count: 7,500/mm^3 with normal differential"
ID1838,Merge Q1282,-1.1373550768675909,HCO3-: 23 mEq/L
ID0526,Merge Q1288,22.430969678608484,"Leukocyte count: 57,500/mm^3 with 35% blasts"
ID0526,Merge Q1288,1.512817437254638,"Platelet count: 109,000/mm^3"
ID0526,Merge Q1288,1.1437311033444004,Hemoglobin: 10 g/dL
ID0526,Merge Q1288,0.94603942923413,Hematocrit: 31%
ID0526,Merge Q1288,0.85057476630002,K+: 4.1 Eq/L
ID0526,Merge Q1288,0.148147450905957,Glucose: 99 mg/dL
ID0526,Merge Q1288,0.0,HCO3-: 22 mEq/L
ID0526,Merge Q1288,-0.1941698545502376,Calcium: 10.0 mEq/L.
ID0526,Merge Q1288,-0.328019980341196,Na+: 139 mEq/L
ID0526,Merge Q1288,-0.5491460203937246,Creatinine: 1.1 mg/dL
ID0526,Merge Q1288,-0.6062092066194771,BUN: 20 mg/dL
ID0526,Merge Q1288,-0.6346374750137329,Cl-: 100 mEq/L
ID0526,Merge Q1288,-1.1274489549613476,Serum:
ID0396,Merge Q1292,0.1987942105038836,pH: 7.56 (normal 7.35-7.45)
ID0396,Merge Q1292,-0.0,pO2: 62 mmHg (normal 80-100 mmHg)
ID0396,Merge Q1292,-0.0,HCO3: 29 mEq/L (normal 22-26 mEq/L)
ID0396,Merge Q1292,-0.2245920137849328,An arterial blood gas shows the following:
ID0396,Merge Q1292,-0.2884800320012988,SaO2: 87% (normal 95-100%)
ID0396,Merge Q1292,-1.0339585501637978,pCO2: 25 mmHg (normal 35-45 mmHg)
ID0833,Merge Q1298,0.6327942831855834,.
ID0784,Merge Q1306,0.8624146841987422,Cl-: 96 mEq/L
ID0784,Merge Q1306,0.5762640237808228,HCO3-: 24 mEq/L
ID0784,Merge Q1306,-0.0,Morning adrenocorticotropic hormone (ACTH) concentration (serum): 80 pg/mL (normal 10-60 pg/mL)
ID0784,Merge Q1306,-0.0,Na+: 130 mEq/L
ID0784,Merge Q1306,-0.5302293577377419,30-minute cortisol during cosyntropin test: 8 ug/dL (normal > 18 ug/dL)
ID0784,Merge Q1306,-0.5796567499637604,Morning cortisol: 2 ug/dL
ID0784,Merge Q1306,-0.7038953639291547,K+: 5.2 mEq/L
ID0784,Merge Q1306,-1.100689767816002,Serum:
ID0784,Merge Q1306,-1.18641676357151,Laboratory values are as follows:
ID0330,Merge Q1314,-2.863693229242525,.
ID0028,Merge Q1318,3.133676099439682,"Leukocyte count: 67,500/mm^3"
ID0028,Merge Q1318,1.4474735923578046,"Platelet count: 119,000/mm^3"
ID0028,Merge Q1318,0.3396556241638414,Glucose: 109 mg/dL
ID0028,Merge Q1318,0.303287203375413,Hemoglobin: 10 g/dL
ID0028,Merge Q1318,0.0,Na: 141 mEq/L
ID0028,Merge Q1318,-0.0244192233299877,Ca: 10.0 mg/dL.
ID0028,Merge Q1318,-0.1404144465923309,BUN: 22 mg/dL
ID0028,Merge Q1318,-0.255734871789459,Cl: 103 mEq/L
ID0028,Merge Q1318,-0.517061551737335,K: 4.0 Eq/L
ID0028,Merge Q1318,-0.6433826688507908,Creatinine: 1.2 mg/dL
ID0028,Merge Q1318,-0.933188630805213,Hematocrit: 30%
ID0028,Merge Q1318,-0.9664005786180496,HCO3-: 24 mEq/L
ID0028,Merge Q1318,-1.0384342312595696,Serum:
ID1541,Merge Q1319,14.948249726856284,An ECG is ordered and is pending.
ID1541,Merge Q1319,11.186821595176578,Troponin: 0.10 mcg/L (normal < 0.01 mcg/L)
ID1541,Merge Q1319,4.67374849319458,BUN: 80 mg/dL
ID1541,Merge Q1319,0.3369653877446918,Cl-: 112 mEq/L
ID1541,Merge Q1319,0.0,Creatinine: 2.1 mg/dL
ID1541,Merge Q1319,-0.0,Glucose: 100 mg/dL
ID1541,Merge Q1319,0.0,Na+: 147 mEq/L
ID1541,Merge Q1319,0.0,K+: 3.5 mEq/L
ID1541,Merge Q1319,-0.0,HCO3-: 14 mEq/L
ID1541,Merge Q1319,-1.3609867337884023,Serum:
ID1738,Merge Q1323,0.0,.
ID1526,Merge Q1324,0.0,.
ID0535,Merge Q1328,0.0,.
ID0162,Merge Q1330,0.4091155356924918,.
ID1193,Merge Q136,-0.498626653010149,.
ID1070,Merge Q137,0.141320470115722,.
ID1204,Merge Q138,0.0,.
ID0698,Merge Q1401,7.40681692750106,"The patient is alert and oriented, though has moderate discomfort with deep breaths."
ID0698,Merge Q1401,2.31342534151959,| Temperature | 37.3°C (99.1°F) |
ID0698,Merge Q1401,1.17938820813297,| --- | --- |
ID0698,Merge Q1401,0.0,| Heart rate | 68/min |
ID0698,Merge Q1401,0.0,| Respiratory rate | 14/min |
ID0698,Merge Q1401,0.0,| Blood pressure | 128/76 mm Hg |
ID1713,Merge Q145,-0.0113623560688098,.
ID0492,Merge Q146,0.95284020840177,.
ID1909,Merge Q154,0.0,.
ID1909,Merge Q154,0.0,Escape will cancel and close the window.This is a modal window.
ID1909,Merge Q154,-1.66479899767952,This modal can be closed by pressing the Escape key or activating the close button.
ID1416,Merge Q156,-0.0807848024007013,.
ID1021,Merge Q159,-0.0586870741940668,.
ID0577,Merge Q164,0.0,.
ID1773,Merge Q1647,29.0442197434974,| Parathyroid hormone (pg/mL) | 3 | 10–60 |
ID1773,Merge Q1647,19.8509708046913,| Calcium (mg/dL) | 14.4 | 9.0–10.5 |
ID1773,Merge Q1647,0.740959122776985,| Ionized calcium (mg/dL) | 7.0 | 4.5–5.6 |
ID1773,Merge Q1647,0.0,| Creatinine (mg/dL) | 0.7 | 0.6–1.1 |
ID1773,Merge Q1647,0.0,| Albumin (g/dL) | 3.6 | 3.5–5.5 |
ID1773,Merge Q1647,0.0,Head MRI shows no ischemia or tumors.
ID1773,Merge Q1647,0.0,| Glucose (mg/dL) | 102 | 70–100 |
ID1773,Merge Q1647,0.0,|  | Patient value | Reference range |
ID1773,Merge Q1647,0.0,| --- | --- | --- |
ID1773,Merge Q1647,0.0,| Sodium (mEq/liter) | 139 | 136–145 |
ID1773,Merge Q1647,-2.36502313625154,| Blood urea nitrogen (mg/dL) | 13 | 10–20 |
ID1841,Merge Q165,0.13554898839524,.
ID1074,Merge Q1651,4.75388480806538,Gram stain results of the cerebrospinal fluid are pending.
ID1074,Merge Q1651,4.04951515308746,| Leukocyte count | 710/mm3 |
ID1074,Merge Q1651,0.0,| Protein | 86 mg/dL |
ID1074,Merge Q1651,0.0,| Erythrocytes | 2/mm3 |
ID1074,Merge Q1651,0.0,| Pressure | 255 mm H2O |
ID1074,Merge Q1651,0.0,| --- | --- |
ID1074,Merge Q1651,0.0,| Glucose | 22 mg/dL |
ID1074,Merge Q1651,-0.0470757049344001,| Segmented neutrophils | 95% |
ID1074,Merge Q1651,-2.69300730501589,| Lymphocytes | 5% |
ID0702,Merge Q1706,0.0,"On physical examination, the patient appears mildly uncomfortable."
ID0702,Merge Q1706,0.0,| Temperature | 37.3°C (99.2°F) |
ID0702,Merge Q1706,0.0,| Respiratory rate | 12/min |
ID0702,Merge Q1706,0.0,| Blood pressure | 112/72 mm Hg |
ID0702,Merge Q1706,0.0,| Heart rate | 72/min |
ID0702,Merge Q1706,-1.35726696192711,| --- | --- |
ID0116,Merge Q173,1.00891049915613,This modal can be closed by pressing the Escape key or activating the close button.
ID0116,Merge Q173,0.765513963828542,Escape will cancel and close the window.This is a modal window.
ID0116,Merge Q173,-0.642028888330596,.
ID0407,Merge Q1750,3.90199642342975,"His symptoms resolve after oral administration of 20g glucose, with glucose rising to 78 mg/dL."
ID0407,Merge Q1750,1.24096143416832,| Glucose (mg/dL) | 55 | 70–100 |
ID0407,Merge Q1750,0.521964575059283,| C-peptide (ng/mL) | 2.9 | 0.5–2.0 |
ID0407,Merge Q1750,0.0,| Insulin (μU/mL) | 25 | 2–20 |
ID0407,Merge Q1750,-0.286661636665458,|  | Patient value | Reference range |
ID0407,Merge Q1750,-1.75880547736655,| --- | --- | --- |
ID1558,Merge Q189,1.37700887911136,.
ID0965,Merge Q2002,2.079038280474500,| **Finger-stick glucose** | **630 mg/dL** |
ID0965,Merge Q2002,1.854434713116370,| Ketones | Positive |
ID0965,Merge Q2002,1.6314931408905500,| Glucose | Positive |
ID0965,Merge Q2002,1.4501800833697700,| Leukocytes | Negative |
ID0965,Merge Q2002,1.0305183223805500,| Potassium | 3.1 mEq/L |
ID0965,Merge Q2002,0.8831910461605220,| Blood urea nitrogen | 20 mg/dL |
ID0965,Merge Q2002,0.794060670547322,| pH | 7.1 |
ID0965,Merge Q2002,0.6235523107564590,| HCO3 | 8 mEq/L |
ID0965,Merge Q2002,0.3302705505312340,| **Arterial blood gas** | |
ID0965,Merge Q2002,0.0,| **Serum chemistry** | |
ID0965,Merge Q2002,0.0,| PO2 | 90 mm Hg |
ID0965,Merge Q2002,0.0,| --- | --- |
ID0965,Merge Q2002,0.0,| **Urinalysis** | |
ID0965,Merge Q2002,-0.13353491581180200,| Nitrite | Negative |
ID0965,Merge Q2002,-0.33041040945102800,The patient is started on an intravenous bolus of normal saline (0.9% NaCl).
ID0965,Merge Q2002,-0.5352322537825970,| Chloride | 136 mEq/L |
ID0965,Merge Q2002,-0.9341686601053980,| Casts | Negative |
ID0965,Merge Q2002,-1.052435114979740,| Sodium | 135 mEq/L |
ID0965,Merge Q2002,-1.4409766563254600,| --- | --- |
ID0965,Merge Q2002,-1.4790629893541300,| RBCs | Negative |
ID0965,Merge Q2002,-1.7060534214129900,| Creatinine | 1.2 mg/dL |
ID0965,Merge Q2002,-1.7688401708870700,| PCO2 | 33 mm Hg |
ID1171,Merge Q210,0.154638810342763,.
ID1925,Merge Q214,0.0,.
ID1098,Merge Q216,0.0,.
ID0150,Merge Q219,0.0,.
ID0627,Merge Q2197,0.7225080718972250,"After initiating 0.9% saline through two large-bore IVs and performing an unremarkable esophagogastroduodenoscopy, his c"
ID0627,Merge Q2197,0.38952913507819200,| Cl- | 101 mEq/L |
ID0627,Merge Q2197,0.35006546005232700,| Glucose | 96 mg/dL |
ID0627,Merge Q2197,0.2912927368563680,| Serum |  |
ID0627,Merge Q2197,0.20823858237556800,| K+ | 4.1 mEq/L |
ID0627,Merge Q2197,0.0,| Creatinine | 0.7 mg/dL |
ID0627,Merge Q2197,0.0,| Leukocyte count | 7800/mm3 |
ID0627,Merge Q2197,0.0,| Prothrombin time | 14 seconds (INR = 0.9) |
ID0627,Merge Q2197,0.0,| --- | --- |
ID0627,Merge Q2197,0.0,| Hemoglobin | 9.8 g/dL |
ID0627,Merge Q2197,-0.282730545848608,| Urea nitrogen | 16 mg/dL |
ID0627,Merge Q2197,-0.7182252220141420,"| Platelet count | 280,000/mm3 |"
ID0627,Merge Q2197,-0.7370696427544150,| Na+ | 135 mEq/L |
ID0723,Merge Q221,0.0,.
ID0345,Merge Q223,0.234343764876601,.
ID0345,Merge Q223,0.0,"B, Peripheral blood smear showing small, bluish-purple punctate inclusions in erythrocytes (Giemsa stain, original magni"
ID1550,Merge Q224,-0.0913597651389784,.
ID0161,Merge Q226,0.0763878710567951,.
ID0002,Merge Q229,0.0069171911908016,.
ID0002,Merge Q229,-1.07686188935199,Margin-to-reflex distance 1 was 3.5 mm on the right and 0.5 mm on the left.
ID0399,Merge Q236,0.0,.
ID1588,Merge Q238,0.141982438139116,.
ID0594,Merge Q2384,0.6684247750459950,| --- | --- |
ID0594,Merge Q2384,0.017059780619930000,A resting ECG shows no abnormalities.
ID0594,Merge Q2384,-0.49656126382724000,| Total cholesterol | 196 mg/dL |
ID0594,Merge Q2384,-1.1962757578330400,| LDL | 110 mg/dL |
ID0594,Merge Q2384,-1.2450805989950500,| HDL | 50 mg/dL |
ID1037,Merge Q239,0.139626478001582,.
ID1761,Merge Q240,0.0,.
ID0262,Merge Q2405,0.38981697051229300,| --- | --- | --- |
ID0262,Merge Q2405,0.2742935118358510,| Thyroid-stimulating hormone (μU/mL) | 0.03 | 0.5–4.7 |
ID0262,Merge Q2405,0.006557364750097390,| Calcium (mg/dL) | 9.4 | 9.0–10.5 |
ID0262,Merge Q2405,0.0,| Phosphorus (mg/dL) | 3.6 | 3.0–4.5 |
ID0262,Merge Q2405,0.0,The complete blood count is within normal limits.
ID0262,Merge Q2405,0.0,| Albumin (g/dL) | 3.8 | 3.5–5.5 |
ID0262,Merge Q2405,-0.258085032760135,|  | Patient value | Reference range |
ID1975,Merge Q2435,0.7068498648964700,"On physical examination, there is exquisite tenderness to palpation in the paravertebral musculature of the lower lumbar"
ID1975,Merge Q2435,0.1906193047172670,| Body mass index | 40 kg/m2 |
ID1975,Merge Q2435,0.09081488860420630,| --- | --- |
ID1975,Merge Q2435,0.0,| Temperature | 37°C (98.8°F) |
ID1975,Merge Q2435,-0.028303903816305900,| Blood pressure | 152/90 mm Hg |
ID1975,Merge Q2435,-0.8290899362730410,| Heart rate | 86/min |
ID0047,Merge Q249,-0.0546651735088632,.
ID0870,Merge Q2495,29.539109984529400,Schistocytes are present on peripheral blood smear.
ID0870,Merge Q2495,10.229048371315000,| Urea nitrogen | 42 mg/dL |
ID0870,Merge Q2495,7.568996552296620,| Haptoglobin | 25 mg/dL (N = 41–165) |
ID0870,Merge Q2495,3.8893695782225800,| Hematocrit | 23% |
ID0870,Merge Q2495,3.3003510069731300,| RBC | 10–13/hpf |
ID0870,Merge Q2495,3.0100786141816300,| Casts | none |
ID0870,Merge Q2495,2.9968878030777000,| Serum |  |
ID0870,Merge Q2495,1.967328477472690,| Creatinine | 3.0 mg/dL |
ID0870,Merge Q2495,1.4879191165355500,| Lactate dehydrogenase | 290 U/L |
ID0870,Merge Q2495,0.0,| Protein | 1+ |
ID0870,Merge Q2495,0.0,| Blood | 3+ |
ID0870,Merge Q2495,0.0,| Total bilirubin | 1.8 mg/dL |
ID0870,Merge Q2495,0.0,| Antinuclear antibodies | positive |
ID0870,Merge Q2495,0.0,"| Platelet count | 185,000/mm3 |"
ID0870,Merge Q2495,0.0,| Leukocyte count | 9000/mm3 |
ID0870,Merge Q2495,-4.187268559408820,| --- | --- |
ID1540,Merge Q258,0.753631338830399,.
ID1392,Merge Q2594,0.4304258921618320,- BUN: 7 mg/dL (normal: 10-20)
ID1392,Merge Q2594,0.40111261222082600,- Hemoglobin: 6.0 g/dL (normal: 12.0-16.0)
ID1392,Merge Q2594,-1.2423145873079000,- Creatinine: 0.7 mg/dL (normal: 0.6-1.1)
ID1392,Merge Q2594,-2.1746111553067200,"After initial stabilization with fluids and blood products, an urgent upper endoscopy is performed and is negative."
ID1434,Merge Q2609,2.0115308314561800,- Lymphocytes: 35%
ID1434,Merge Q2609,1.23308627647907,- Eosinophils: 1%
ID1434,Merge Q2609,0.5850088131416430,"Endoscopy reveals diffuse gastric mucosal erythema and a 1 cm lesion with a smooth, flat base in the proximal duodenum."
ID1434,Merge Q2609,0.3148714151491770,- Segmented neutrophils: 56%
ID1434,Merge Q2609,0.3138912146717780,- Monocytes: 5%
ID1434,Merge Q2609,0.1699441349080920,"- Platelets: 176,000/mm^3"
ID1434,Merge Q2609,0.05891341343522070,- Basophils: 0.8%
ID1434,Merge Q2609,0.0,"- Leukocyte count: 11,000/mm^3"
ID1434,Merge Q2609,-0.4235820004184030,- Bands: 2%
ID1434,Merge Q2609,-0.5167166462138030,- Positive heme occult stool test
ID1434,Merge Q2609,-1.0297760403264800,- Hemoglobin: 7.2 g/dL
ID0291,Merge Q2630,1.218232840545910,| Respiratory rate | 14/min |
ID0291,Merge Q2630,0.5176371541167400,| Blood pressure | 124/78 mm Hg |
ID0291,Merge Q2630,0.239931128641951,| --- | --- |
ID0291,Merge Q2630,-0.3842818863714330,| Heart rate | 82/min |
ID0291,Merge Q2630,-0.4314403458536410,| Temperature | 36.7°C (98.1°F) |
ID0291,Merge Q2630,-0.47585079585424100,"On examination, the patient is in mild discomfort but is appropriately alert and oriented."
ID0935,Merge Q266,0.0690646190196276,.
ID0094,Merge Q267,2.57487342031758,.
ID0096,Merge Q2672,3.7778224647045100,Alcohol: 300 mg/dL
ID0096,Merge Q2672,0.24064963826777900,Serum:
ID0096,Merge Q2672,0.17771837865035500,HCO3-: 24 mEq/L
ID0096,Merge Q2672,0.0,Na+: 140 mEq/L
ID0096,Merge Q2672,-0.05668601584149040,Cl-: 102 mEq/L
ID0096,Merge Q2672,-0.06900699787460460,Ca2+: 10.2 mg/dL
ID0096,Merge Q2672,-0.18484247696023200,Glucose: 112 mg/dL
ID0096,Merge Q2672,-0.28670527685550000,Creatinine: 1.1 mg/dL
ID0096,Merge Q2672,-0.5022677325443640,K+: 4.1 mEq/L
ID0096,Merge Q2672,-1.182049442453290,BUN: 20 mg/dL
ID0096,Merge Q2672,-2.579133063554760,"After intubation and ICU admission, the patient continues to show inadequate respiratory drive at 24 hours."
ID1617,Merge Q2710,8.915738976752660,"On abdominal examination, there is severe tenderness in the right lower quadrant with rebound and guarding."
ID1617,Merge Q2710,0.3777083128762560,| --- | --- |
ID1617,Merge Q2710,0.0,| Blood pressure | 110/70 mm Hg |
ID1617,Merge Q2710,-0.1167340816675940,| Respirations | 22/min |
ID1617,Merge Q2710,-0.2033735564479970,| Heart rate | 100/min |
ID1617,Merge Q2710,-0.21062687384997600,| Temperature | 37.5°C (99.5°F) |
ID0828,Merge Q2711,0.7521199543374940,| Blood pressure | 128/88 mm Hg |
ID0828,Merge Q2711,0.15038834354616900,| --- | --- |
ID0828,Merge Q2711,0.002621803574973490,| Oxygen saturation | 93% on room air |
ID0828,Merge Q2711,-0.07290203884764310,| Heart rate | 82/min |
ID0828,Merge Q2711,-0.5858101762899220,| Temperature | 38.7°C (101.6°F) |
ID0828,Merge Q2711,-1.4280653291888700,| Respiratory rate | 24/min |
ID0828,Merge Q2711,-4.054390670246870,Physical examination reveals bilateral crackles and decreased breath sounds at the right posterior lung base.
ID1820,Merge Q275,0.604978520419507,.
ID1020,Merge Q276,0.0,.
ID1858,Merge Q2820,0.06854918926451320,| Potassium (mEq/liter) | 5.7 | 5.4 | 3.5–5.0 |
ID1858,Merge Q2820,0.0,An electrocardiogram shows normal sinus rhythm with no abnormalities.
ID1858,Merge Q2820,0.0,| Creatinine (mg/dL) | 1.4 | 1.5 | 0.6–1.1 |
ID1858,Merge Q2820,0.0,| Glucose (mg/dL) | 125 | 115 | 70–100 |
ID1858,Merge Q2820,0.0,| Magnesium (mg/dL) | 2.0 | 2.2 | 1.8–3.0 |
ID1858,Merge Q2820,0.0,| Blood urea nitrogen (mg/dL) | 26 | 22 | 10–20 |
ID1858,Merge Q2820,0.0,| Sodium (mEq/liter) | 136 | 134 | 136–145 |
ID1858,Merge Q2820,0.0,| --- | --- | --- | --- |
ID1858,Merge Q2820,0.0,| Carbon dioxide (mEq/liter) | 23 | 24 | 21–30 |
ID1858,Merge Q2820,0.0,| Chloride (mEq/liter) | 101 | 102 | 98–106 |
ID1858,Merge Q2820,-0.36106683183751600,|  | 2 weeks ago | Today | Reference range |
ID1840,Merge Q2838,4.127531638925150,| Serum creatinine | 1.4 mg/dL | Serum creatinine | 1.6 mg/dL |
ID1840,Merge Q2838,0.06259435018595590,| Serum blood urea nitrogen | 64 mg/dL | Serum blood urea nitrogen | 62 mg/dL |
ID1840,Merge Q2838,0.0,| **Initial** | | **After 8 hours** | |
ID1840,Merge Q2838,0.0,| Serum chloride | 102 mmol/L | Serum chloride | 110 mmol/L |
ID1840,Merge Q2838,0.0,| Serum potassium | 4.2 mmol/L | Serum potassium | 4.0 mmol/L |
ID1840,Merge Q2838,-0.1466145899597420,| --- | --- | --- | --- |
ID1840,Merge Q2838,-0.32382268398570000,The patient weighs 84 kg and is 175 centimeters tall.
ID1840,Merge Q2838,-1.3521017058312200,| Urine output | (drained 700 ml) | Urine output | 260 mL |
ID1840,Merge Q2838,-1.8763060381282100,| Serum sodium | 140 mmol/L | Serum sodium | 142 mmol/L |
ID0254,Merge Q286,-1.05482326450285,.
ID0514,Merge Q2896,0.6481807601179090,Indirect bilirubin: 2.7 mg/dL
ID0514,Merge Q2896,0.40995871648192400,D-dimer: <250 ng/mL (Normal: <250 ng/mL)
ID0514,Merge Q2896,0.25809153603325500,Mean corpuscular volume: 90 µm³
ID0514,Merge Q2896,0.24201145397207000,Reticulocyte count: 9%
ID0514,Merge Q2896,0.22413703068771300,"Platelet count: 300,000/mm³"
ID0514,Merge Q2896,0.05725601126624730,Lactate dehydrogenase: 480 U/L (Normal: 140-280 U/L)
ID0514,Merge Q2896,0.0,Haptoglobin: 10 mg/dL (Normal: 41-165 mg/dL)
ID0514,Merge Q2896,-0.8803652315022240,"Leukocyte count: 7,000/mm³"
ID0514,Merge Q2896,-0.9574760645627980,A peripheral blood smear shows reticulocytosis and microspherocytes.
ID1029,Merge Q2898,2.870038072328450,| Alkaline phosphatase | 79 U/L |
ID1029,Merge Q2898,1.3437811105371600,| Bilirubin |  |
ID1029,Merge Q2898,0.939414831062934,"| Leukocyte count | 17,000/mm3 |"
ID1029,Merge Q2898,0.9074425399303440,| Urea nitrogen | 20 mg/dL |
ID1029,Merge Q2898,0.0,| Serum |  |
ID1029,Merge Q2898,-0.6137716417061220,| Total | 1 mg/dL |
ID1029,Merge Q2898,-0.6159828552080390,| Direct | 0.3 mg/dL |
ID1029,Merge Q2898,-0.7816831469535830,| Creatinine | 0.8 mg/dL |
ID1029,Merge Q2898,-0.8143808566054580,| --- | --- |
ID1029,Merge Q2898,-1.8080507128603800,| Hemoglobin | 13.1 g/dL |
ID1029,Merge Q2898,-2.970549265749590,Urinalysis demonstrates mild pyuria.
ID1538,Merge Q29,1.16149427503301,.
ID1652,Merge Q290,0.588080299417128,.
ID1353,Merge Q292,0.0,.
ID1551,Merge Q293,0.0,.
ID1346,Merge Q298,0.0,.
ID1691,Merge Q3003,3.026930272733690,| Serum ceruloplasmin (mg/dL) | 19 | 20.8–43.2 |
ID1691,Merge Q3003,2.60463978935954,| Alanine aminotransferase (U/liter) | 255 | 5–30 |
ID1691,Merge Q3003,1.8170190562289500,"| Platelet count (per mm3) | 220,000 | 150,000–450,000 |"
ID1691,Merge Q3003,1.4031166434288000,| Gamma-glutamyltransferase (U/liter) | 22 | 5–24 |
ID1691,Merge Q3003,1.3733359426260000,"Testing is negative for anti-smooth muscle antibodies, anti-liver-kidney microsomal antibodies, hepatitis B antibodies, "
ID1691,Merge Q3003,0.9115476144578220,| C-reactive protein (mg/liter) | 1 | 0–5 |
ID1691,Merge Q3003,0.6926195070098180,| Aspartate aminotransferase (U/liter) | 334 | 13–35 |
ID1691,Merge Q3003,0.5943952375411460,| Alkaline phosphatase (U/liter) | 160 | 100–320 |
ID1691,Merge Q3003,0.45581451544524400,| Direct bilirubin (mg/dL) | 0.1 | 0.2 |
ID1691,Merge Q3003,0.4356564576419810,| Total protein (g/dL) | 7.0 | 6–8 |
ID1691,Merge Q3003,0.18413246664271800,| Albumin (g/dL) | 4.5 | 3.6–5.2 |
ID1691,Merge Q3003,0.0,| Total immunoglobulin G (mg/dL) | 1100 | 509–1580 |
ID1691,Merge Q3003,0.0,| Hematocrit (%) | 38.5 | 36.0–46.0 |
ID1691,Merge Q3003,0.0,| International normalized ratio | 1.1 | — |
ID1691,Merge Q3003,0.0,"| Leukocyte count (per mm3) | 9000 | 4500–13,500 |"
ID1691,Merge Q3003,0.0,| --- | --- | --- |
ID1691,Merge Q3003,-0.26904711668879400,| Erythrocyte sedimentation rate (mm/hour) | 4 | 0–20 |
ID1691,Merge Q3003,-0.31317098232157500,|  | Patient value | Reference range |
ID1691,Merge Q3003,-0.9225955902698110,| Mean corpuscular volume (μm3) | 85 | 78–102 |
ID1691,Merge Q3003,-1.1143775375515700,| Total bilirubin (mg/dL) | 0.9 | <1.5 |
ID1691,Merge Q3003,-1.20884610737713,| Hemoglobin (g/dL) | 13 | 12–16 |
ID1691,Merge Q3003,-1.3303454924083000,| Ferritin (ng/mL) | 110 | 7–140 |
ID1691,Merge Q3003,-1.9864607937148100,| Prothrombin time | 13 | 11–14 |
ID1113,Merge Q303,1.95604464411736,This modal can be closed by pressing the Escape key or activating the close button.
ID1113,Merge Q303,0.387420078536811,Escape will cancel and close the window.This is a modal window.
ID1113,Merge Q303,-0.626966893672943,.
ID0292,Merge Q3070,25.605644867176700,| 24-hour protein excretion (mg) | 325 | 0–254 |
ID0292,Merge Q3070,11.222466990351700,"A nonstress test is reactive with a baseline heart rate of 140 beats per minute with moderate variability, adequate acce"
ID0292,Merge Q3070,0.0,| Alanine aminotransferase (U/liter) | 10 | 2–25 |
ID0292,Merge Q3070,0.0,| Urine protein-to-creatinine ratio (mg/mg) | 0.35 | <0.20 |
ID0292,Merge Q3070,0.0,| Aspartate aminotransferase (U/liter) | 14 | 4–32 |
ID0292,Merge Q3070,0.0,| Hematocrit (%) | 37 | 28–40 |
ID0292,Merge Q3070,0.0,"| Platelet count (per mm3) | 350,000 | 146,000–429,000 |"
ID0292,Merge Q3070,0.0,| Creatinine (mg/dL) | 0.7 | 0.4–0.9 |
ID0292,Merge Q3070,0.0,| --- | --- | --- |
ID0292,Merge Q3070,0.0,|  | Patient value | Reference range |
ID1164,Merge Q310,0.0,.
ID1585,Merge Q324,2.03291453144891,.
ID0458,Merge Q3284,51.25277873935090,Abdominal radiography demonstrates several radiopaque objects in the stomach.
ID0458,Merge Q3284,14.756374871886900,- HCO3-: 11 mEq/L
ID0458,Merge Q3284,11.505671306832400,- BUN: 20 mg/dL
ID0458,Merge Q3284,0.0,- Na+: 140 mEq/L
ID0458,Merge Q3284,0.0,- Cl-: 101 mEq/L
ID0458,Merge Q3284,0.0,- K+: 3.9 mEq/L
ID0458,Merge Q3284,0.0,- Creatinine: 1.0 mg/dL
ID0458,Merge Q3284,0.0,- Glucose: 99 mg/dL
ID1031,Merge Q3289,1.9726530908946900,- Glucose: 156 mg/dL
ID1031,Merge Q3289,1.1500445519640800,- Serum:
ID1031,Merge Q3289,1.0913076058381000,  - Protein: Positive
ID1031,Merge Q3289,0.41504493050019600,"- Leukocyte count: 5,500/mm³ with normal differential"
ID1031,Merge Q3289,0.30963344104682200,  - Blood: Negative
ID1031,Merge Q3289,0.24103869125247000,- HCO₃⁻: 23 mEq/L
ID1031,Merge Q3289,0.0,- Creatinine: 2.2 mg/dL (baseline 1.9 mg/dL)
ID1031,Merge Q3289,-0.29319120366635800,- Ca²⁺: 9.8 mg/dL
ID1031,Merge Q3289,-0.5093328951599430,- Hematocrit: 36%
ID1031,Merge Q3289,-0.8705414941417180,- Urine:
ID1031,Merge Q3289,-0.9031544763313710,- Cl⁻: 101 mEq/L
ID1031,Merge Q3289,-0.9198871765747880,- K⁺: 5.0 mEq/L
ID1031,Merge Q3289,-1.1454207795254400,- Na⁺: 141 mEq/L
ID1031,Merge Q3289,-1.2561464422500200,"- Platelet count: 117,000/mm³"
ID1031,Merge Q3289,-1.3845218455958100,- Hemoglobin: 12 g/dL
ID1031,Merge Q3289,-1.669623801055990,"The patient is admitted and treated appropriately, leading to resolution of her symptoms."
ID1031,Merge Q3289,-2.4220202094616500,  - Color: Amber
ID1031,Merge Q3289,-3.393684536218640,- BUN: 29 mg/dL
ID1742,Merge Q3295,89.33131766319280,"Despite bimanual uterine massage and administration of oxytocin, the bleeding persists."
ID1742,Merge Q3295,0.6345417757957940,| Prothrombin time | 14 seconds |
ID1742,Merge Q3295,0.0,"| Leukocyte count | 9,000/mm³ |"
ID1742,Merge Q3295,0.0,"| Platelet count | 140,000/mm³ |"
ID1742,Merge Q3295,0.0,| Partial thromboplastin time | 38 seconds |
ID1742,Merge Q3295,0.0,| --- | --- |
ID1742,Merge Q3295,0.0,| Hematocrit | 32.3% |
ID1742,Merge Q3295,0.0,| Hemoglobin | 10.8 g/dL |
ID0541,Merge Q335,1.00066466390913,.
ID1654,Merge Q3350,7.412563689787050,- Blood pressure: 90/60 mmHg
ID1654,Merge Q3350,0.0,The patient is oriented to person and place but not time.
ID1654,Merge Q3350,0.0,- Temperature: 39.1°C (102.4°F)
ID1654,Merge Q3350,0.0,- Pulse: 120/min
ID1654,Merge Q3350,0.0,- Respirations: 20/min
ID1357,Merge Q3369,2.2266261049412000,- White blood cells: 2+
ID1357,Merge Q3369,1.780241805499430,A urine culture has been ordered.
ID1357,Merge Q3369,0.9358415395449240,- Nitrites: 1+
ID1357,Merge Q3369,0.0,- Blood: trace
ID1357,Merge Q3369,0.0,- pH: 5
ID0466,Merge Q34,0.895361731606253,.
ID1789,Merge Q3415,1.2272210462049600,- ALT: 11 U/L
ID1789,Merge Q3415,0.4001185661421240,- AST: 11 U/L
ID1789,Merge Q3415,0.3173619226458240,- K⁺: 4.1 mEq/L
ID1789,Merge Q3415,0.26230164431134000,- Cl⁻: 100 mEq/L
ID1789,Merge Q3415,0.08605691759256530,- Creatinine: 0.9 mg/dL
ID1789,Merge Q3415,0.029533341302126000,- Follicle-Stimulating Hormone (FSH): 16.2 mIU/mL (normal: 4.7–21.5 mIU/mL)
ID1789,Merge Q3415,0.0,- Ca²⁺: 9.7 mg/dL
ID1789,Merge Q3415,0.0,- Estrogen: 240 pg/mL (normal: 64–357 pg/mL)
ID1789,Merge Q3415,0.0,An abdominal ultrasound reveals a normal uterus and ovaries.
ID1789,Merge Q3415,-0.22822359949350400,- Urea nitrogen: 12 mg/dL
ID1789,Merge Q3415,-0.7857079219261490,- HCO₃⁻: 24 mEq/L
ID1789,Merge Q3415,-1.02750264108181,- Glucose: 73 mg/dL
ID1789,Merge Q3415,-1.199447391707050,- Mg²⁺: 1.7 mEq/L
ID1789,Merge Q3415,-1.7491829577762800,- Na⁺: 139 mEq/L
ID1674,Merge Q343,-0.0846232322579019,.
ID1084,Merge Q345,-0.64626115257676,.
ID0422,Merge Q353,-0.452371385471552,.
ID0488,Merge Q360,1.37632109454589,.
ID1859,Merge Q364,0.347974892042307,.
ID1981,Merge Q406,-0.452094332058852,.
ID0660,Merge Q413,-1.02308725713525,.
ID1247,Merge Q415,0.0,.
ID1015,Merge Q421,0.180962623374644,.
ID1015,Merge Q421,0.117569033056498,"C, Hematoxylin and eosin stain (original magnification × 200)."
ID1015,Merge Q421,-0.184483576565981,"B, Hematoxylin and eosin stain (original magnification × 5)."
ID1015,Merge Q421,-0.331159153545823,"D, Hematoxylin and eosin stain (original magnification × 200)."
ID0683,Merge Q422,0.0239673536786896,.
ID0494,Merge Q427,-0.27243025230166,.
ID0904,Merge Q431,0.0942666881871736,.
ID0859,Merge Q434,0.0,.
ID0669,Merge Q437,0.0,.
ID0669,Merge Q437,-0.210120075293438,"B, Axial T2-weighted magnetic resonance image showing dysgenesis of the left cerebellar hemisphere (arrowhead) and vermi"
ID0472,Merge Q444,-2.18155267207186,.
ID0093,Merge Q446,0.0,.
ID0364,Merge Q448,0.0105487395069133,.
ID1734,Merge Q454,0.898913204373494,.
ID1005,Merge Q457,0.0,.
ID1791,Merge Q470,0.0357595429557516,.
ID1485,Merge Q478,0.340257985509791,.
ID1110,Merge Q481,0.0737194210016598,.
ID1121,Merge Q486,0.0956690505655111,.
ID0522,Merge Q491,-0.332727470579122,.
ID1505,Merge Q492,0.0384930856767829,.
ID1321,Merge Q508,0.0,.
ID1573,Merge Q51,0.0,.
ID1893,Merge Q52,1.33327664528757,Intraocular pressures were 4 mm Hg ODand 13 mm Hg OS.
ID1215,Merge Q523,1.39038485855185,"A, Papules on the back with white atrophic center and an erythematous rim."
ID1215,Merge Q523,0.592351826461268,"B, Lesions on the thigh similar to those of the back, alongside atrophic white scars."
ID1215,Merge Q523,0.0,.
ID1366,Merge Q528,3.07241612834389,.
ID1464,Merge Q532,0.0805837154935002,.
ID0710,Merge Q533,-0.0410523158440674,.
ID0747,Merge Q537,-0.864645431896379,.
ID0302,Merge Q539,1.16954693198204,.
ID0302,Merge Q539,0.226051087817143,Nothing proximal to the midtransverse colon was visualized because of a large fecal burden.
ID0703,Merge Q544,-0.0914459635803064,.
ID1014,Merge Q546,2.70446223020554,.
ID1807,Merge Q550,0.734392406381461,.
ID0324,Merge Q552,0.0,.
ID1002,Merge Q560,0.0751986105225419,.
ID1132,Merge Q569,0.0,.
ID1747,Merge Q57,0.5489400746231,"B, Orbital computed tomography on presentation, demonstrating preseptal and periorbital soft tissue swelling and edema w"
ID1747,Merge Q57,0.0,There was no substantial proptosis or orbital masses.
ID1747,Merge Q57,-0.793888022116715,.
ID0837,Merge Q588,2.70809138183523,.
ID1679,Merge Q600,0.0,.
ID1349,Merge Q606,-0.559635501354933,.
ID1430,Merge Q618,0.545353274792433,.
ID1842,Merge Q619,-0.84070810675621,.
ID1001,Merge Q622,-0.0597914655799719,.
ID1048,Merge Q623,1.03955694178308,.
ID1162,Merge Q634,-0.424618882279073,.
ID1162,Merge Q634,-0.610989645123482,"Right, Immunohistochemical staining of biopsy sample (immunohistochemical stain for CD138, original magnification ×400)."
ID0718,Merge Q636,0.0,.
ID0453,Merge Q639,0.0517327073091835,.
ID0296,Merge Q654,0.0,.
ID1347,Merge Q659,0.0,.
ID1229,Merge Q662,0.0,.
ID1197,Merge Q674,0.0,.
ID1197,Merge Q674,0.0,"A 28-year-old man presented with abdominal pain and diarrhea (10-12 Bristol type 7 stools per day; Bristol scale range, "
ID1090,Merge Q683,0.0,.
ID1855,Merge Q690,2.79606501541606,.
ID1076,Merge Q694,0.271781957201507,.
ID1354,Merge Q701,0.0,.
ID0400,Merge Q722,0.0,.
ID1068,Merge Q724,1.1886140408881,.
ID0332,Merge Q731,0.0,.
ID1663,Merge Q732,0.158100641194225,.
ID0894,Merge Q74,0.0,.
ID1450,Merge Q740,-0.179651484746411,.
ID0352,Merge Q747,-0.248506666056186,.
ID1387,Merge Q759,-0.0822229467268501,.
ID1401,Merge Q761,0.571238052996276,Escape will cancel and close the window.This is a modal window.
ID0490,Merge Q771,0.755477444480682,.
ID0490,Merge Q771,-1.72002003167989,Left-heart catheterization demonstrated nonocclusive coronary artery disease.
ID1802,Merge Q779,0.420881950368978,.
ID1266,Merge Q782,0.426061559086838,"A, Thickening and enlargement of both optic nerves (with greater intensity in the right eye than the left eye)."
ID1266,Merge Q782,-3.7304077338419295,"Magnetic resonance imaging (MRI) of the brain was reported to have normal results, but on review, we noted thickening an"
ID1966,Merge Q785,0.338912371668121,.
ID0421,Merge Q788,-0.854030221388883,.
ID0534,Merge Q790,-0.0579668174979273,.
ID0834,Merge Q794,0.0,.
ID0834,Merge Q794,0.0,"seen.Dome-shaped, red-brown papules and nodules affecting the shoulder (A) and upper extremities (B)"
ID0834,Merge Q794,-0.215494063708344,of the patient.
ID1244,Merge Q80,0.0087973650455953,.
ID0826,Merge Q812,-0.929488514166183,.
ID1513,Merge Q82,0.0926540338095172,.
ID1531,Merge Q827,0.885397832372493,.
ID1022,Merge Q833,0.906789528206054,.
ID1797,Merge Q848,0.0,.
ID0602,Merge Q860,0.0,.
ID0726,Merge Q865,-0.0975760780506937,.
ID1017,Merge Q875,0.396693219725163,.
ID1459,Merge Q885,-0.928620868895767,.
ID1986,Merge Q89,1.94325265764886,.
ID1918,Merge Q890,0.0,.
ID1769,Merge Q903,0.0,.
ID0471,Merge Q905,0.231169384034654,.
ID0334,Merge Q908,5.47194773823703,"Right, Pigmented, macular rash on plantar surface of left foot."
ID0334,Merge Q908,0.582033746850672,.
ID1887,Merge Q913,-1.04172368406565,.
ID1970,Merge Q917,0.0,.
ID1077,Merge Q921,3.22921044656776,This modal can be closed by pressing the Escape key or activating the close button.Obtain a whole-body fluorodeoxyglucos
ID1077,Merge Q921,-0.11278772726655,Escape will cancel and close the window.This is a modal window.
ID1959,Merge Q930,0.258450116962194,.
ID0731,Merge Q942,2.36936178803444,This modal can be closed by pressing the Escape key or activating the close button.Perform magnetic resonance imaging of
ID0731,Merge Q942,0.0,Escape will cancel and close the window.This is a modal window.
ID1672,Merge Q983,-0.464688927531384,.
ID1574,Merge Q985,-0.265962756632371,.
ID0467,Merge Q990,0.976693019270897,.
ID1651,Merge Q995,0.109494173819964,.
