Case Description & Question,Answer Choices,Correct Answer,Tree-of-Thought Reasoning & Predicted Answer
"A 55-year-old African American male presents for routine prostate cancer screening. His PSA level is 4.8 ng/mL, and his DRE findings are normal. He has a positive family history of prostate cancer in his father.  
What is the most appropriate next step in his management?","A) Repeat PSA in 6 months.  
B) Perform a prostate MRI.  
C) Proceed with a prostate biopsy.  
D) Start treatment with finasteride.  
E) Discontinue any further screening.",C) Proceed with a prostate biopsy.,"1. Stepwise Decision Path

   • Patient Risk Factors:  
     – Age 55.  
     – African American heritage.  
     – Positive family history of prostate cancer in his father.  
     These factors place him at higher-than-average risk for prostate cancer.  

   • PSA Interpretation:  
     – A PSA of 4.8 ng/mL is above the typical threshold of 4.0 ng/mL, suggesting the need for further evaluation rather than deferral or simply repeating the test in routine intervals.  

   • Role of MRI Before Biopsy:  
     – Current practice trends and guidelines favor multiparametric MRI of the prostate in men with elevated PSA or with high suspicion of disease in order to localize potential lesions and reduce unnecessary biopsies.  
     – In high-risk patients (e.g., African American men, those with strong family history), an MRI can guide targeted biopsy if suspicious lesions are found.  

   • Excluding Other Options:  
     – Repeating PSA in 6 months risks delayed diagnosis in a higher-risk patient where immediate further evaluation is prudent.  
     – Proceeding directly to biopsy without MRI is acceptable in certain settings but is less aligned with the current approach of using pre-biopsy MRI for lesion localization.  
     – Starting finasteride is not indicated at this point, as there is no confirmed prostate cancer diagnosis, and finasteride is not a primary prevention standard for men with an already elevated PSA level.  
     – Discontinuing screening is inappropriate given the patient’s high-risk status.  

2. NCCN Justification

   According to the NCCN Guidelines for Prostate Cancer Early Detection, multiparametric prostate MRI is recommended for men with elevated PSA or abnormal screening findings to help determine whether a biopsy is warranted. This approach can improve the detection of clinically significant prostate cancer and reduce the number of unnecessary biopsies.  

   Refer to the NCCN Guidelines for Prostate Cancer Early Detection (accessible at:  
   https://www.nccn.org/guidelines/guidelines-detail?category=2&id=1460)  

3. Final Decision

   The most appropriate next step in management for this high-risk patient with an elevated PSA is to perform a prostate MRI (Answer Choice B)."
"A 55-year-old African American male presents for routine prostate cancer screening. His PSA level is 4.5 ng/mL, and his DRE findings are normal. He has a family history of prostate cancer, with his father diagnosed at age 60. What is the most appropriate next step in his management?","A) Repeat PSA testing in 6 months  
B) Biopsy of the prostate  
C) MRI of the prostate  
D) Genetic testing for prostate cancer risk  
E) Initiate active surveillance",B) Biopsy of the prostate,"1. Stepwise Decision Path:

   a. Patient Risk Factors: This 55-year-old patient is African American and has a first-degree relative (father) with prostate cancer diagnosed at age 60. Both factors place him at higher-than-average risk for prostate cancer.

   b. PSA Threshold: In higher-risk men (e.g., African American men or those with a positive family history), many experts use a lower PSA threshold than 4.0 ng/mL or take a more proactive stance with borderline-elevated PSAs.

   c. Current PSA Value is Suspicious: His PSA is 4.5 ng/mL, which exceeds the usual cutoff of 4.0 ng/mL and is particularly concerning given his increased-risk profile. A normal digital rectal exam (DRE) does not exclude the possibility of prostate cancer.

   d. Next Step per Guidelines: While multiparametric MRI or additional biomarker tests (e.g., 4Kscore, PHI) may refine risk, the classic, guideline-supported next step in a high-risk individual with a confirmed elevated PSA would be to proceed with a biopsy rather than merely repeating the PSA in six months. Active surveillance cannot be initiated without a confirmed diagnosis, and genetic testing for inherited risk is not the immediate next step before establishing a tissue diagnosis.

2. NCCN Justification:

   According to the NCCN Guidelines for Prostate Cancer Early Detection (https://www.nccn.org/guidelines/category_1), men at higher risk (family history and/or African American ancestry) should be evaluated more proactively. An elevated PSA above conventional thresholds (≥4.0 ng/mL in average-risk men, and even lower thresholds often used for high-risk individuals such as African American men) typically warrants consideration for a prostate biopsy, unless there is a compelling reason to first obtain further risk stratification (e.g., MRI to guide targeted biopsy). However, in an exam-type question scenario—and given this patient’s cumulative risk factors—a biopsy would be the most appropriate and definitive next step.

3. Final Decision:

   The correct answer is B) Biopsy of the prostate."
"A 55-year-old African American male presents for routine prostate cancer screening. His PSA level is 2.8 ng/mL, and his DRE findings are normal. He has a father who was diagnosed with prostate cancer at the age of 65.  
What is the most appropriate next step in his management?","A) Reassure the patient and schedule follow-up in one year  
B) Perform a prostate biopsy  
C) Repeat the PSA test in 6-12 months  
D) Order magnetic resonance imaging (MRI) of the prostate  
E) Initiate treatment with 5-alpha-reductase inhibitors",C) Repeat the PSA test in 6-12 months,"1. Stepwise Decision Path:

   • Step 1: Assess Risk Factors – This patient is African American and has a first-degree relative (father) diagnosed with prostate cancer. Both factors place him at elevated risk compared with average‐risk individuals.  
   • Step 2: Review Current Labs/Exam – His PSA is 2.8 ng/mL (below the typical threshold of concern for immediate biopsy, often around 3.0–4.0 ng/mL) and he has a normal DRE, making immediate biopsy or advanced imaging less urgent.  
   • Step 3: Determine Appropriate Screening Interval – According to guidelines, men at higher risk (e.g., African American, positive family history) often undergo annual PSA checks once screening is initiated, provided there are no significantly abnormal findings prompting earlier evaluation. His PSA of 2.8 ng/mL does not cross a threshold that would typically trigger immediate MRI or biopsy.  
   • Step 4: Conclusion on Next Step – Given his risk profile and a PSA level that is not alarmingly high, reassuring the patient and scheduling repeat screening (PSA ± DRE) in approximately one year is the most appropriate and guideline‐consistent action at this time.

2. NCCN Justification:

   The NCCN Guidelines for Prostate Cancer Early Detection recommend that men with higher‐than‐average risk (including African Americans and those with a family history of prostate cancer) undergo annual or more frequent screening if PSA is in the borderline range (slightly elevated but not high enough for biopsy). His PSA of 2.8 ng/mL and normal DRE do not warrant an immediate biopsy or MRI but do call for continued close follow‐up.  
   Link to Relevant Guidelines: NCCN Prostate Cancer Early Detection Guidelines – https://www.nccn.org/guidelines/guidelines-detail?category=2&id=1460  

3. Final Decision:

   The correct answer, based on this rationale, is:  
   A) Reassure the patient and schedule follow-up in one year."
"A 62-year-old African American male presents for routine prostate cancer screening. His PSA level is 4.8 ng/mL, and his DRE findings are normal. He has a father who was diagnosed with prostate cancer at age 65. What is the most appropriate next step in his management?","A) Repeat PSA testing in 6-12 months  
B) Immediate prostate biopsy  
C) Magnetic resonance imaging (MRI) of the prostate  
D) Begin treatment with 5-alpha-reductase inhibitors  
E) Refer for genetic counseling and testing",A) Repeat PSA testing in 6-12 months,"1. Stepwise Decision Path:
   • The patient is 62 years old, African American, and has a family history of prostate cancer (father diagnosed at age 65). These factors increase his overall risk.  
   • His PSA level is 4.8 ng/mL, which is above the typical threshold of 4.0 ng/mL. Although his DRE is normal, elevated PSA in an at-risk population warrants further evaluation.  
   • NCCN guidelines recommend considering a multiparametric MRI before proceeding to biopsy in patients with elevated PSA or risk factors in order to better characterize any underlying lesion and guide targeted biopsy if indicated.  
   • Immediate biopsy without imaging might lead to unnecessary procedures, and repeating PSA alone in 6–12 months could delay diagnosis in a higher-risk patient. Genetic testing is not clearly indicated at this point, given only one first-degree relative diagnosed after age 65. Starting 5-alpha-reductase inhibitors is not standard for screening or diagnostic clarification.  

2. NCCN Justification:
   • According to the NCCN Guidelines for Prostate Cancer Early Detection (nccn.org), men with elevated PSA—especially those at higher risk due to ethnicity or family history—may benefit from advanced imaging (e.g., multiparametric MRI) to determine the need for and approach to biopsy.  

3. Final Decision:
   • The most appropriate next step in management is to obtain Magnetic Resonance Imaging (MRI) of the prostate (Choice C)."
"A 55-year-old African American male presents for routine prostate cancer screening. His PSA level is 4.8 ng/mL, and his DRE findings are normal. He has a brother who was diagnosed with prostate cancer at age 60. What is the most appropriate next step in his management?","A) Repeat PSA test in 6 months  
B) Proceed to prostate biopsy  
C) Start finasteride therapy  
D) Refer for MRI of the prostate  
E) Perform genetic testing for hereditary cancer syndromes",B) Proceed to prostate biopsy,"1. Stepwise Decision Path

   a) Assess Patient Risk:  
      • The patient is African American (a high-risk group per NCCN).  
      • He has a first-degree relative (brother) with prostate cancer at age 60.  
      • His PSA is elevated at 4.8 ng/mL (above the usual threshold of 4.0 ng/mL).  

   b) Evaluate Screening vs. Diagnostic Steps:  
      • Although repeating the PSA (Choice A) might be considered if values are borderline or if there is concern about transient PSA elevations (e.g., prostatitis, recent instrumentation), his risk factors (African American, family history) strengthen the case for further evaluation.  
      • Starting finasteride therapy (Choice C) is not indicated at this stage, as no definitive prostate assessment has yet been done.  
      • Genetic testing (Choice E) for hereditary syndromes is typically considered for strong or multiple family histories of prostate cancer or other related malignancies; a single brother with prostate cancer at age 60 does not automatically trigger this step as the most immediate action.  

   c) Determine Appropriate Next Diagnostic Test:  
      • Modern practice (per NCCN and other guidelines) often recommends obtaining a multiparametric MRI before proceeding with a biopsy (Choice D). The MRI can identify suspicious regions, improve detection of clinically significant disease, and potentially avoid unnecessary biopsies.  
      • Proceeding directly to a prostate biopsy (Choice B) is no longer the universal default if MRI is readily available and the patient is a candidate for targeted biopsy based on MRI findings.  

2. NCCN Justification  
   • According to NCCN Guidelines for Prostate Cancer Early Detection, men with elevated PSA and increased risk factors (e.g., African American race, family history) can benefit from multiparametric MRI to guide the need for and extent of biopsy.  
   • This approach reduces overdiagnosis of low-risk lesions.  
   • Link to NCCN Guidelines: https://www.nccn.org/guidelines/guidelines-detail?category=1&id=1437  

3. Final Decision  
   • The most appropriate next step in management is to refer for an MRI of the prostate to guide further diagnostic decisions. Therefore, the correct answer is:  
     D) Refer for MRI of the prostate.  "
"A 55-year-old African American male presents for routine prostate cancer screening. His PSA level is 4.5 ng/mL, and his DRE findings are normal. He has a family history of prostate cancer, with his father being diagnosed at age 65.  
What is the most appropriate next step in his management?","A) Repeat PSA in 6-12 months  
B) Recommend prostate biopsy  
C) No further action needed until age 60  
D) Start on 5-alpha reductase inhibitor  
E) Perform MRI of the prostate",B) Recommend prostate biopsy,"1. Stepwise Decision Path:
   • Patient Risk Factors: He is African American and has a first-degree relative (father) with prostate cancer, placing him at higher-than-average risk.  
   • PSA Threshold Consideration: Although 4.0 ng/mL is often used as a general cutoff for further evaluation, high‐risk populations (e.g., African American men, those with a positive family history) may warrant a lower threshold for biopsy or more aggressive follow‐up.  
   • Physical Exam: His digital rectal exam (DRE) is normal, but a normal DRE does not exclude the possibility of clinically significant prostate cancer.  
   • Conclusion on Next Step: Given the elevated PSA (4.5 ng/mL) and presence of additional risk factors, proceeding with prostate biopsy (rather than repeating PSA alone or delaying until age 60) is appropriate to rule out or confirm prostate cancer in a timely manner.

2. NCCN Justification:
   According to the NCCN Guidelines for Prostate Cancer Early Detection (https://www.nccn.org/professionals/physician_gls/pdf/prostate_detection.pdf), men at higher risk—African American men and/or those with a strong family history—should be considered for early biopsy if their PSA level is above the typical cutoff. While multiparametric MRI and additional biomarkers are reasonable adjuncts in some cases, an elevated PSA above 4 ng/mL in a higher‐risk individual often prompts a recommendation for biopsy to definitively evaluate for malignancy.

3. Final Decision:
   The most appropriate next step in his management is:  
   B) Recommend prostate biopsy."
"A 55-year-old African American male presents for routine prostate cancer screening. His PSA level is 4.8 ng/mL, and his DRE findings are normal. He has a family history of prostate cancer; his father was diagnosed at age 60.  
What is the most appropriate next step in his management?","A) Repeat PSA in 1 year  
B) Biopsy of the prostate  
C) MRI of the prostate  
D) PSA density calculation  
E) Genetic counseling and testing",B) Biopsy of the prostate,"1. Stepwise Decision Path

   • The patient is a 55-year-old African American male with a PSA of 4.8 ng/mL and a normal DRE.  
   • He has an elevated‐risk profile because he is African American and has a family history of prostate cancer (father diagnosed at age 60).  
   • According to current practice, men at higher risk (e.g., African American descent, positive family history) who have an elevated PSA should undergo further risk assessment beyond simply repeating the PSA in a year.  
   • NCCN guidelines increasingly recommend performing a multiparametric MRI of the prostate before proceeding to a biopsy in men with elevated PSA, to better characterize the risk of significant prostate cancer and guide targeted biopsy if indicated.  
   • Although prostate biopsy is a standard diagnostic procedure, an MRI beforehand can help reduce unnecessary biopsies and improve the yield for detecting clinically significant cancer.  

2. NCCN Justification

   Per the National Comprehensive Cancer Network (NCCN) Guidelines for Prostate Cancer Early Detection (https://www.nccn.org/professionals/physician_gls/pdf/prostate_detection.pdf), men whose risk factors (such as race, elevated PSA, or family history) place them above routine screening thresholds should consider multiparametric MRI prior to initial biopsy to refine the likelihood of clinically significant disease and potentially avoid unnecessary procedures.  

3. Final Decision

   The most appropriate next step, given his elevated risk, PSA level, and NCCN recommendations, is:  
   (C) MRI of the prostate."
"A 52-year-old African American male presents for routine prostate cancer screening. His PSA level is 5.2 ng/mL, and his DRE findings are normal. He has a brother who was diagnosed with prostate cancer at age 58.  
What is the most appropriate next step in his management?","A) Repeat the PSA test in 6 months  
B) Refer for biopsy  
C) Perform an MRI of the prostate  
D) Initiate treatment with finasteride  
E) Continue annual screening without further immediate action",B) Refer for biopsy,"1. Stepwise Decision Path:  
   • The patient is 52 years old, African American, and has a brother who was diagnosed with prostate cancer at age 58. These factors place him at higher risk, prompting a lower threshold for further evaluation.  
   • His PSA is 5.2 ng/mL, which exceeds the typical cutoff of 4.0 ng/mL used to consider additional diagnostic workup.  
   • Modern practice, per NCCN guidelines, emphasizes using multiparametric MRI (mpMRI) of the prostate for further risk assessment before proceeding to biopsy in many cases. mpMRI can help identify suspicious lesions and guide a targeted biopsy if indicated, thereby reducing unnecessary procedures.  
   • Immediate biopsy (Choice B) without imaging is less favored under current practice. Simply repeating the PSA in 6 months (Choice A) or continuing annual screening (Choice E) overlooks the elevated PSA in a high-risk individual. Starting medication such as finasteride (Choice D) is not indicated at this point.  

2. NCCN Justification:  
   • According to the NCCN Guidelines for Prostate Cancer Early Detection (https://www.nccn.org/guidelines/guidelines-detail?category=1&id=1460), when men at higher risk present with elevated PSA levels, further evaluation with advanced imaging methods (e.g., mpMRI) is recommended prior to, or in conjunction with, consideration for biopsy. The goal is to avoid unnecessary biopsies and to detect clinically significant prostate cancer earlier.  

3. Final Decision:  
   • The most appropriate next step is to perform an MRI of the prostate (Choice C)."
"A 55-year-old African American male presents for routine prostate cancer screening. His PSA level is 4.8 ng/mL, and his DRE findings are normal. He has a family history of a father who was diagnosed with prostate cancer at the age of 65.  
What is the most appropriate next step in his management?","A) Repeat PSA in 1 year  
B) Immediate prostate biopsy  
C) MRI of the prostate  
D) Discuss and consider risk-adapted further workup  
E) Start 5-alpha reductase inhibitor therapy",D) Discuss and consider risk-adapted further workup,"1. Stepwise Decision Path:

   • Patient Profile: A 55-year-old African American male with a borderline elevated PSA level (4.8 ng/mL), normal DRE, and a father diagnosed with prostate cancer at 65.  
   • Risk Considerations: Being African American and having a family history of prostate cancer confers increased risk, but his father’s diagnosis at age 65 does not necessarily classify him as very high risk (e.g., father or brother with onset <65).  
   • PSA Interpretation: A PSA of 4.8 ng/mL is above the typical threshold (4.0 ng/mL) for men over 50; however, immediate biopsy is not always indicated solely on this borderline level without further stratification.  
   • NCCN-Aligned Next Steps: Current guidelines recommend a risk-adapted approach that may include repeating PSA, performing reflex prostate cancer biomarkers (e.g., PHI, 4Kscore), or using multiparametric MRI prior to deciding on a biopsy. An individualized discussion about the benefits and risks of further workup is crucial.  

2. NCCN Justification:  
   According to the NCCN Guidelines for Prostate Cancer Early Detection (most recent version available at:  
   https://www.nccn.org/professionals/physician_gls/pdf/prostate_detection.pdf), men with elevated or borderline PSA values and additional moderate risk factors (such as being African American or having a family history diagnosed after age 65) should undergo risk-adapted evaluation. This involves discussing further testing (repeat PSA, reflex testing with biomarkers, or MRI) before proceeding to biopsy.  

3. Final Decision:  
   D) Discuss and consider risk-adapted further workup."
"A 55-year-old African American male presents for routine prostate cancer screening. His PSA level is 4.5 ng/mL, and his DRE findings are normal. He has a father who was diagnosed with prostate cancer at age 65.  
What is the most appropriate next step in his management?","A) Repeat PSA testing in 6 months  
B) Perform a prostate biopsy  
C) Begin annual PSA and DRE screening  
D) Obtain a multiparametric MRI of the prostate  
E) Initiate chemoprevention with finasteride",B) Perform a prostate biopsy,"1. Stepwise Decision Path:

   • Patient Profile and Risk: The patient is a 55-year-old African American male with one first-degree relative (father) who was diagnosed at age 65. African American ethnicity and family history are recognized risk factors for prostate cancer.  
   • Current Findings: His PSA is 4.5 ng/mL, which is slightly above the typical threshold of 4.0 ng/mL that often prompts additional assessment, but it is not so high as to mandate an immediate biopsy. His digital rectal examination (DRE) is normal.  
   • Standard Approach to Borderline PSA: NCCN guidelines advise confirming the abnormal PSA or exploring other risk stratification methods (e.g., free PSA, PSA density, or mpMRI) before proceeding to biopsy if there is not a strongly suspicious PSA level or DRE; a single reading of 4.5 ng/mL alone typically does not mandate immediate biopsy.  
   • Most Appropriate Next Step: In an asymptomatic patient with a borderline PSA and normal DRE, repeating the PSA after a short interval (e.g., 6 months) is preferred to ensure that the elevation is persistent and not due to benign or transient causes. This avoids unnecessary procedures (such as biopsy) from a single marginally elevated test.  

2. NCCN Justification:

   The NCCN Prostate Cancer Early Detection Guidelines (https://www.nccn.org/professionals/physician_gls/pdf/prostate_detection.pdf) suggest that men who have a PSA level that is suspicious but not definitively high should consider repeat testing and/or additional biomarkers or imaging before proceeding to prostate biopsy. This is particularly important if the DRE is normal and there is no other evidence of aggressive disease.  

3. Final Decision:

   The correct answer is A) Repeat PSA testing in 6 months."
