QA_ID,14B_Sentences
Merge_Q1,"1,2,3,4,5,6"
Merge_Q10,"1,2,3,4,5,6,7,8,9,10,11,12"
Merge_Q100,"1,2,3,6,7,8,11,12"
Merge_Q1000,"1,2,3,4,5,6,7,8,9"
Merge_Q1001,"1,2,3,4,7,8,9,10"
Merge_Q1002,"1,2,3,4,5,6,7,10"
Merge_Q1005,"1,2,3,4,5,6,7,8"
Merge_Q1006,"1,2,5,6,9,10"
Merge_Q1007,"1,2,5,6,9,12,13"
Merge_Q1008,"1,3,9"
Merge_Q1009,"20,21"
Merge_Q101,"1,2,3,4,7,8,9,12,13,16,17,18"
Merge_Q1010,6
Merge_Q1011,"1,2,3,5,6,7,8,9,10,11,14,15,16,17,18,19,20"
Merge_Q1012,"1,2,3,4"
Merge_Q1013,"1,6,7,8,9"
Merge_Q1015,"1,3,4,5,6,7,8,9,12,14,17"
Merge_Q1016,"1,2,3,4,5,6,9,10,11"
Merge_Q1017,"1,2,3,4,5,6,7,8,9,10,13,14,15"
Merge_Q1018,"1,2,3,4,5,6,7,8"
Merge_Q1019,"1,2,3,4,5,6,7,8,9,10,11,12,13"
Merge_Q102,"1,2,3,4,5,6,7,8,9,10,11,12,13,14,15"
Merge_Q1020,"1,2,3,4,5,6,7,8,9,10,11,12,13,14,20"
Merge_Q1021,"1,2,3,4,5,6,7,8,9"
Merge_Q1022,8
Merge_Q1023,"1,3,4,5,6,7,8,9,10,11,12,13"
Merge_Q1025,"1,2,3,4,5,6,7,10,11,12,15"
Merge_Q1027,"1,2,3,4,5,6,7,8,9,10"
Merge_Q103,"1,2,3,4,5,6,10,11,12,13"
Merge_Q1030,"1,2,3,4,5,6,7,8,9"
Merge_Q1032,"1,2,3,4,5,6,7,10"
Merge_Q1033,"1,2,3,4,5,6,7,8"
Merge_Q1034,9
Merge_Q1036,"1,2,3,4,5,6,7,8,9,10,11"
Merge_Q1037,"1,2,3,4,5,6,7,8"
Merge_Q1038,"1,2,3,4,5,6"
Merge_Q1039,"1,2,3,4,5,6,7,8,9,10,11"
Merge_Q104,"1,2,3,6,7,8,9,10,11,12,13"
Merge_Q1040,"1,2,3,4,5,6,7"
Merge_Q1041,"1,2,3,4,5,6,7"
Merge_Q1042,"1,2,3,4,5,6,7,8,9,10,11"
Merge_Q1044,"1,2,3,4,5,6,7,8,9,10,11"
Merge_Q1045,"1,2,3,4,5,6,7"
Merge_Q1046,"1,2,3,4,5,6,7,8,9,10,11,12,13"
Merge_Q1047,"1,2,3,4,5,6,7,8,10"
Merge_Q1048,"1,2,3,4,5,6"
Merge_Q1049,1
Merge_Q105,"1,2,3,4"
Merge_Q1050,"1,2,3,4,5,6,7,8,9,10"
Merge_Q1051,"1,2,3,4,5,6"
Merge_Q1052,"1,2,3,4,5,6,7,8"
Merge_Q1053,"1,2,3,4,5,6,7,8,9"
Merge_Q1054,"1,2,3,4,5,6,7,8,9,10"
Merge_Q1055,"1,2,3,4,5,6,7,8,9"
Merge_Q1056,10
Merge_Q1057,6
Merge_Q1058,"1,2,3,4,5,6,7,8,9"
Merge_Q1059,"1,2,3,4,8"
Merge_Q1060,"1,2,3,4,5,6,7,8,9,10"
Merge_Q1061,"1,2,3,4"
Merge_Q1062,"1,2,3,4,6,7,8,9"
Merge_Q1063,"1,2,3,4,5,6,7"
Merge_Q1064,"1,2,3,4,5,6,7,8,9,10,11"
Merge_Q1065,"1,2,3,4,5,6,7,9,10"
Merge_Q1066,"1,2,3,4,5,6,7,8"
Merge_Q1067,"1,2,3,4,5,6,7,8,9"
Merge_Q1068,"1,2,3,4,5,6,7,9,10,11"
Merge_Q1069,"1,2,3,4,5,6,7"
Merge_Q107,"1,2,3,4,5,6,9,10,11,12,13,14"
Merge_Q1070,"1,2,3,4,5,6,7,8"
Merge_Q1071,"1,2,3,4,5,6,7"
Merge_Q1072,"1,2,3,4,5,6,7,8"
Merge_Q1073,"1,2,3,4,5,6,7,8,9"
Merge_Q1074,"1,2,3,4,5,6,7,8"
Merge_Q1075,"1,2,3,4,5"
Merge_Q1076,"1,2,3,4,5,6,7,8,9"
Merge_Q1077,"1,2,3,4,5,6,7,8,9"
Merge_Q1078,"1,2,3,4,5,6,7,8,9"
Merge_Q1079,"1,2,3,4,5,6,7,8,9,10"
Merge_Q108,"1,2,3,4,5,6,7,8,9,10"
Merge_Q1080,"1,2,3,4,5,6,7"
Merge_Q1081,"1,2,3,4,5,6,7,8"
Merge_Q1082,"1,2,3,4,5,6"
Merge_Q1083,"1,2,3,4,5,6,7,8,9"
Merge_Q1085,"1,2,3,4,5,6,7,8"
Merge_Q1087,"1,2,3,4,6,7,8"
Merge_Q1089,"1,2,3,4,5,6,7,8,9,10"
Merge_Q109,"1,2,3,4,5,6"
Merge_Q1091,"1,2,3,4,5,6,7,8,9,10,11"
Merge_Q1092,"1,2,3,4,5,6,7"
Merge_Q1093,"1,2,3,4,8"
Merge_Q1095,"1,2,3,4,5,6,7,8,9,11,12,13,14,15"
Merge_Q1096,"1,2,3,4,5,6,7,8,9,10,11"
Merge_Q1097,"1,2,3,4,5"
Merge_Q1098,"1,2,3,4,5,6,7,8,9,10,11"
Merge_Q1099,"1,2,3,4,5,6,7"
Merge_Q11,"1,2,3,4,5,6,7,8,9"
Merge_Q110,"1,2,3,4,5,6,7,8,9,12,13"
Merge_Q1100,"1,2,3,4,5,6,7"
Merge_Q1101,"1,2,3,4,5,6,7,8,9,10"
Merge_Q1102,"1,2,3,4,5,6,7,8"
Merge_Q1103,"1,2,3,4,5,6,7,8,9,11,12"
Merge_Q1104,"1,2,3,4,5,6,7"
Merge_Q1105,"1,2,3,4,5,6,7,8,9,10"
Merge_Q1106,"1,2,3,4,5,6,7,9,10,12"
Merge_Q1107,"4,11"
Merge_Q1108,"1,2,3,4,5,6,7,8,9,10"
Merge_Q1109,"1,2,3,4,5,6,7,8"
Merge_Q111,"1,2,3,4,5,6,7,8,9,10,11"
Merge_Q1110,"1,2,3,4,5,6,7,8,9,10"
Merge_Q1111,"1,2,3,4,5,6,7,8"
Merge_Q1112,"1,2,3,4,5,6,7,8,9,10,11"
Merge_Q1113,"1,2,3,4,5,6,7,8"
Merge_Q1114,"1,2,3,4,5,6,7,8,9,10,11,12"
Merge_Q1115,"1,2,3,4,5,6,7,8,9,10,11,12,13,14"
Merge_Q1116,"1,2,3,4,5,6,7,8"
Merge_Q1117,"1,2,3,4,5,6,7"
Merge_Q1118,"1,2,3,4,5,6,7,8,9"
Merge_Q1119,"1,2,3,4,5,6,7,8,10"
Merge_Q112,"1,2,3,4,5,6,7,8,9"
Merge_Q1120,"1,2,3,4,5,6,7,8,9,10,11"
Merge_Q1121,"1,2,4,6,10"
Merge_Q1122,"1,2,3,4,5,6,7,8,9,10,11"
Merge_Q1123,1
Merge_Q1125,"1,2,3,4,5,6,7,8,9,10,11,12"
Merge_Q1126,"1,2,3,4,5,6,7,8,9"
Merge_Q1128,"1,2,3,4,5,6,7,8,9,10,11,12,13,14,15,16"
Merge_Q1129,"1,2,3,4,5,6"
Merge_Q1130,"1,2,3,4,5,6,7,8,9"
Merge_Q1131,"1,2,3,4,5,6,7,8"
Merge_Q1132,"1,2,3,4,5,6,8,9,10,11"
Merge_Q1133,"1,2,3,4,5,6,7,8,9,10"
Merge_Q1134,"1,2,3,4,5,6,7,8"
Merge_Q1136,"1,2,3,4,5,6,8"
Merge_Q1137,"1,2,3,4,5,6,7,8,9,10,11"
Merge_Q1139,"1,2,3,4,5,6,7,8"
Merge_Q114,"1,2,3,4,5,6,7,8,9,10,11,12"
Merge_Q1140,"1,2,3,4,5,6,7,8,9,10,11"
Merge_Q1141,"1,2,3,4,5,6,7,8,9,10"
Merge_Q1143,"1,2,3,4,5,6"
Merge_Q1144,"1,2,3,4,5,6,7,8"
Merge_Q1145,"1,2,3,4,5,6,7,8,9,10,11,12,13,14,15"
Merge_Q1146,4
Merge_Q1147,"1,2,3,4,5,6,7,8,9"
Merge_Q1148,"1,2,3,4,5,6,7,8,9,10"
Merge_Q1149,"1,2,3,4,5,6,7,8,9,10"
Merge_Q115,"1,2,3,4,5,6,7,8"
Merge_Q1150,"1,2,3,4,5,6,7"
Merge_Q1151,"1,2,3,4,5,6,7,9,10,11,12,13"
Merge_Q1152,"1,2,3,4,5,6,7,8"
Merge_Q1153,"1,2,3,4,5,6,7,8,9"
Merge_Q1154,"1,2,3,4,5,6,7,8,9"
Merge_Q1155,"1,2,3,4,5,6,7,8,9,10,11,12,13"
Merge_Q1156,"1,2,3,4,5,6,7,8"
Merge_Q1157,10
Merge_Q1158,"1,2,3,4,5,6,7,8,9,10,11"
Merge_Q1159,"1,2,3,4,6,9"
Merge_Q116,"1,2,3,6,7,8"
Merge_Q1160,"1,2,3,4,5,6,7,8,9,10"
Merge_Q1161,"1,2,3,4,5,6,7,8,9"
Merge_Q1162,"1,2,3,4,5,6,7,8,9,10,11"
Merge_Q1163,"1,2,3,4,5,6,7,8,9,10,11"
Merge_Q1164,"1,2,3,4,5,6,7,8,9,10,11"
Merge_Q1165,"1,2,3,4,5,6,7,8,9,10"
Merge_Q1166,"5,6,7,9,10"
Merge_Q1167,"1,2,3,4,5,6,7,8,9,10,11,12"
Merge_Q1168,"1,2,3,4,5,7,9,10"
Merge_Q1169,"1,2,3,4,5,6,7,8"
Merge_Q117,"1,2,3,4,5,6,7,8,9,10,11,12"
Merge_Q1170,"3,6,7"
Merge_Q1171,"1,2,3,4,5,6,9,10"
Merge_Q1172,"1,2,3,4,5,6,7,8,9,10"
Merge_Q1173,"1,2,3,4,5,6,7,8,9,10,11,12"
Merge_Q1174,"1,2,3,4,5,6,7,8,9"
Merge_Q1175,"1,2,3,4,5,6,7,8,9"
Merge_Q1176,"1,2,3,4,5,6,7,8,9,10"
Merge_Q1177,"1,2,3,4,5,7,8,9"
Merge_Q1178,"1,2,3,4,5,6"
Merge_Q1179,"1,2,3,4,5,6,7,8,9"
Merge_Q118,"1,2,3,4,5,6,7,8,9,10"
Merge_Q1180,"1,2,3,4,5,6,7,8,9,10"
Merge_Q1181,"1,2,3,4,5,6,7,8,9,10"
Merge_Q1183,"1,2,3,4,5,6,7,8,9,10,11,12,13"
Merge_Q1184,"1,2,3,4,5,6,7,8,10"
Merge_Q1185,"1,2,3,4,5,6,7,8,9"
Merge_Q1187,"1,2,3,4,5,6,7,8,9,10,11,12"
Merge_Q1189,"1,2,3,4,5,6,7,8,9"
Merge_Q119,"1,2,3,4,7,8"
Merge_Q1190,"1,2,3,4,5,6,7,8,9"
Merge_Q1191,"1,2,3,4,5,6,8,9,10,11,12"
Merge_Q1192,"1,2,3,4,5,6,8"
Merge_Q1193,"1,2,3,4,5,6,7,8,9,10"
Merge_Q1194,"1,2,3,4,5,6,7,8,9,10"
Merge_Q1195,"1,2,3,4,5,6,7,8,9,10"
Merge_Q1196,"1,2,3,4,5,7,8,9,10,11,12,13"
Merge_Q1198,"1,2,3,4,5,6,7,8,9,10"
Merge_Q1199,"1,2,3,4,5,6,7"
Merge_Q12,"1,5,6,7,8,9"
Merge_Q120,"1,2,3,4,5,6,7,8,9,12"
Merge_Q1200,"1,2,3,4,5,6,7,8,9"
Merge_Q1201,"1,2,3,4,5,6,7,8,9,10,11"
Merge_Q1202,"1,2,3,4,5,6,7,8,9,10,11,12,13"
Merge_Q1203,8
Merge_Q1204,"1,2,3,4,5,6,7,8,9,10,11"
Merge_Q1205,"1,2,3,4,5,6,7"
Merge_Q1207,"1,2,3,4,5,6,7,8"
Merge_Q1209,"1,2,3,4,5,6,7,8,9,10"
Merge_Q121,"1,2,3,4,7,8,9,10,11,14"
Merge_Q1210,"1,2,3,4,5,6,7,8"
Merge_Q1212,"1,2,3,4,5,6,7,8,9"
Merge_Q1213,"1,2,3,4,5,6,7,8,9,10"
Merge_Q1214,"1,2,3,4,5,6,7,8,9,10,11,12"
Merge_Q1215,"1,2,3,4,5,6,7,8"
Merge_Q1216,"1,2,3,4,5,6,7,8,9,10,11,12"
Merge_Q1217,"1,2,3,4,5,7,8,9,11"
Merge_Q1218,"1,2,3,4,5,6,7,8,9,10,11"
Merge_Q1219,"1,2,3,4,5,6,7,8,9,10,11"
Merge_Q122,7
Merge_Q1220,"1,2,3,4,5,6,7,8,9,10,11,12"
Merge_Q1221,"1,2,3,4,5,6,7,8,9,10,11,12"
Merge_Q1222,"1,2,3,4,5,6,7,8,9,10,11,12"
Merge_Q1223,"1,2,3,4,5,6,7,8,9,10,11,12"
Merge_Q1224,6
Merge_Q1227,"1,2,3,4,5,6,8,11"
Merge_Q1229,"1,2,3,4,5,6,7,8,9,10,11"
Merge_Q1230,"1,2,3,4,5,6,7,8,9,10"
Merge_Q1231,"1,2,3,4,5,6,7,8,9,11"
Merge_Q1232,"1,2,3,4,5,6,7,8,9,10"
Merge_Q1233,"1,2,3,4,5,6,7,8,9,10"
Merge_Q1234,"1,2,3,4,5,6,9,10"
Merge_Q1235,6
Merge_Q1236,"1,2,3,4,5,6,7,8,9,10,11,12"
Merge_Q1237,"1,2,3,4,5,6,7"
Merge_Q1238,"1,2,3,4,5,6,7,9"
Merge_Q1239,"1,2,3,4,5,6,7,8,10,11,12"
Merge_Q1240,"1,2,3,4,5,6,7,9,10,11,12,13"
Merge_Q1241,"1,3,4,5,6,7,8,9,13"
Merge_Q1242,"1,2,3,4,5,6,7,8,9,10,11,12"
Merge_Q1243,"1,2,3,4,5,6,7,8,9,10,11"
Merge_Q1244,"1,2,3,4,6,7"
Merge_Q1245,"1,2,3,4,5,6,7,8,9,10"
Merge_Q1246,"1,2,3,4,5,6,7,8,9,10,11,12"
Merge_Q1247,"1,2,3,4,5,6"
Merge_Q1248,"1,2,3,4,5,6,7"
Merge_Q1249,"1,2,3,4,5,6,7,8,9,10"
Merge_Q125,"1,4,5"
Merge_Q1250,"1,2,3,4,5"
Merge_Q1252,"1,2,3,4,5,6"
Merge_Q1253,"1,2,3,4,5,6,7,8,9,10,11,12,13"
Merge_Q1254,"1,2,3,4,5,6,7,8"
Merge_Q1255,"1,2,3,4,5,6,7,8"
Merge_Q1256,"1,2,3,4,5,6,7"
Merge_Q1257,"1,2,3,4,5,6,7,8,9"
Merge_Q1258,"1,2,3,4,5,6,7,8,9"
Merge_Q1259,"1,2,3,4,5,6,7,8,9,10"
Merge_Q126,"1,2,3,4,5,6,7,8,9,10,11,12"
Merge_Q1260,"1,2,3,4,5,6,7"
Merge_Q1261,"1,2,3,4,5,6"
Merge_Q1262,"1,2,3,4,5,6,7,8,9"
Merge_Q1263,"1,2,3,4,5,6,7,8"
Merge_Q1264,"1,2,3,4,5,6,7,8"
Merge_Q1265,"1,2,4,5,6,7,8,9,10"
Merge_Q1266,"1,2,4,5,6,7,8"
Merge_Q1267,"1,2,3,5,6,7,8"
Merge_Q1268,"1,2,4,5,6,7"
Merge_Q1269,"1,2,3,4,5,6,7,8,9"
Merge_Q127,"1,2,3,4,7,8,9,10"
Merge_Q1270,"1,2,3,4,5,6,9,10"
Merge_Q1271,"1,2,3,4,5,6,7,8,9,10,11"
Merge_Q1273,"1,2,3,4,5,6,7,8,9"
Merge_Q1274,"1,2,3,5,6,7,8,9"
Merge_Q1275,"1,2,3,4,5,6,7,8,9,11"
Merge_Q1276,"1,2,3,4,5,6,7,8,9"
Merge_Q1277,"1,2,3"
Merge_Q1279,"1,2,3,4,5,6,7,8,9"
Merge_Q128,"1,2,3,4,5,6,7,10"
Merge_Q1281,"1,2,3,4,5,6,7"
Merge_Q1282,"1,2,3,4,5,6,7,8,9"
Merge_Q1283,"1,2,3"
Merge_Q1284,"1,2,3,4,5,6,7,8"
Merge_Q1285,"1,2,3,4,5,6,8,9"
Merge_Q1286,"1,2,3,4,5,6,7,8,9"
Merge_Q1287,"1,2,3,4,5,6,7,8"
Merge_Q1288,"1,2,3,4,5,6,7,8,9,10"
Merge_Q1290,"1,2,3,4,5,6,7,8"
Merge_Q1291,"1,2,3,4,5,6,7,8"
Merge_Q1292,"1,2,3,4,5,6,7"
Merge_Q1293,"1,2,3,4,5,6,7,8"
Merge_Q1294,11
Merge_Q1295,"1,2,3,4,5,6,7,8,10"
Merge_Q1296,"1,2,3,4,5,6,7,8"
Merge_Q1297,"1,2,3,4,5,6,7,8,9"
Merge_Q1298,"1,2,4,5,6,7,8,9,10,11,12"
Merge_Q1299,"1,2,3,4"
Merge_Q13,"1,2,3,4,5,6,7,10"
Merge_Q1300,"1,2,3,4,5,6,7,8,9"
Merge_Q1301,"1,2,3,4,5,6,7,8,9,10,11,12,13"
Merge_Q1302,"1,2,3,4,5,6,7,8,9,10"
Merge_Q1303,"1,2,3,4,5,6,7,8"
Merge_Q1304,"1,2,3,4,5,6,7,8,9"
Merge_Q1306,"1,2,3,4,5,6,7,8,9,11"
Merge_Q1307,"5,6,9"
Merge_Q1309,"1,2,3,4,5,6,7,8,9,10"
Merge_Q1310,"1,2,3,4,6,7,8"
Merge_Q1311,"1,2,3,4,5,6,7,8"
Merge_Q1312,"1,2,3,4,5,6,7,8,9,10,11"
Merge_Q1314,"1,2,3,4,5,6,7,8,9"
Merge_Q1315,"1,2,3,4,5,6,7,8,9"
Merge_Q1316,"1,2,3,4,5,6,7,8,9,10,11"
Merge_Q1317,"1,2,3,4,5,6,7,8,9,10,11,12,13"
Merge_Q1318,"1,2,3,4,5,6"
Merge_Q1319,"1,2,3,4,5,6,7,8,9"
Merge_Q132,"1,2,3,4,5,6,9,10,11,12,13,16,17"
Merge_Q1321,"1,2,3,4,5,6,7"
Merge_Q1322,"1,2,3,4,5,6,7,8,9"
Merge_Q1323,"1,2,3,4,5,6,7,8,9,10,11"
Merge_Q1324,"1,2,3,4,6,7,8"
Merge_Q1325,"1,2,3,5,6,7,8,10"
Merge_Q1326,"1,2,3,4,5,6,7,8,9,11"
Merge_Q1328,"1,2,3,4,5,6,7,8,9,10,11,12,13"
Merge_Q1329,"1,2,3,4,5,6,7,8,9,10,11"
Merge_Q133,"1,2,3,4,5,8,9,10,11,12,14"
Merge_Q1330,"1,2,3,4,5,6,7,8,9,10"
Merge_Q1331,"5,6"
Merge_Q1332,9
Merge_Q1336,"10,11"
Merge_Q134,"1,2,5,6,7,8"
Merge_Q1347,"1,2,3"
Merge_Q135,6
Merge_Q1350,"1,2,3,4"
Merge_Q1354,"1,2,3,4,5,6,7"
Merge_Q1357,"1,2,3,4"
Merge_Q1358,"6,10"
Merge_Q136,"1,2,3"
Merge_Q1364,"1,2,3,4,5"
Merge_Q1367,10
Merge_Q137,"1,4,7,8,9,10,11"
Merge_Q1370,"1,4,5,6,7,8,9,10"
Merge_Q1372,"1,2,3"
Merge_Q1375,"1,2,3,4"
Merge_Q1377,"1,2,3,4"
Merge_Q138,"1,2,3,4,7,8"
Merge_Q1381,3
Merge_Q1383,9
Merge_Q1391,"1,2,3,4,5,6,7,8"
Merge_Q1395,"1,2,3,4,5,6"
Merge_Q1396,"1,2,3,4,5"
Merge_Q1397,9
Merge_Q1399,"3,4,5,10"
Merge_Q140,"1,2,3,4,5,6,7,8"
Merge_Q1400,"1,2,3,4"
Merge_Q1401,"1,2,3,4,5,6,7,8,9,10,11,12"
Merge_Q1402,"6,8"
Merge_Q1403,"1,2,3,4,5,6,7"
Merge_Q1404,3
Merge_Q1406,"1,2,3,4,5,6"
Merge_Q141,"1,2,3,4,5,6,7,8,9,10,11,12,14,15,16,17"
Merge_Q1411,"1,3,4,5,6,7,8,9"
Merge_Q1414,"1,2,3,4,5,6"
Merge_Q1416,"1,2,3,4,5"
Merge_Q1418,4
Merge_Q1419,3
Merge_Q142,"1,2,3,4,5,10,11"
Merge_Q1420,"1,2,3,4"
Merge_Q1423,"1,2,3,4,5,6,7,8,9"
Merge_Q1425,"1,2,3,4,5,6,7,8"
Merge_Q1426,8
Merge_Q1427,"1,2,3,4"
Merge_Q1428,"1,2,3,4,7,8,9,10,11,12,13"
Merge_Q1429,7
Merge_Q143,"1,2,3,4,5,6,7,8,9,10,11"
Merge_Q1431,"1,2,3,4,5,6,7,8,9,10,11,12,14"
Merge_Q1434,"1,2,3,4,5,6,7,8"
Merge_Q1435,"3,9"
Merge_Q1436,"1,2,3,4,5,6,7,8"
Merge_Q1440,"1,2,3,4,5,6,7,8,9"
Merge_Q1443,11
Merge_Q1444,"1,2,3"
Merge_Q145,"1,2,3,5,6,7"
Merge_Q1450,"1,2,3,4,5,6"
Merge_Q1455,"1,2,3,4,5,6"
Merge_Q146,"1,4,5,12,13"
Merge_Q1461,"5,10"
Merge_Q1467,"1,2,3,4"
Merge_Q147,"1,2,3,4,5,6,7,8,9,10"
Merge_Q1472,"1,2,3,4,5"
Merge_Q1473,"1,2,3,4,5"
Merge_Q1474,"1,2,3,5,6,7,8,9"
Merge_Q148,"1,2,3,4"
Merge_Q1480,"1,2,3,4,5,6,7"
Merge_Q1482,"1,2,3,4"
Merge_Q1484,"1,2,3,4,5,6"
Merge_Q1486,"1,2,3,4,5,6,7,8,9,10"
Merge_Q1489,"1,2,3,4,5,6,7,8"
Merge_Q149,"1,2,5,8"
Merge_Q1493,"1,2,3,4"
Merge_Q1494,4
Merge_Q150,"1,2,5,10"
Merge_Q1500,"1,2,3,4,5,6,7"
Merge_Q1501,"1,2,3,4,5,6"
Merge_Q1503,"1,2,3,4,5,6,7"
Merge_Q1505,"1,2,3"
Merge_Q1506,"1,2,3,4,5"
Merge_Q1507,5
Merge_Q151,"1,2,3,6,7,8"
Merge_Q1510,"1,2,3,4,5,6,7,8"
Merge_Q1514,"1,2,3,4,5,6,7,8,9,10"
Merge_Q1515,"4,5,6,8"
Merge_Q1516,4
Merge_Q1517,"1,2,3,4,5,6,7"
Merge_Q1518,"1,2,3,4"
Merge_Q1519,"1,2,3"
Merge_Q152,"1,2,3,4,5,6,9,11,12,13,14,15,16,17,20,21"
Merge_Q1520,"1,2,3,4,5,6,7,8"
Merge_Q1521,"1,2,3,4,5,6,7,8"
Merge_Q1522,3
Merge_Q1526,"1,2,3,4"
Merge_Q1527,"1,2,3"
Merge_Q153,"1,2,3,4,7,8,9,10,11,12,15,16"
Merge_Q1532,3
Merge_Q1537,"1,2,3"
Merge_Q1539,"1,2,3,4,5"
Merge_Q154,"1,2,3,4,5,6,7,20,21"
Merge_Q1543,"1,2,3,4,5,6"
Merge_Q1548,"1,2,3"
Merge_Q1549,"1,2,3,4"
Merge_Q155,"1,2,3,4,5,6,7"
Merge_Q1550,"1,2,3,4,5,6"
Merge_Q1552,4
Merge_Q1554,"1,2,3,4,5,6,7,8,9"
Merge_Q1555,"1,2,3,4,5"
Merge_Q1557,"1,2,3,4"
Merge_Q1559,"1,2,3,4,5,6,7"
Merge_Q156,"1,2,3,4,5,6,7,8,9,10"
Merge_Q1560,6
Merge_Q1561,"1,2,3,4,5,6,7,8"
Merge_Q1563,"1,3,4,5"
Merge_Q1565,"1,2,3,4,5,6,7"
Merge_Q1569,"1,2,3,4,5,6"
Merge_Q1570,"1,2,3,4,5,6"
Merge_Q1571,"1,2,3,4,5,6,7,8,9,10"
Merge_Q1573,"1,2,3,4,5"
Merge_Q1577,"1,2,3,4,5,6"
Merge_Q1578,"1,2,3,4,5,6,7"
Merge_Q158,"1,2,3,4,5,6,7,8,9"
Merge_Q1581,"1,2,3,4,5,6,7"
Merge_Q1587,"1,2,3,4,5,6"
Merge_Q159,"1,2,5,6,7,10"
Merge_Q1590,"1,2,3,4,5,6,7,8"
Merge_Q1592,"1,2,3,4,5,6,7,8"
Merge_Q1594,"1,2,3,4,5,6"
Merge_Q1595,1
Merge_Q16,"1,2,3,4,5,6,7,8,9"
Merge_Q1601,"1,2,3,4,5,6,7"
Merge_Q1602,3
Merge_Q1603,6
Merge_Q1605,"3,10"
Merge_Q1606,6
Merge_Q1607,"1,2,3,4"
Merge_Q1608,"1,2,3,4,5,6,7,8,9,10"
Merge_Q1609,"1,2,3,4,5,6,7,8,9,10"
Merge_Q1615,"1,2,3,4,5,6,7"
Merge_Q1617,"1,2,3,4,5"
Merge_Q1619,"5,7"
Merge_Q1621,"1,2,3,4,5,6,7"
Merge_Q1623,"1,2,3,4,5,6"
Merge_Q1624,"1,2,3,4,5,6,7,10,11"
Merge_Q1628,"1,2,3,4,5,6,7,8,9"
Merge_Q163,"1,2,3,4,5,6,9,10,11"
Merge_Q1631,"1,2,3,4"
Merge_Q1634,"5,10"
Merge_Q1635,2
Merge_Q1636,4
Merge_Q1638,"1,2,3,4,5,6,7,8,11,12,13,14,15,16,17,18,19,20,21"
Merge_Q164,"1,2,3,4,5,6,7,8,9,10,11"
Merge_Q1640,"1,2,3,4,5,6,7"
Merge_Q1642,4
Merge_Q1643,"1,2,3,4"
Merge_Q1645,"1,2,3,4,5"
Merge_Q1647,"1,2,3,4,5,6,7,8,9,10"
Merge_Q1648,"1,2,3,4,5"
Merge_Q165,"1,2,3,4,5,6,7,8,9"
Merge_Q1651,"1,2,3,4,5,6,7,8,10"
Merge_Q1652,"1,2,3"
Merge_Q1656,"1,2,3,4"
Merge_Q1658,"4,5,10"
Merge_Q1659,"1,2,3"
Merge_Q166,"1,2,3,4,5,6,7,8,9,10,11,12,13"
Merge_Q1660,"1,2,3,4,5,6"
Merge_Q1661,"8,10"
Merge_Q1663,"1,2,3,4,5"
Merge_Q1667,2
Merge_Q1668,"1,2,3,4,8"
Merge_Q1669,"1,2,3"
Merge_Q1671,"1,2,3,4,5,6,7,8"
Merge_Q1672,"1,2,3,4"
Merge_Q1678,"1,2,3"
Merge_Q1679,"1,2,3,4"
Merge_Q168,"1,2,3,4,5,8,9,10"
Merge_Q1682,3
Merge_Q1684,"1,2,3,4"
Merge_Q1685,"1,2,3,4,5,6,7,8,9"
Merge_Q1689,"1,2,3"
Merge_Q169,"1,2,5,6,7,8,11,12,13,16,17,18"
Merge_Q1690,"1,2,3,4,5,6,7"
Merge_Q1692,"1,2,3,4,5,6,7,8"
Merge_Q1698,"1,2,3,4,5"
Merge_Q17,"1,2,3,4,5,6,7,8"
Merge_Q170,"1,2,3,4,5,6,7,10,11,12"
Merge_Q1701,"1,2,3,4,5,6,7"
Merge_Q1702,"1,2,3,4,5"
Merge_Q1703,"1,2,3,4,5,6,7,8"
Merge_Q1705,"1,2,3,4,5"
Merge_Q1706,"1,2,3,4,5,6,7,10"
Merge_Q1707,"1,2,3,4,6,7,8"
Merge_Q1708,"1,2,3,4,5,7,8,9,10,12,15"
Merge_Q1711,8
Merge_Q1712,"1,2,4,5,6,7"
Merge_Q1714,"1,2,3,4,5"
Merge_Q1715,"1,2,3"
Merge_Q1716,"1,2,3"
Merge_Q1718,"1,2,3,4,5,6,10"
Merge_Q172,"1,2,3,4,5,6,7,8,9"
Merge_Q1720,9
Merge_Q1721,"1,2,3,4,5,6,7,8"
Merge_Q1725,"1,2,3,4,5,6"
Merge_Q1728,"1,2,3,4,5,6,7,8"
Merge_Q1729,"1,2,3,4"
Merge_Q173,"1,2,3,4,7,8,9,10,11,20,21"
Merge_Q1731,"1,2,3,4,5,6"
Merge_Q1733,"1,2,3,4,5,6"
Merge_Q1739,"1,2,3,4,5,6"
Merge_Q174,"1,2,3,4,5,6,7,8,11,12,13,14,15,16,17"
Merge_Q1740,6
Merge_Q1743,"1,2,3,4,5"
Merge_Q1745,2
Merge_Q1747,"1,2,4,5,6,7,8"
Merge_Q1748,"1,2,3"
Merge_Q1749,"1,2,3,4"
Merge_Q175,"1,2,3,4,5,6,12,13,14,15,16,18"
Merge_Q1750,"1,2,3,4,5,6,7"
Merge_Q1751,"1,2,3,4,5"
Merge_Q1752,"1,2,3,4,5,6,7,8,9"
Merge_Q1753,"1,2,3,4,5,6"
Merge_Q1756,"1,2,3,4,5,6,7,8,9"
Merge_Q1757,"1,2,3,4,5"
Merge_Q1758,"1,2,3,4,6,7"
Merge_Q176,"1,2,3,6,7,8,9"
Merge_Q1765,"1,2,3,4,5,6,7,8"
Merge_Q1767,"1,2,3"
Merge_Q1768,"1,2,3"
Merge_Q177,"1,2,3,4,5,8,9,10"
Merge_Q1771,"1,2,3,4"
Merge_Q1772,"2,7"
Merge_Q1774,"1,2,3,4"
Merge_Q1776,"1,2,3,4"
Merge_Q1777,"5,6"
Merge_Q1778,"1,2,3,4,5,6,7,8"
Merge_Q1779,"1,2,3,4,5,6,7,8,9"
Merge_Q178,"1,2,3,4,5"
Merge_Q1780,"1,2,3,4,5"
Merge_Q1781,"1,2,3,4,5,6"
Merge_Q1782,"1,2,3,4,5,6,7"
Merge_Q1783,"1,2,3,4,5"
Merge_Q1787,"1,2,3,4,5,6"
Merge_Q1789,"1,2,3,4,5,6,7"
Merge_Q179,"1,2,3,4,5,6,10"
Merge_Q1790,"1,2,3,4"
Merge_Q1791,10
Merge_Q1792,"1,2,3,4,5,6"
Merge_Q1794,"1,2,3,4,6"
Merge_Q1795,"1,2,3,4,5"
Merge_Q1796,"1,2,3,4"
Merge_Q1799,"1,2,3,4"
Merge_Q18,"1,2,3,4,5,6,7,8"
Merge_Q180,"1,2,3,4,5,6,7,8,9,10"
Merge_Q1800,"1,2,3,4"
Merge_Q1801,3
Merge_Q1803,"1,2,3,4"
Merge_Q1804,"1,2,3,4,5,6,7,8,9"
Merge_Q1808,"1,2,3,4,5,6,7,8"
Merge_Q181,"1,2,3,4,5,6,7,8,9"
Merge_Q1810,2
Merge_Q1813,"1,2,3,4,5,6"
Merge_Q1814,"1,2,3,5,6,9"
Merge_Q1815,"1,2,3,4,5,6,8,11"
Merge_Q1816,"1,2,3,4,5"
Merge_Q182,"1,2,3,4,7,8,9,10,11,12"
Merge_Q1820,7
Merge_Q1821,2
Merge_Q1825,3
Merge_Q1827,"4,6,8"
Merge_Q1828,"1,2,3,4,5,6,7,8"
Merge_Q183,"1,2,3,4,6,7,8,9,10,11,12,13"
Merge_Q1830,3
Merge_Q1831,"3,7"
Merge_Q1832,"1,2,3,4"
Merge_Q1837,"1,2,3,4,5,6,7"
Merge_Q1843,"4,6"
Merge_Q1848,"1,2,3,4,5,6,7,8"
Merge_Q185,"1,2,3,4,7,8,9,10"
Merge_Q1851,"1,2,3,4,5,6,7"
Merge_Q1852,"1,2,3,4,5,6,7,8"
Merge_Q1854,"1,2,3,4,5,6"
Merge_Q1855,"1,2,3"
Merge_Q1857,"1,2,3,4,5,6,7"
Merge_Q1858,"1,3,4,5,6,7,8,9"
Merge_Q1859,"1,2,3,4,5"
Merge_Q186,"1,4,5,6,7"
Merge_Q1860,"1,2,3,4,5"
Merge_Q1863,"1,2,3,4,5"
Merge_Q1864,"1,2,3,4"
Merge_Q1866,"1,2,3,4"
Merge_Q1868,"1,2,3,4,5,6,7"
Merge_Q1871,"1,2,3,4,5,6,7,8,9"
Merge_Q1872,"2,3,5,6,7,8,9"
Merge_Q1873,"1,2,3,4,5,6"
Merge_Q1875,"1,2,3,4,5,6,7,8,9"
Merge_Q1876,"1,2,3,4,5,6,7"
Merge_Q1877,"1,2,3,4,5,6,7,8"
Merge_Q1879,"1,2,3,4,5"
Merge_Q1880,"1,2,3,4,5,6"
Merge_Q1881,"6,7,10"
Merge_Q1882,"1,2,3,4,5,6,7,10"
Merge_Q1886,7
Merge_Q1887,"1,2,3"
Merge_Q1888,"1,2,3,4,5,6,7"
Merge_Q189,"1,2,3,4,5,6,7,8"
Merge_Q1892,"2,4"
Merge_Q1894,4
Merge_Q1896,11
Merge_Q19,"1,2,3,4,5,6,7,8,9,10"
Merge_Q1901,"1,2,3,4,5,6,7,8,9,10"
Merge_Q1904,"1,2,3,4,5"
Merge_Q1905,"1,2,3,4,5,6,7,8"
Merge_Q1907,"1,2,3,4,5,6,7"
Merge_Q1909,5
Merge_Q191,"1,2,3,4,7,8,9,10,11,12,13,14,15"
Merge_Q1912,9
Merge_Q1914,"1,2,3,4,5,6,7"
Merge_Q1915,"3,5"
Merge_Q1916,"6,7,18"
Merge_Q1917,"1,2,3,4,5"
Merge_Q1918,"1,2,3,4,5,6,7,8,9,10,11"
Merge_Q192,5
Merge_Q1921,"1,2,3,4,5,6,7"
Merge_Q1922,5
Merge_Q1925,"1,2,3,4,5"
Merge_Q1927,"7,14"
Merge_Q1928,"1,2,3,4,5,6,7,8,9"
Merge_Q193,"1,2,3,4,5,8,9,10,15,16,17,18,19,20,21"
Merge_Q1934,"4,6"
Merge_Q1937,"1,2,3,4,5,6,7"
Merge_Q1938,"1,2,3,4,5"
Merge_Q194,"1,2,3,4,5,6,7,8,9,10"
Merge_Q1940,"1,3,4,5,6,7"
Merge_Q1942,"1,3,4,5,6,7,8,9"
Merge_Q1943,"1,2,3,4,5,6,7"
Merge_Q1949,"1,2,3,4,5,6,7,8"
Merge_Q195,"1,2,3,4,5,8"
Merge_Q1951,"1,2,3,4,5,6"
Merge_Q1952,"1,2,3,4,5"
Merge_Q1956,"1,2,3,4,5,6,7,8,9"
Merge_Q1959,"1,2,3,4,5,6,7,8,9,10"
Merge_Q196,"1,2,3,4,5,6,7,8,9,10,11,12,13,14"
Merge_Q1961,"1,2,3,4"
Merge_Q1962,"1,2,3,4,5,6,7,8,9"
Merge_Q1964,3
Merge_Q1965,"1,2,3,4"
Merge_Q1967,3
Merge_Q1968,"1,2,3,4,5,6"
Merge_Q197,"1,2,3,4,5,6,7"
Merge_Q1971,4
Merge_Q1972,4
Merge_Q1974,"1,2,3,4,5"
Merge_Q1978,2
Merge_Q1981,"1,2,3,4,5"
Merge_Q1982,"1,2,3,4"
Merge_Q1985,"1,2,3,4"
Merge_Q1987,"4,6"
Merge_Q199,"1,2,3,4,5,6,7,8,9,10,11,12"
Merge_Q1991,"1,2,3,4,5,6"
Merge_Q1996,"1,4,5,6"
Merge_Q1999,"5,6"
Merge_Q20,"1,2,3,4,5,6,11,12,13"
Merge_Q200,"1,2,3,4,5,8"
Merge_Q2001,"1,2,3,4,5"
Merge_Q2002,"1,2,3,4,5,6,7,10"
Merge_Q2003,"1,2,3,4,5"
Merge_Q2004,"1,2,3,4,5,6,7"
Merge_Q2005,"1,2,3,4,5,6,7"
Merge_Q2006,"1,2,3,4"
Merge_Q2007,"1,2,3,4"
Merge_Q2009,"1,2,3,4"
Merge_Q2010,"1,2,3,4,5"
Merge_Q2016,"1,2,3,4,5,6,7,8,10"
Merge_Q2021,"1,2,3,4"
Merge_Q2022,"1,2,3"
Merge_Q2027,"1,2,3"
Merge_Q2028,"1,2,3,4,5"
Merge_Q2030,"1,2,3,4,5,6"
Merge_Q2031,"1,2,3,4"
Merge_Q2033,"1,2,3,4,5,6,8,9"
Merge_Q2034,"1,2,3,4,5,6,7"
Merge_Q2035,"2,5,10"
Merge_Q2036,"1,2,3,4,5,6"
Merge_Q2037,"1,2,3,4,5"
Merge_Q204,"1,2,3,4,5,6,7,8"
Merge_Q2042,"1,2,3,4,5,6,7,8,9"
Merge_Q2043,"1,2,3,4,5,6,7"
Merge_Q2045,"6,8,10"
Merge_Q205,"1,2,3,4,5,6,7,8,9,10,11,12,13,14,15,16"
Merge_Q2050,"1,2,3,4,5"
Merge_Q2053,"1,2,3,4"
Merge_Q2056,3
Merge_Q2060,"1,2,3,4,5,6"
Merge_Q2061,"1,2,3,4,5,6,7,8"
Merge_Q2067,"1,2,3,4"
Merge_Q2068,"1,2,3,4,5,6,7,8,9"
Merge_Q2072,"1,2,3,4"
Merge_Q2074,3
Merge_Q2076,"1,2,3"
Merge_Q2077,"1,2,3"
Merge_Q2079,"1,2,3,4,5,6,7,8,9,10,11,12,13"
Merge_Q208,"1,2,3,4,5,6,7,8,9,11,12,13,14,15,16"
Merge_Q2080,"1,2,3,4,5,6"
Merge_Q2082,8
Merge_Q2083,"1,2,3,4,5,6,7"
Merge_Q2084,"1,2,3,4,5,6,7,8,9"
Merge_Q2085,"1,2,3,4,5,6"
Merge_Q2086,"1,2,3,4,5,6"
Merge_Q2088,"1,2,3,4,5"
Merge_Q209,"1,2,3,6,7,8,9,12,13"
Merge_Q2090,"4,6,8,10"
Merge_Q2093,"1,2,3,4,5,6,8"
Merge_Q2094,"1,2,3,4,5"
Merge_Q2095,"1,2,3,4,6"
Merge_Q2096,"1,2,3,4,5,6,7,8,9"
Merge_Q2098,"1,2,3,4,5,6,7"
Merge_Q2099,"1,2,3,4,5,6,7"
Merge_Q210,"1,2,4,5,6,7,8,9"
Merge_Q2102,6
Merge_Q2104,3
Merge_Q211,"1,2,3,4,5,6,7,10,11,12,15"
Merge_Q2111,"1,2,3,4,5"
Merge_Q2114,"1,2,3,4,5,6,7,8"
Merge_Q2115,"1,2,3,4,5,6,7,8"
Merge_Q2116,"1,2,3,4,5"
Merge_Q2118,"1,2,3,4"
Merge_Q2119,"1,2,3,4"
Merge_Q212,"1,2,3,4,9,10,11,12,13"
Merge_Q2120,"1,2,3,4,5"
Merge_Q2122,"1,2,3,4"
Merge_Q2123,"1,2,3,4"
Merge_Q2125,"1,2,3,4,5"
Merge_Q2126,"1,2,3,4,5,6"
Merge_Q2127,"1,2,3"
Merge_Q213,"1,2,3,4,5,6,7,8,9,10,11,12"
Merge_Q2130,3
Merge_Q2132,"1,2,3,4,5,6,7,9,10,11"
Merge_Q2134,"1,2,3,4"
Merge_Q2136,"1,2,3,4,5,6,7,8,10,11,12,13,14"
Merge_Q2138,"1,2,3,4,5,6,7,8,9,10,11,12"
Merge_Q214,"1,2,3,4,5,6,7,8,9,10,13,14"
Merge_Q2143,"1,2,3,4,5,6"
Merge_Q2145,"1,2,3"
Merge_Q2147,"1,2,3,4,5"
Merge_Q215,"1,2,5,6,7,8"
Merge_Q2157,"1,2,3,4,5"
Merge_Q216,"1,2,3,6,7,8,9,10,11,14,15"
Merge_Q2160,"5,6,10"
Merge_Q2163,"5,10"
Merge_Q2165,"1,2,3,4,5"
Merge_Q2166,"1,2,3,4,5,6,7,8"
Merge_Q2167,"1,2,3,4"
Merge_Q2170,"5,6,8,9,10"
Merge_Q2171,"1,2,3,4,5,6"
Merge_Q2172,4
Merge_Q2176,"4,5,6,8,9,10"
Merge_Q2177,"1,2,3,4"
Merge_Q2187,"1,2,3,4,5,6"
Merge_Q2188,"4,9"
Merge_Q219,"1,2,3,4,5,6,7,8,9,10,11,12,13,14,15"
Merge_Q2191,"1,2,3,4"
Merge_Q2192,"1,2,3,4,5,6,7,8,10"
Merge_Q2193,"1,2,3,4,6,7,8"
Merge_Q2194,"4,7,10"
Merge_Q2195,"1,2,3,4,5,6,7,8,9,10"
Merge_Q2197,"1,2,3,4,5,6,10"
Merge_Q22,6
Merge_Q2200,"1,2,3,4,5"
Merge_Q2202,"1,2,3,4,5"
Merge_Q2203,"1,2,3,4,5,6,7"
Merge_Q2204,"1,2,3,4,5,6"
Merge_Q2207,"1,2,3,4"
Merge_Q2208,3
Merge_Q221,"1,2,3,4,5,6,8,10,11,12,13,14,15,18"
Merge_Q2214,3
Merge_Q2216,10
Merge_Q222,"1,2,3,6,7,8"
Merge_Q2220,"1,2,3,4,5"
Merge_Q2221,"1,2,3,4,5,6"
Merge_Q2222,"1,2,3,4,5,6"
Merge_Q2229,"1,2,3,4,5,6,7,8,9,10"
Merge_Q223,"1,2,3,4,5,6"
Merge_Q2231,"1,2,3,4,5,6,7,8"
Merge_Q2233,6
Merge_Q2234,"1,2,3"
Merge_Q2235,"1,2,3,4,5,6,7"
Merge_Q2236,"1,2,3,4,6,9"
Merge_Q2237,"1,2,3,4,8"
Merge_Q224,"1,4,5,7,8,14,15,16"
Merge_Q2241,"1,2,3,4,5,6,7"
Merge_Q2242,"1,2,3"
Merge_Q2243,"1,2,3"
Merge_Q2246,"1,2,4,5,6,9"
Merge_Q2250,"8,10"
Merge_Q2253,"1,2,3"
Merge_Q2254,"1,2,3,4"
Merge_Q2255,"1,2,3,4,5,6,7,10"
Merge_Q2256,"1,2,3,4,5"
Merge_Q2257,"1,2,3,4,5,10"
Merge_Q2259,"5,8"
Merge_Q226,"1,6,7,10,11,12,13,14,15,16,17,18"
Merge_Q2261,"1,2,3,4,5,6,7"
Merge_Q2265,"1,2,3,4,5"
Merge_Q2267,5
Merge_Q227,"1,2,3,4,5,6,7"
Merge_Q2273,"1,2,3"
Merge_Q2279,"1,2,3,4"
Merge_Q228,"1,2,3,4,9"
Merge_Q2281,"1,2,3,4,5,6,7"
Merge_Q2282,"1,2,3,4,5,6,7"
Merge_Q2283,"1,2,3,4,5,6,7,8,9,10"
Merge_Q2287,"5,10"
Merge_Q229,"1,4,5,6,7,8,9,10"
Merge_Q2292,"1,2,3,4,5,6,7"
Merge_Q2293,6
Merge_Q2294,"1,2,3,4,5,6,7"
Merge_Q2295,"1,2,3"
Merge_Q2296,"1,2,3,4,5,6,7,8,9,10,11,12,13,14"
Merge_Q2299,"1,2,3,4,5"
Merge_Q23,"1,2,3,4,5,6,9"
Merge_Q230,"1,2,3,6,7,8,20"
Merge_Q2301,"1,2,3,4,5,6"
Merge_Q2310,"1,2,3,4"
Merge_Q2311,"1,2,4"
Merge_Q2313,"1,2,3,4,5,6,7"
Merge_Q2314,7
Merge_Q2315,"5,6"
Merge_Q2319,"1,2,3,4"
Merge_Q232,"1,2,3,4,7,8,9,10,11,12,13,14,15,16"
Merge_Q2321,"1,2,3,4,5,6,7"
Merge_Q2322,2
Merge_Q2323,7
Merge_Q2324,"1,2,3,4,5,6,7,8,9,10"
Merge_Q2325,"1,2,3,4,5,6,7"
Merge_Q2327,"1,2,3,4,5,6"
Merge_Q2329,"1,2,3,4,5,6,7,8,9,10"
Merge_Q233,"17,20"
Merge_Q2336,"1,2,3"
Merge_Q2337,"1,2,3,4,5,6,7"
Merge_Q2338,"1,2,3,4,5,6,7"
Merge_Q2339,4
Merge_Q2342,4
Merge_Q2345,"1,2,3,4,5,6,7"
Merge_Q235,"1,2,3,4,5,6,7,8,9,10,11"
Merge_Q2355,"1,2,3,4,5"
Merge_Q2357,4
Merge_Q236,"1,2,3,4,5,6,7,8,9"
Merge_Q2361,"1,2,3,4,5,6"
Merge_Q2366,"1,2,3,4,5,6,7,8,9,10,11,12"
Merge_Q2367,"1,2,3,4"
Merge_Q2368,"1,2,3,4,5,6"
Merge_Q2369,"1,2,3,4,5,6,7,8,9,10,11"
Merge_Q237,"1,2,3,5,6,7,8"
Merge_Q2370,"1,2,3,4,5,6,8,9"
Merge_Q2373,"1,2,3,4,5,6,7,8"
Merge_Q2376,"1,2,3,4,5,6,8,11"
Merge_Q2377,"1,2,3,4"
Merge_Q2379,"1,2,3,4,5,6,7,8,9,10,11,12"
Merge_Q238,"1,2,3,4,5,8,9,10,11,12,15"
Merge_Q2383,"1,2,3,4,5"
Merge_Q2384,"1,2,3,4,6,7,8,9,10"
Merge_Q239,"1,2,3,4,5,10"
Merge_Q2393,"3,4,5,10"
Merge_Q2397,"1,2,3,4,5,6"
Merge_Q2398,"5,6"
Merge_Q24,"1,2,3,4,7,8,9,10,11,12,15,16,17,18"
Merge_Q240,"1,2,3,4,5,8,9,10,11,14"
Merge_Q2400,"1,2,3"
Merge_Q2402,"1,2,3,4,5,6,7"
Merge_Q2405,"1,2,3,4,5,6,7,8"
Merge_Q2408,"1,2,3,4,5,6,7,8,9,10,11,12,13"
Merge_Q2409,"1,2,3,4,5,6"
Merge_Q2412,"1,2,3,4,5,6,7"
Merge_Q2413,"1,2,3,4,5,6,7,8,9,10,11,12"
Merge_Q2414,"1,2,3,4,5,6,7"
Merge_Q2415,"1,2,3,4,5"
Merge_Q2418,"1,2,3,4,5"
Merge_Q2424,2
Merge_Q2427,3
Merge_Q2431,"1,2,3,4,5,6,7,8"
Merge_Q2432,3
Merge_Q2435,"1,2,3,4,5,6,7,10"
Merge_Q2437,"1,2,3,4,5"
Merge_Q2438,"1,2,3,4,5,6,7,8"
Merge_Q2444,"1,2,3,4"
Merge_Q2445,"8,9,10"
Merge_Q2448,"1,2,3,4"
Merge_Q245,"1,2,3,4,5,6,7,8,9,10,11"
Merge_Q2450,"1,2,3,4,5"
Merge_Q2456,"1,2,3,4,5,6,7,8"
Merge_Q2457,"1,2,3,4,5,6,7,8,9,10"
Merge_Q246,"1,2,3,4,5,6,9,10,11,14,15,16"
Merge_Q2463,"1,2,3,4,5,6,7"
Merge_Q2466,"1,2,3,4,5,6"
Merge_Q2468,3
Merge_Q2473,"1,2,3,4,5,6"
Merge_Q2476,"1,2,3"
Merge_Q248,"1,2,3,4,9,10,11"
Merge_Q2481,"1,2,3,4,5,6,7"
Merge_Q2486,"2,4"
Merge_Q2487,"1,2,3,4,5"
Merge_Q2489,"1,2,3,4"
Merge_Q249,"1,2,3,4,5,6,7,8"
Merge_Q2490,"1,2,3,4,5,6,7,8,9,10"
Merge_Q2492,"1,2,3,4,5,6"
Merge_Q2493,"1,2,3,4,5,6,7"
Merge_Q2494,"1,2,3,4,5"
Merge_Q2495,"1,2,3,4,5,6,7,8,10"
Merge_Q2497,"1,2,3,4"
Merge_Q25,"1,2,3,4,5,6,7"
Merge_Q250,"1,2,3,4,5,6,7,8,9,10,13"
Merge_Q2500,"1,2,3,4,5,6,8,10"
Merge_Q2509,"1,2,3"
Merge_Q251,"1,2,3,4,5,8,9,10,11"
Merge_Q2510,"1,2,3,4,5,6,7"
Merge_Q2511,"1,2,3,4,5,6"
Merge_Q2515,"1,2,3,4,5,6,7"
Merge_Q2516,"1,2,3,4,5,6,7"
Merge_Q2517,"1,2,3,4,5,6,7"
Merge_Q2519,"1,2,3,4,6,8"
Merge_Q2520,"1,2,3,4"
Merge_Q2523,6
Merge_Q2526,"1,2,3,4,5,6,7"
Merge_Q2527,"1,2,3"
Merge_Q2528,3
Merge_Q2533,"1,2,3,4,5,6,7,8,9,10"
Merge_Q2534,"1,2,3"
Merge_Q2536,"1,2,3,4,5,6,7,8,9,10,11"
Merge_Q2537,"1,2,3,4,5"
Merge_Q2539,"1,2,3,4,5,6,7,8,9,10,11,12,13,14,15,16,17"
Merge_Q254,"1,2,4,5,6,7,8,9,10,11"
Merge_Q2540,"1,2,3,4,5"
Merge_Q2542,"1,2,3,4"
Merge_Q2544,"1,2,3,4"
Merge_Q2548,"1,2,3,4,5,6"
Merge_Q2549,"1,2,3,4,5"
Merge_Q255,"1,2,3,4,5,6,7,8,9,10,11,12"
Merge_Q2550,"1,2,3,4,5"
Merge_Q2551,11
Merge_Q2552,"1,2,3"
Merge_Q2553,4
Merge_Q256,"1,2,3,4,5,6,7,10,11,14"
Merge_Q2566,6
Merge_Q2567,"1,2,3,4,5,6"
Merge_Q2568,"1,2,3,4,5,6"
Merge_Q2569,"1,2,3,4,5,6,7,8"
Merge_Q257,"1,2,3,4,5,6,7,8,9,10"
Merge_Q2579,"1,2,3,4,5,6"
Merge_Q258,"1,2,5,7,12,14,15"
Merge_Q2580,5
Merge_Q2582,"1,2,3,4,5,6"
Merge_Q2584,"1,2,3,4"
Merge_Q2585,"6,8,10"
Merge_Q2589,"1,2,3,4,5"
Merge_Q2593,"1,2,3,4,5,6,7,8,9,10"
Merge_Q2594,"1,2,3,4,5,6"
Merge_Q2595,"1,2,3,4,5,6,7"
Merge_Q2596,"1,2,3,4,5,6,7"
Merge_Q2597,"1,2,3,4,5,6,7"
Merge_Q26,"1,2,3,6,7,10,11,12"
Merge_Q260,"1,2,3,4,5,8"
Merge_Q2601,"1,2,3,4,5"
Merge_Q2606,"1,2,3,4,5,6"
Merge_Q2607,"1,2,3"
Merge_Q2608,"1,2,3,4,5"
Merge_Q2609,"1,2,3,4,5,6,7"
Merge_Q261,"1,2,3,4,5,6,7,8,9,12,13,14,15,16"
Merge_Q2614,"1,2,3,4,5,6"
Merge_Q2618,"1,2,3,4,5"
Merge_Q262,"1,2,3,4,5,6,7,8"
Merge_Q2621,"1,2,3,4,5"
Merge_Q2622,"1,2,3,4,5"
Merge_Q2625,"1,2,3,4,5,6,7"
Merge_Q263,"1,2,3,6,7"
Merge_Q2630,"1,2,3,4,5,6,7,8,10"
Merge_Q2632,10
Merge_Q2635,"1,2,3,4,5,6,7"
Merge_Q2636,"1,2,3,4"
Merge_Q2639,"1,2,3,4,5,6"
Merge_Q264,"1,2,3,4,7,8,9"
Merge_Q2641,"8,9,10"
Merge_Q2643,"1,2,3,4,5,6,7,8,9"
Merge_Q2645,4
Merge_Q265,"1,2,3,4,5,6,7,8,9,10,11,12,13,14"
Merge_Q2652,"1,2,3,4,5,6"
Merge_Q2653,"1,2,3,4,5"
Merge_Q2655,"1,2,3,4,5,6,7,8,9,10"
Merge_Q2657,"1,2,3,4,5,6,7,8,9"
Merge_Q266,"1,2,3,4,5,6,7,8,9,10,11,12,13,14,15"
Merge_Q2663,"1,2,3,4,5,6,7,8,9"
Merge_Q2668,4
Merge_Q2669,"1,2,3,4,5,6"
Merge_Q267,"1,2,3,4,5,6,9,10,11"
Merge_Q2670,"1,2,3,4,5,6"
Merge_Q2671,6
Merge_Q2672,"1,2,3,4,5,6"
Merge_Q2673,"1,2,3,4"
Merge_Q2678,"1,2,3"
Merge_Q268,7
Merge_Q2684,"1,2,3,4,5,6,7,8,9,10,11"
Merge_Q2686,"1,2,3,4,5,6"
Merge_Q269,"1,2,3,4,5,6,8,9,10,12,13"
Merge_Q2692,"1,2,3,4,5,6,7,8,9,10"
Merge_Q2695,5
Merge_Q2697,"1,2,3,4"
Merge_Q2699,4
Merge_Q27,"1,2,3,4,8"
Merge_Q2703,"1,2,3,4,5,6,7,8,9"
Merge_Q2704,"1,2,3,4,5,6,7"
Merge_Q2705,"1,2,3,4,5,6,7,8"
Merge_Q2709,"1,2,3"
Merge_Q2710,"1,2,3,4,5,6,7,10,11"
Merge_Q2711,"1,2,3,4,5,10"
Merge_Q2716,"1,2,3,4,5,6"
Merge_Q2717,"2,6"
Merge_Q2719,6
Merge_Q272,"1,2,3,4,7,8,11,12"
Merge_Q2722,"1,2,3"
Merge_Q2724,"1,2,4,5,6,7"
Merge_Q2725,"1,2,3,4,5,6"
Merge_Q273,"1,2,3,4,5,6,7,8,9,10,11,14,15,16"
Merge_Q2732,"1,2,3,4,5,6,7,8"
Merge_Q2733,8
Merge_Q2739,9
Merge_Q2741,9
Merge_Q2742,"1,2,3,4,5,6,7,8,9"
Merge_Q2744,11
Merge_Q2746,"1,2,3,4,5,6"
Merge_Q275,"1,2,3,4,5,8,9,10,11"
Merge_Q2750,"1,2,3,5,6,7,8,10"
Merge_Q2751,11
Merge_Q2753,"1,2,3,4"
Merge_Q2756,"1,2,3,4"
Merge_Q2757,"3,5,8"
Merge_Q276,"1,2,3,4,5,6,7"
Merge_Q2761,4
Merge_Q2763,"1,2,3,4"
Merge_Q2764,"1,2,3,4,5,6,7,8,9"
Merge_Q2766,"1,2,3,4,5,6"
Merge_Q2767,"1,2,3,4,5,6,7,8"
Merge_Q2770,"1,2,3,4"
Merge_Q2772,"1,2,3,4"
Merge_Q2773,"1,2,3,4,5,6,10"
Merge_Q278,"1,2,5,6,7,8,11,12"
Merge_Q2780,"1,2,3,4,5,6,7,8,9,10,11,12,13,14"
Merge_Q2783,"1,2,3,4"
Merge_Q2787,"1,2,3,4,5"
Merge_Q279,"1,2,3,4,5,6,7,11"
Merge_Q2790,"1,2,3,4"
Merge_Q2794,"1,2,3,4,5,6"
Merge_Q2795,6
Merge_Q2796,"1,2,3,4,5,6"
Merge_Q2798,3
Merge_Q2807,6
Merge_Q2808,"1,2,3,4,5,6,7,8"
Merge_Q281,"1,2,3,6,7,8,9,10,11"
Merge_Q2813,"1,2,3,4,5"
Merge_Q2814,"1,2,3,4,5,6,7,8"
Merge_Q2815,"1,2,3,4,5"
Merge_Q282,"1,2,3,4,7,8,9"
Merge_Q2820,"1,2,3,4,5,6,7,8,9"
Merge_Q2822,"1,2,3,4,5,6"
Merge_Q2823,"1,2,3,4"
Merge_Q2826,"1,2,3,4"
Merge_Q2828,"1,2,3"
Merge_Q2829,8
Merge_Q2831,"1,2,3,4,5,7,8,9,10,11,12"
Merge_Q2834,"1,2,3,4,5,6"
Merge_Q2836,"1,2,3,4,5,6,7"
Merge_Q2838,"1,2,3,4,5"
Merge_Q284,"1,2,3,6,7,8,9,12"
Merge_Q2840,"5,6"
Merge_Q2842,"3,5,10"
Merge_Q285,"1,2,3,4,5,8,9,10"
Merge_Q2851,"6,10"
Merge_Q2852,"1,2,3,4,5,6,7"
Merge_Q2854,"1,2,3,4,5,6,7,8"
Merge_Q2855,"1,2,3,5,6,7,8,9"
Merge_Q2856,"1,2,3,4,5,6"
Merge_Q2857,"1,2,3"
Merge_Q286,"1,2,3,4,5,6,9,10,11"
Merge_Q2860,"1,2,3,4"
Merge_Q2861,5
Merge_Q2863,"1,2,3,4,5,6"
Merge_Q2864,"1,2,3,4"
Merge_Q2865,"1,2,3,4,5,6,7,10"
Merge_Q2867,3
Merge_Q2868,"1,2,3"
Merge_Q287,"1,2,3,4,5,6,7,8"
Merge_Q2870,"1,2,3,4,5,6,7,8"
Merge_Q2877,"1,2,3"
Merge_Q288,"1,2,3,4,5,6,7,8,9"
Merge_Q2880,"1,2,3,4,5,6"
Merge_Q2882,"1,2,3,4,5,6,7"
Merge_Q2883,"1,2,3,4,5,6,7"
Merge_Q2884,"5,6,8"
Merge_Q2885,"1,2,3"
Merge_Q2886,5
Merge_Q2888,"1,2,3,4,5,6,7"
Merge_Q2889,3
Merge_Q2890,"1,2,3,4,5,6,7"
Merge_Q2891,"1,2,3,4,5,6"
Merge_Q2892,3
Merge_Q2896,"1,2,3,4,5,6,7"
Merge_Q2898,"1,2,3,4,5,7,8,9,10"
Merge_Q29,"1,2,5,6,7,8,9,10,13,14,15"
Merge_Q290,"1,2,3,4,5,6,7,8,9,10"
Merge_Q2900,"1,2,3,4,5"
Merge_Q2901,"1,2,3,4,5,6,7"
Merge_Q2904,6
Merge_Q2905,"1,2,3,4"
Merge_Q2908,"1,2,3,4,5"
Merge_Q291,"1,2,3,4,7,8,9,10,13,14,17,18,19,20,21"
Merge_Q2910,7
Merge_Q2911,"1,2,3,4,5,6"
Merge_Q2913,"1,2,3,4,5,6,7,8,9"
Merge_Q2917,"1,2,3,4,5,6,8"
Merge_Q292,"1,2,3,4,5,6,7,8,9,10,11,12,13,14"
Merge_Q2920,"1,2,3,4,5,6"
Merge_Q2921,"1,2,3,4,5"
Merge_Q2923,3
Merge_Q2925,"1,2,3,4"
Merge_Q2927,7
Merge_Q293,"1,2,3,4,5,6,7,10,11,12,17,18,19,20,21"
Merge_Q2930,"1,2,3,4,5,6,7,8,9,10"
Merge_Q2931,"4,6,8"
Merge_Q2933,9
Merge_Q2934,"1,2,3,4,5,6,7,8,9,10"
Merge_Q2935,"3,5"
Merge_Q2936,"1,2,3,4,5,6"
Merge_Q2938,"1,2,3,4,5,6,7,8,9"
Merge_Q2940,"1,2,3,4,5,6"
Merge_Q2947,5
Merge_Q295,"1,2,6,7,8,11,12,13,15,18,19"
Merge_Q2951,"1,2,3,4,5"
Merge_Q2953,"1,2,3"
Merge_Q2958,"1,2,3,4"
Merge_Q2959,"1,2,3,4"
Merge_Q2962,"1,2,3,4,5,6,7,8"
Merge_Q2964,"1,2,3,4,5,6,7"
Merge_Q2967,"1,2,3,4"
Merge_Q2969,5
Merge_Q297,"1,2,3,4,5,6,7"
Merge_Q2972,"4,6"
Merge_Q2973,"1,2,3,4,5,6,7,8,9"
Merge_Q2979,"1,2,3,4"
Merge_Q298,"1,2,3,4,5,6"
Merge_Q2982,"1,2,3,4,5,6"
Merge_Q2983,"1,2,3,4,5,6,7"
Merge_Q2984,"1,2,3,4,5,6,7,8,9"
Merge_Q2986,"5,6,8,10"
Merge_Q2988,"1,2,3,4,5,6,7,8,9,10,11"
Merge_Q299,"1,2,3,4,5,6"
Merge_Q2991,"1,2,3,4,5,6,7"
Merge_Q2997,"1,2,3,4,5,6,7"
Merge_Q2998,"1,2,3,4"
Merge_Q3,"1,2,3,4,5,6,7,8,9,10,11,12,13,14,15,16"
Merge_Q30,"1,2,3,4"
Merge_Q300,"1,2,3,4,5,6,7,8,9,10,11,12,13,14,15,16,17,18,19,20,21"
Merge_Q3000,"1,2,3,4,5,6,7,8,9,10,11"
Merge_Q3001,"1,2,3,4"
Merge_Q3002,"1,2,3,4,5,6,7,8,9,10"
Merge_Q3003,"1,2,3,4,5,6,7,8,9,10,12,13,14,15"
Merge_Q3005,8
Merge_Q3007,"1,2,3"
Merge_Q3008,"1,2,3,4,5,6,7"
Merge_Q3009,"1,2,3,4,5,6,7,8,9"
Merge_Q301,"1,2,3,4,5,6,7,8,11,12,13"
Merge_Q3012,"1,2,3,4"
Merge_Q3013,"1,2,3,4,5,6"
Merge_Q3014,"1,2,3,4,5,6,7,8,9,10,11,12,13,14"
Merge_Q3015,"1,2,3,4,5,6,7"
Merge_Q3016,"1,2,3,4"
Merge_Q3017,3
Merge_Q3019,"1,2,3,4,5,6,7"
Merge_Q302,"1,2,3,4,5,6,7,8,9,10,11,14,15"
Merge_Q3020,"1,2,3,4,5"
Merge_Q3023,"1,2,3,4,5,6,7"
Merge_Q3025,"1,2,3,4,5,6,7,8,9,10"
Merge_Q3026,"1,2,3,4,5,6,7,8"
Merge_Q303,"1,2,3,4,5,6,7,8,9,10,13,20,21"
Merge_Q3030,7
Merge_Q3031,"1,2,3,4,5,6,7,8,9,10"
Merge_Q3033,"1,2,3,4,5"
Merge_Q3034,6
Merge_Q3035,2
Merge_Q3036,"1,2,3,4,5,6,7,8"
Merge_Q3039,3
Merge_Q304,"1,2,3,4,5,6,7,8,11,12,15"
Merge_Q3041,"1,2,3,4"
Merge_Q3043,"1,2,3"
Merge_Q3044,"1,2,3,4,5"
Merge_Q3045,"1,2,3,4,5,6,7,8,9"
Merge_Q3048,"1,2,3,4,5,7,8,9"
Merge_Q305,"1,2,3,4,5,6,7,8,9,10,11,12,13"
Merge_Q3051,"1,2,3,4,5,6"
Merge_Q3052,6
Merge_Q3055,"1,2,3"
Merge_Q3058,"1,2,3,4,5,6"
Merge_Q306,"1,2,3,4,5,6,7,8,9,10,11"
Merge_Q3060,4
Merge_Q3063,"1,2,3,4"
Merge_Q3066,"1,2,3,4,5"
Merge_Q3067,"1,2,3,4,5,6"
Merge_Q3068,"1,2,3,4,5,6,7,8,9,10,11"
Merge_Q307,"1,2,3,4,7,8,9,12,13,14"
Merge_Q3070,"1,2,3,4,5,6,7,8"
Merge_Q3071,"1,2,3,4,5"
Merge_Q3072,"4,5,6"
Merge_Q3073,"1,2,3,4,5,6,7"
Merge_Q3077,"1,2,3,4"
Merge_Q3079,"1,2,3,4,5,6"
Merge_Q308,"1,2,3,6,7,10"
Merge_Q3082,"1,2,3,4"
Merge_Q3086,"1,2,3,4,5,6"
Merge_Q3088,"1,3,4,5"
Merge_Q3089,5
Merge_Q309,"1,2,3,4,5"
Merge_Q3091,"1,2,3,4,5,6,7"
Merge_Q3093,"1,2,3,4,5"
Merge_Q3095,"1,2,3,4,5"
Merge_Q3096,"1,2,3,4,5,6"
Merge_Q3099,"1,2,3,4,5,6,7"
Merge_Q31,"1,2,3,4,5,6,7,8,9"
Merge_Q310,"1,2,3,4"
Merge_Q3104,"1,2,3,4"
Merge_Q3105,"1,2,3,4,5,6,7,8"
Merge_Q311,"1,2,3,4,5,6,7,8,9,10,11,12,13,14,15"
Merge_Q3111,"1,2,3,4,10"
Merge_Q3116,"1,2,3,4,5,6,7"
Merge_Q3117,"1,2,3"
Merge_Q3118,"1,2,3,4,5,6"
Merge_Q312,"1,2,3,4,7,8,9,10,13,14,15"
Merge_Q3129,"1,2,3,4,5,10"
Merge_Q313,"1,2,3,4,5,6,7,8,10,11,12"
Merge_Q3132,"1,2,3,4,5,6"
Merge_Q3133,"1,2,4,8"
Merge_Q3134,"1,2,3,4,5,6,7"
Merge_Q3136,"1,2,3,4,5"
Merge_Q3138,7
Merge_Q3141,"1,2,3"
Merge_Q3143,"1,2,3,4,5"
Merge_Q3145,"1,2,3,4,5,6,7"
Merge_Q3146,"1,2,3"
Merge_Q3147,"1,2,3,4,5"
Merge_Q315,"1,2,3,4,5,6,7,8,9,10,11,12"
Merge_Q3152,"1,2,3,4,5"
Merge_Q3154,"1,2,4,5,6,7"
Merge_Q3155,"1,2,3,4"
Merge_Q3156,"1,2,3,4,5,6"
Merge_Q316,4
Merge_Q3161,"1,2,3,4,5,6,7,10"
Merge_Q3164,"1,2,3,4"
Merge_Q3165,"1,2,3,5,6"
Merge_Q317,"1,2,3,4,7,8,9,10,11,12,18,19,20,21"
Merge_Q3174,"8,10"
Merge_Q3175,"1,2,3,4,5,6"
Merge_Q3176,6
Merge_Q3179,"1,2,3"
Merge_Q3180,"1,2,3,4,5,6,7"
Merge_Q3184,"1,2,3,4"
Merge_Q3185,"1,2,3,4,5,6"
Merge_Q3187,"1,2,3,4,5,6,7,8"
Merge_Q319,"1,2,3,4,5,6,7,8,9,10"
Merge_Q3190,5
Merge_Q3192,"1,2,3,4,5,6,7"
Merge_Q3194,"1,2,3,5,7"
Merge_Q3195,"1,2,3,4,5,6,7"
Merge_Q3196,"1,2,3,4,5,6,7,8,9"
Merge_Q32,"1,2,3,4,5"
Merge_Q320,"1,2,3,5,6,7,8,9,10,11,12,13,14,15,16,17"
Merge_Q3201,3
Merge_Q3202,"1,2,3,5,6,7,8"
Merge_Q3205,"1,2,3,4,5,6"
Merge_Q3206,"1,2,3,4"
Merge_Q321,"1,2,3,4,5,6,7,8,9,10"
Merge_Q3210,"1,2,3"
Merge_Q3211,"1,2,3"
Merge_Q3212,"1,2,3,4,5"
Merge_Q3217,"1,2,3,4,6,7,8,10"
Merge_Q3218,"1,2,3,4,5"
Merge_Q322,"1,3,4,5,6,7,8,9,10"
Merge_Q3221,"4,6"
Merge_Q3223,"1,2,3,4"
Merge_Q3228,"1,2,3,4"
Merge_Q323,"1,2,3,4,5,6,9,10,13"
Merge_Q3230,"1,2,3,4,5,6,7,8,9,10"
Merge_Q3231,8
Merge_Q3238,5
Merge_Q324,"1,2,3,4,5,6,7,8,9,10,11"
Merge_Q3242,"1,2,3,4,5,6,7,8,9,10"
Merge_Q3243,5
Merge_Q3246,"1,2,3,4,5,6"
Merge_Q3247,"1,2,3,4,5,6,7,8,9,10"
Merge_Q3249,"1,2,3,4,5,6,7,8"
Merge_Q325,"1,2,3,4,5,6,7,8"
Merge_Q3250,"1,2,3,4,5,6"
Merge_Q3253,"1,2,3,4"
Merge_Q3261,2
Merge_Q3262,"1,2,3,4,5"
Merge_Q3269,"1,2,3,4"
Merge_Q327,"1,2,3,4,5,6,7"
Merge_Q3272,"1,2,3,4,5"
Merge_Q3274,7
Merge_Q3275,"1,2,3,4,5,6,7,8"
Merge_Q3278,"1,2,3,4,5"
Merge_Q3279,"1,2,3,4,5,6"
Merge_Q328,"1,2,3,4,5,6"
Merge_Q3280,7
Merge_Q3284,"1,2,3,4,5,6,7,8,9"
Merge_Q3285,"1,2,3,4,5,6,7,8,9,10"
Merge_Q3287,"1,2,3,4,5,6,7"
Merge_Q3288,4
Merge_Q3289,"1,2,3,4,5,6,7,8"
Merge_Q329,"1,2,3,4,7,8,9,10"
Merge_Q3294,"5,8"
Merge_Q3295,"1,2,3,4,5,6,7,10"
Merge_Q3296,"1,2,3,4,5,6,7,8,9"
Merge_Q3297,"1,2,3,5,6,7"
Merge_Q3299,"1,2,3,4,5"
Merge_Q330,"1,2,3,4,5,6,7,8,9,10"
Merge_Q3301,"1,2,3,4"
Merge_Q3305,"1,2,3,4,5,6,7"
Merge_Q3306,3
Merge_Q3310,"1,2,3,4,5,6"
Merge_Q3314,"1,3,4,5"
Merge_Q3316,"1,2,3,4,5,6,7"
Merge_Q3317,3
Merge_Q332,"1,2,3,4,5,6,7,8,11,12"
Merge_Q3320,8
Merge_Q3323,"5,6,8,10,11,13"
Merge_Q3324,3
Merge_Q3326,"1,2,3,4"
Merge_Q3327,"1,2,3,4,5,6,7,8,9,10,11,12,13"
Merge_Q3329,"1,2,3,4,5"
Merge_Q333,"1,2,5,6,9,10"
Merge_Q3330,"1,2,3,4,5"
Merge_Q3331,"1,2,3"
Merge_Q3333,"1,2,3,4,5,6"
Merge_Q3335,"1,2,3,4,5,6,7,8"
Merge_Q3336,"4,5,6"
Merge_Q3338,5
Merge_Q3339,"1,2,3,4"
Merge_Q334,"1,2,5,6,7,8"
Merge_Q3342,"1,2,3,4,6,7,8,9,10,11"
Merge_Q3343,"1,2,3,4,5,6,7"
Merge_Q335,"1,2,5,6,7,8,9,10"
Merge_Q3350,"1,2,3,4,5,6"
Merge_Q3351,"1,2,3,5,6,9"
Merge_Q3353,"1,2,3"
Merge_Q3359,"1,2,3,4,5,6,7"
Merge_Q336,"1,2,3,4,5,8,9,10,11,12,13,14,15"
Merge_Q3361,"1,2,3,4,5,7,8"
Merge_Q3362,"1,2,3,4,5,6,7,8"
Merge_Q3369,"1,2,3,4,5,6,7"
Merge_Q337,"1,2,3,6"
Merge_Q3370,"1,2,3,4,5,6"
Merge_Q3372,8
Merge_Q3374,4
Merge_Q3375,"1,2,3,4,5,6,7"
Merge_Q3377,"1,2,3,4"
Merge_Q3379,5
Merge_Q3380,"1,2,3"
Merge_Q3383,"1,2,3,4,5,6"
Merge_Q3384,"1,2,3,4"
Merge_Q3385,"1,2,3,4,5"
Merge_Q3386,"1,2,3,5,6,7,8"
Merge_Q3387,"1,2,3,4,5,6,7"
Merge_Q339,"1,2,3,4,5,6,7,8,9,10"
Merge_Q3390,"1,2,3,4,5,6,7,8"
Merge_Q3392,"1,2,3,4,5"
Merge_Q3394,"1,2,3,4,5,6,7,9"
Merge_Q34,"1,2,3,4,5,6,7,8,9,10,11,12,13,14,15,16"
Merge_Q3401,"1,2,3,6,7,8,9"
Merge_Q3404,"1,2,3,4,5,6"
Merge_Q3405,3
Merge_Q3406,"1,2,3,4"
Merge_Q341,"1,2,3,4,5,6,7,8"
Merge_Q3410,"1,2,3"
Merge_Q3412,"1,2,3,4"
Merge_Q3413,"1,2,3,4,5,6,7,8"
Merge_Q3415,"1,2,3,4,5,6,7,8,9,10"
Merge_Q3416,"1,2,3,4,5,6"
Merge_Q3417,"1,2,3,4,5,6,7,8"
Merge_Q342,"1,2,3,4,5,6,7,8"
Merge_Q3420,"1,2,3,4,5,6,7,10"
Merge_Q3421,"1,2,3,4,5,6"
Merge_Q3422,"1,2,3,4,5,6,7,8"
Merge_Q3426,"2,6,10"
Merge_Q3427,"1,2,3,4,5,6"
Merge_Q3429,"1,2,3,4,5,6"
Merge_Q343,"1,2,3,4,5,6,7,8,9,10,11,12,13,14,15,16,17"
Merge_Q3430,"1,2,3,4,5,6,7"
Merge_Q3432,6
Merge_Q3433,"1,2,3,4"
Merge_Q3435,"3,5,10"
Merge_Q3436,"1,2,3,4,5,6"
Merge_Q3438,"1,2,3,4,5,6,7"
Merge_Q344,6
Merge_Q3440,"1,2,3,4,5"
Merge_Q3441,"1,2,3,4"
Merge_Q3442,"1,2,3,4,5,6,7,8"
Merge_Q345,"1,2,5,6,7,8,9,10,11,14"
Merge_Q3450,"1,2,3,4,5,6,7"
Merge_Q3451,"1,2,3,4,5"
Merge_Q3453,"1,2,3,4,5"
Merge_Q3454,"1,2,3,4,5,6,7,8"
Merge_Q3455,"1,2,3,4,5,6,7"
Merge_Q3459,"1,2,3,4,5,6"
Merge_Q3461,"1,2,3,4,5,6,7"
Merge_Q3462,"1,2,3,4,5,6,8"
Merge_Q3465,"1,2,3,4,5,6,7"
Merge_Q3466,"1,2,3,4,5,6,8,9,10,11"
Merge_Q3467,"1,2,3,4,5,6,7"
Merge_Q347,"1,2,3,4,5,6"
Merge_Q3470,"1,2,3,4,5,6,11"
Merge_Q3472,"1,2,3,4,5,6,7"
Merge_Q3473,9
Merge_Q3474,"1,2,3,4"
Merge_Q3475,3
Merge_Q3478,"1,2,3,4,5,6,7,8"
Merge_Q348,7
Merge_Q3481,4
Merge_Q3484,"1,2,3,4,5,6"
Merge_Q3486,"1,2,3,4"
Merge_Q3487,"1,2,3,4,5,6,7"
Merge_Q3492,"1,2,3,4,5,6,7,8,9"
Merge_Q3495,"5,10"
Merge_Q3498,10
Merge_Q3499,3
Merge_Q350,"1,2,3,4,5,8"
Merge_Q3504,4
Merge_Q3506,"1,2,3,4,5,6,7"
Merge_Q3507,"1,2,3,4,6,7,8,9"
Merge_Q3508,"1,2,3,4"
Merge_Q3509,"1,2,3,4,5,6,7,8,9"
Merge_Q351,"1,2,3,4,5,6,7,8,9,10,11,12"
Merge_Q3511,"1,2,3,4,5,6"
Merge_Q3512,"8,10"
Merge_Q3516,"1,2,3,4,5,6,7,8"
Merge_Q3519,"1,2,3,4,5"
Merge_Q352,"1,2,3,4,7,8,9,12,13,14"
Merge_Q3520,"1,2,4,5,6,7,9"
Merge_Q3521,"1,2,3,4,5,6,7,8"
Merge_Q3522,"1,2,3"
Merge_Q353,"1,2,3,4,5,6,7,8,9"
Merge_Q3539,"3,8,9"
Merge_Q354,"1,2,3,4,5,8,9,10,11,12,13,14,15,18,19"
Merge_Q3547,"6,10"
Merge_Q355,"1,2,3,4,5,6,7,8,9,10,11,12,13,14,15"
Merge_Q3550,"4,6"
Merge_Q3553,11
Merge_Q356,"1,6,7,8"
Merge_Q3560,"3,7"
Merge_Q3561,3
Merge_Q3565,"5,7,10"
Merge_Q357,"1,2,3,4,7,8,9,12"
Merge_Q3570,"5,6,7,9,10"
Merge_Q358,"1,2,3,4,5,6,7,8,9,10,11,12"
Merge_Q3582,"6,10"
Merge_Q3583,6
Merge_Q3584,4
Merge_Q3587,3
Merge_Q3596,8
Merge_Q360,"1,2,3,4,5,6,7,8,11,12,13,14,15,20,21"
Merge_Q3601,4
Merge_Q3602,3
Merge_Q3604,3
Merge_Q3606,2
Merge_Q3609,2
Merge_Q361,"1,2,3,4,5,6,7,8"
Merge_Q3619,9
Merge_Q362,"1,2,3,4,7,8,9,10,13"
Merge_Q3624,4
Merge_Q363,"1,2,5"
Merge_Q3634,6
Merge_Q364,"1,2,5,6,7,8,9,10,11,12"
Merge_Q3647,9
Merge_Q3649,5
Merge_Q365,"1,2,3,4,7,8,11,12"
Merge_Q3650,3
Merge_Q3653,7
Merge_Q366,"1,2,3,4,5,6,7"
Merge_Q3662,5
Merge_Q3671,"5,6,10"
Merge_Q3672,"5,6,7,8,9,10"
Merge_Q3673,6
Merge_Q3676,6
Merge_Q3679,"5,10"
Merge_Q368,"1,2,3,4,5,6,7,8,9,10,11,12"
Merge_Q3680,"4,5,10"
Merge_Q3683,"5,10"
Merge_Q3688,10
Merge_Q369,"1,2,3,6,7,8,9,10,11,12,13"
Merge_Q3692,5
Merge_Q37,"1,2,3,4,5,6,7,8"
Merge_Q370,"1,2,3,4,5"
Merge_Q3704,"8,10"
Merge_Q3707,"3,5"
Merge_Q371,"1,2,3,4,5,6"
Merge_Q3715,4
Merge_Q372,"1,2,3,4,5,6"
Merge_Q3720,"5,7,10"
Merge_Q3727,"3,4"
Merge_Q3728,11
Merge_Q373,"1,2,3,4,5,6,7,8"
Merge_Q3742,"6,8,10"
Merge_Q375,"1,2,3,4,5,6,9,10"
Merge_Q3750,4
Merge_Q3751,3
Merge_Q3755,4
Merge_Q3756,"5,6"
Merge_Q376,"1,2,3,4,5,6,7,8,9,10"
Merge_Q3767,8
Merge_Q377,"19,20"
Merge_Q3771,3
Merge_Q378,"1,2,3,4,5,6,7,8,9,10,11,12,15"
Merge_Q3783,"1,2,3,4,5,6,8,9,10"
Merge_Q3784,"1,2,3,4,5"
Merge_Q3785,"1,2,3,4,5"
Merge_Q3786,"1,2,3,4,6,7,8,9,10,11"
Merge_Q3787,"1,2,4,5,7,8,9"
Merge_Q3789,"1,2,3,4,5,6,7,8,9,10"
Merge_Q3790,"1,2,3"
Merge_Q3791,"1,2,4,5"
Merge_Q3792,"1,2,3,4"
Merge_Q3793,"1,2,3,4,5,6"
Merge_Q3794,"1,2,3,4,5"
Merge_Q3795,"1,2,3,4,5,7,14"
Merge_Q3797,"1,2,3,4,5"
Merge_Q3798,"1,2,3,4"
Merge_Q38,"1,2,3,4,5,6,7,8,9,10,11,12"
Merge_Q3800,"1,2,3"
Merge_Q3801,"1,2,3,4,5,6,7,8,9,10,11,12,14,15,16"
Merge_Q3802,"1,2,3,4,5,6"
Merge_Q3803,"1,2,3,4,5,6,7,8,10,11,12,13,14"
Merge_Q3804,"1,2,3,4,5,6,7,8,9,10,11"
Merge_Q3805,"1,2,3,4"
Merge_Q3806,"1,2,3,4,5,6,7,8,9,10,11"
Merge_Q3807,"1,2,3,4,5,6"
Merge_Q3808,"1,2,3,4,5,6,7,8,9,10,11,12"
Merge_Q3809,"1,2,3"
Merge_Q381,"1,2,3,4,7,8,9,10,11,12,13"
Merge_Q3810,"1,2,3,4,5"
Merge_Q3811,"1,2,3,4,5,6,7"
Merge_Q3812,"1,2,3"
Merge_Q3813,"1,2,3,4,5,6,7"
Merge_Q3814,"1,2,3,4,5,6"
Merge_Q3815,"1,2,3,4"
Merge_Q3816,"1,2,3,4,5,6,7,8,9"
Merge_Q3817,"1,2,3,4,5,6,7,8,9,10,11,12,13,15"
Merge_Q3818,"1,2,3,4,5,6,7,9,10,11,12,13"
Merge_Q3819,"1,2,3,4,5,7,8,9"
Merge_Q382,"1,2,3,4,5,6,9,10,11"
Merge_Q3820,"1,2,3,4,5,6,7,8,10,11"
Merge_Q3821,"1,2,3,4,5"
Merge_Q3822,"1,2,3,4,5,6,7,8,9"
Merge_Q3823,"1,2,3,4,5,6,7,8,9"
Merge_Q3824,"1,3"
Merge_Q3825,"1,2,3,4,5"
Merge_Q3826,"1,2,3,4,5,6,8,9,10,14"
Merge_Q3827,"1,2,3,4"
Merge_Q3828,"1,2,3,4,5,6,7"
Merge_Q3829,"1,2,3,4"
Merge_Q383,"1,2,3,4,7"
Merge_Q3831,"1,2,3,4,5,6,7"
Merge_Q3832,"1,2,3"
Merge_Q3833,"1,2,3,4,5,6,9,10"
Merge_Q3834,"1,2,3,4"
Merge_Q3835,"1,2,3,4,5"
Merge_Q3836,"1,2,3,4,5,6,7,8,9,10,11,12,13,14,15"
Merge_Q3837,"1,2,3,4,5"
Merge_Q3838,"1,2,3,4,5,6,7"
Merge_Q3839,"1,2,3,4,5"
Merge_Q384,"1,2,3,4,5,6,7,8,9,10,11"
Merge_Q3840,"1,2,3,4,5,6,7"
Merge_Q3841,"1,2,3,4,6,7,8,9"
Merge_Q3842,"1,2,3,9"
Merge_Q3843,"1,2,3,4,5,6,8,9"
Merge_Q3844,"1,2,3,4,5,6,7"
Merge_Q3845,"1,2,3,4,5,6,7,8"
Merge_Q3846,"1,2,3,4,5,6"
Merge_Q3848,"1,2,3,4,5,6,7,8,9"
Merge_Q3849,"1,2,3,4,5,6,7,8,9,10,11,12"
Merge_Q3850,"1,2,3,4,6"
Merge_Q3851,"1,2,3"
Merge_Q3852,"1,2,3"
Merge_Q3853,"1,2,3,4,5,6,7,8,9,10"
Merge_Q3854,"1,2,3,4,5,6"
Merge_Q3855,"1,2,3,4"
Merge_Q3857,"1,2,3,4,5"
Merge_Q3858,"1,2,3,4"
Merge_Q3860,"1,2,3"
Merge_Q3861,"1,2,3"
Merge_Q3862,"1,2,3,4"
Merge_Q3863,"1,3,4"
Merge_Q3864,"1,2,3"
Merge_Q3865,"1,2,3,4,6,7"
Merge_Q3866,"1,2,3,4,5,6,7"
Merge_Q3867,"1,2,3"
Merge_Q3868,"1,2,3"
Merge_Q3869,"1,2,3,4"
Merge_Q3870,"1,2,3,4"
Merge_Q3871,"1,2,3,4,5"
Merge_Q3872,"1,2,3,4,5"
Merge_Q3873,"1,2,3,4,5,7,8,9,10,11"
Merge_Q3874,"1,2,3,4"
Merge_Q3875,"1,2,3,4,5,6,7,8,9"
Merge_Q3876,"1,2,3,4,5,6,7,8"
Merge_Q3877,"1,2,3,4,5,6,7,8,9,10,11"
Merge_Q3878,"1,2,3,4,5,6,7"
Merge_Q3879,"1,2,3,4,5,6,7,8,9"
Merge_Q3881,"1,2,3"
Merge_Q3882,"1,2,3,4,5,6,7"
Merge_Q3883,"1,2,3,4,5,6,7,8"
Merge_Q3884,"1,2,3,4"
Merge_Q3885,"1,2,3"
Merge_Q3886,"1,2,3,4,5,6,7,11"
Merge_Q3887,"1,2,3"
Merge_Q3888,"1,2,3,4,5,6,7,8,10,11"
Merge_Q3889,"1,2,3,5,6,7,8,9,10"
Merge_Q389,"1,2,3,4,5,6,7,8"
Merge_Q3892,"1,2,3"
Merge_Q3894,"1,2,3,4,5,6,7,8,9,10,11,12,13"
Merge_Q3895,"1,2,3,4,5,6"
Merge_Q3896,9
Merge_Q3897,"1,2,3"
Merge_Q3898,"1,2,3,4,9"
Merge_Q3899,"1,2,3,4,5,6,7"
Merge_Q39,"1,2,3,4,5"
Merge_Q3901,"1,2,3"
Merge_Q3902,"1,2,3,4,5,6,7,8,9,10"
Merge_Q3903,"1,2,3,4,5,6,7,8"
Merge_Q3904,"1,2,3,4,5,6,7"
Merge_Q3905,"1,2,3,4,5"
Merge_Q3906,"1,2,3,4,5"
Merge_Q3907,"1,2,3,8,9,14"
Merge_Q3908,"1,2,3"
Merge_Q3909,"1,2,3,4,5,6"
Merge_Q391,"1,2,3,4,7,8,9,10,11,12,13,14,15,16,17"
Merge_Q3910,"1,2,3,4"
Merge_Q3911,"1,2,3,4,5,6,7"
Merge_Q3912,"1,2,3,4,5,6,7,8"
Merge_Q3913,"1,2,3,4"
Merge_Q3914,"1,2,3,4,5,6,7,8,9,11,12,13,14"
Merge_Q3915,"1,2,3,4"
Merge_Q3916,"1,2,3,4,5"
Merge_Q3917,"1,2,3,4,5,6"
Merge_Q3918,"1,2,3,4,5,6,7,8,9"
Merge_Q3919,"1,2,3,4,5,6,7,8,9,10,11,12,13,14,15"
Merge_Q3920,"1,2,3,4,5,6,7"
Merge_Q3921,"1,2,3,5,6,7,9,10,11"
Merge_Q3922,"1,2,3,4,5,6,7"
Merge_Q3924,"1,2,4,5,6,7,15"
Merge_Q3925,1
Merge_Q3926,"1,2,3,4,5,7,8"
Merge_Q3927,"1,2,3,4,5,6,8,9,10,11"
Merge_Q3928,"1,2,3,4,5,6,7,8,9"
Merge_Q3929,"1,2,3"
Merge_Q3930,"1,2,4"
Merge_Q3931,"1,2,3"
Merge_Q3932,"1,2,3,4,5,6,7,8"
Merge_Q3933,"1,2,4,5,6,10"
Merge_Q3934,"1,2,3,4,5,6,8,9"
Merge_Q3935,"1,2,3,4,5,6,7"
Merge_Q3936,"1,2,3,4,5,6,7,8,9,10,11,12,13,14"
Merge_Q3937,"1,2,3,5,6,7,9"
Merge_Q3939,"1,2,3,4,5,6,7,8,9,11,12"
Merge_Q394,"1,2,5,6,7,8"
Merge_Q3940,"1,2,3,4,5"
Merge_Q3941,"1,2,3,4,5,6,7"
Merge_Q3942,"1,2,3,4,5"
Merge_Q3943,"1,2,3,4,5,6,8,9,10,11"
Merge_Q3944,"1,2,3"
Merge_Q3945,"1,2,3,4,5"
Merge_Q3946,"1,2,3,4"
Merge_Q3947,"1,2,3,4,5,6,7,8"
Merge_Q3948,"1,2,3,4,5"
Merge_Q3949,"1,3,4"
Merge_Q395,"1,2,3,4"
Merge_Q3950,"1,2,3,4,5,6,7,8"
Merge_Q3951,"1,2,3"
Merge_Q3952,"1,2,3"
Merge_Q3953,"1,2,3,4,5,6,7,8,9"
Merge_Q3954,"1,2,3"
Merge_Q3955,"1,2,3,4"
Merge_Q3956,"1,2,3,4,5,6,7"
Merge_Q3957,"1,2,3,4,5,6,7,8,9,10,11"
Merge_Q3958,"1,2,3,4,5"
Merge_Q3959,"1,2,3"
Merge_Q396,"1,2,3,4,5,6,7,8,9"
Merge_Q3960,"1,2,4"
Merge_Q3961,"1,2,3,4,5,6,7,8,9,10,11"
Merge_Q3962,"1,2,3,4,5,6,7,8,9,10"
Merge_Q3963,"1,2,3,4,5,6"
Merge_Q3964,"1,2,3,4,5,6,7,8,9"
Merge_Q3965,"1,2,3"
Merge_Q3966,"1,2,3,4,5,6,7,8"
Merge_Q3967,"1,2,3,4"
Merge_Q3968,"1,2,3,4,5"
Merge_Q3969,"1,2,3,4,5,6,7,8,10,11,12"
Merge_Q397,"1,2,7,8,9,10"
Merge_Q3970,"1,2,3,4,5,6,7,8,9,11,12,13,14"
Merge_Q3971,"1,2,3,4,5,6,7,8,9,10,11,12"
Merge_Q3973,"1,2,3"
Merge_Q3974,"1,2,3,5,9"
Merge_Q3975,"1,2,3,4"
Merge_Q3976,"1,2,3,4,5,6,7"
Merge_Q3977,"1,2,3,4,5,6,9"
Merge_Q3978,"1,2,3"
Merge_Q3979,"1,2,3,4,5,6,7,8,10,11,12,14,15,16"
Merge_Q3980,"1,2,3,4,5"
Merge_Q3981,"3,8,12"
Merge_Q3982,"1,2,3,4,5,6,7,8,9,10,11,12"
Merge_Q3983,"1,2,3,4,5"
Merge_Q3984,"1,2,3,4,5,6,7,8,9,10,11,12,13,14,15"
Merge_Q3985,"1,2,3,4,5,6,7,9,10,11"
Merge_Q3986,"1,2,3,4,5,6"
Merge_Q3987,"1,2,3,6"
Merge_Q3989,"1,2,3,4,6,7"
Merge_Q399,"1,2,3,4,5,6,7,8,9,10,11,12,13,14"
Merge_Q3990,"1,2,3"
Merge_Q3991,"1,2,3,4,5,6"
Merge_Q3992,"1,2,3,4,5,6,7,8,9,10"
Merge_Q3993,"1,2,3,4,5,6,7,8"
Merge_Q3994,"1,2,3,4,5,6,7"
Merge_Q3995,"1,2,3,4,5"
Merge_Q3996,"1,2,3,4,5,6,7,8,9,10,11,13,14,15"
Merge_Q3997,"1,2,3,4,5"
Merge_Q3998,"1,2,3,4,5,8,9"
Merge_Q3999,"1,2,3,4,5"
Merge_Q4,"1,2,3,4,5"
Merge_Q40,"1,2,3,4,5,6,7"
Merge_Q400,"1,2,3,4,5,6,7,8,9,10,11,12,13,14"
Merge_Q4000,"1,2,3,4"
Merge_Q4001,"1,2,3,4"
Merge_Q4002,"1,2,3,5,6,7,8"
Merge_Q4004,"1,2,3,4,5,6"
Merge_Q4005,"1,2,3,4,5,6"
Merge_Q4006,"1,2,3"
Merge_Q4007,"1,2,3,4,5,6,7,8,9,10,11"
Merge_Q4008,"1,2,3"
Merge_Q4009,"1,2,3,4,5,6,7,8,9,10"
Merge_Q4010,"1,2,3,4,5,7,9"
Merge_Q4011,"1,2,3"
Merge_Q4012,"1,2,3,4,5,6"
Merge_Q4013,"1,2,3,4,5"
Merge_Q4015,"1,2,3,4,5,6,7,8,9,10,11"
Merge_Q4016,"1,2,3,4,5,6,7,8"
Merge_Q4018,"1,2,3,4,6,7,8,9,10"
Merge_Q4019,"1,2,3,4,5,6,7,8,9,11,12,13,14,15"
Merge_Q4020,"1,2,3,4,5,6,7,8,9,10"
Merge_Q4021,"1,2,3,4"
Merge_Q4022,"1,2,3,4,5,6,7,8,9,10,11,12"
Merge_Q4023,"1,2,3,4,6,7"
Merge_Q4024,"1,2,3,4,7,8,9,10,11"
Merge_Q4025,"1,2,3"
Merge_Q4026,"1,2,3,4,5,6,7"
Merge_Q4027,"1,2,3,4,5,6"
Merge_Q4028,"1,2,3,4,5,6,7,8,9,10,11,12"
Merge_Q4029,"1,2,3,4,5,6"
Merge_Q4030,"1,2,3,4,5,6,7"
Merge_Q4032,"1,2,3,4,5,6,7,8,9,10,11,12"
Merge_Q4033,"1,2,3,4,5,6,7"
Merge_Q4034,"1,2,3,4,5,6,7,8,9,10"
Merge_Q4035,"1,2,3,4,5,6,7,8"
Merge_Q4036,"1,2,3,4"
Merge_Q4037,"1,2,3,4"
Merge_Q4038,"1,2,3,4,5,6,7,8,9,10,11"
Merge_Q4039,"1,2,3"
Merge_Q404,"1,2,3,4,5,6,7,8,9,10,11,12,13,14,15"
Merge_Q4040,"1,2,3,4,5,6,7,8,9,10,11,12,13,14"
Merge_Q4041,"1,2,4"
Merge_Q4042,"1,2,3"
Merge_Q4043,"1,2,3"
Merge_Q4044,"1,2,3,4,5"
Merge_Q4045,"1,2,4"
Merge_Q4046,"1,2,3,4,5,6,8,9,10,11"
Merge_Q4047,"1,2,3"
Merge_Q4048,"1,2,3,4"
Merge_Q4049,"1,2,3,4,5,6,7"
Merge_Q405,"1,2,3,6,7,8,9,10,11,12"
Merge_Q4050,"1,2,3,4,5"
Merge_Q4051,"1,2,3,4,5,6,7,8"
Merge_Q4052,"1,2,3,4,6,7,8,9"
Merge_Q4053,"1,2,3,4,5,8,9,10"
Merge_Q4054,"1,2,4,5"
Merge_Q406,"1,2,3,4,5,6,7,10,11,12,13,14,15,18"
Merge_Q408,"1,2,3,4,5,6,7,8,9"
Merge_Q409,"1,2,3,4,7,8,9,10,11,12,13,14,15,16,17,20"
Merge_Q410,"1,2,3,4,5,6,7,8,9,10"
Merge_Q412,"1,2,3,4,5,6,7,8"
Merge_Q413,"1,2,3,4,5,6,7,8,9,10,11,12,13,14,15"
Merge_Q414,"1,2,3,4,5,6,7"
Merge_Q415,"1,2,3,4,5,6,7,8,9,12"
Merge_Q417,"1,2,3,4,5,6,7,8"
Merge_Q418,"1,8,9,10"
Merge_Q42,"1,2,4,5,6,9,10,12,13,14"
Merge_Q420,"1,2,3,6,7,8,9,12,13"
Merge_Q421,"1,2,3,4,5,6,7,8,9,10,11,12,13"
Merge_Q422,"1,2,3,4,5,6,7,8,9"
Merge_Q423,"1,2,5"
Merge_Q424,"1,2,5,6,7,8,11,12"
Merge_Q425,"1,2,3,4,5,6,7,10"
Merge_Q426,"1,2,3,4,9,10,12,13,14,15"
Merge_Q427,"1,2,3,4,5,6,7,8,9,10"
Merge_Q429,"1,2,3,4,5,6,7,8,11,12,13"
Merge_Q43,"1,2,3,4,5,8,9"
Merge_Q430,"1,2,3,4,5,8,11"
Merge_Q431,"1,2,3,4,5,6,7,8,9,10,11,12"
Merge_Q432,"1,2,3,4,5,6,7,8,9,10,11,12,13,14,15,16,17,18,19,20,21"
Merge_Q433,"1,2,3,4,5,6,7,8,9,10"
Merge_Q434,"1,2,3,5,6,7,8,9"
Merge_Q435,"1,2,3,4,5,8,9,10,11"
Merge_Q436,"1,2,3,4,5,8,9,10"
Merge_Q437,"1,2,3,4,5,6,7,8,9,10,11,12"
Merge_Q438,"1,2,3,4,5,6,7,8,9,10,11,12"
Merge_Q44,"1,2,3,6,7,8,9,10,11,12"
Merge_Q440,"1,2,3,4,5,6,7,8,9,10,11"
Merge_Q441,"1,2,3,6,7,10,11"
Merge_Q443,"1,2,5,6,9,10,11,12,13,14,17,18"
Merge_Q444,"1,2,3,4,5,6,7,8,9,10,11"
Merge_Q445,"1,2,3,4,5,6,7,8,9,10,11,12"
Merge_Q446,"1,2,3,6,7,8"
Merge_Q447,"1,2,3,4,5,6,7,8,9,10,11"
Merge_Q448,"1,2,5,6,7,10,11"
Merge_Q449,"1,2,3,4,5,6,7,8,9,10,11,12,13,14,15"
Merge_Q45,"1,2,3,4,5,6,7,8,9,10,11,12"
Merge_Q450,"1,2,3,4,5,6,7,8,9,10,11,12,13,14"
Merge_Q451,"1,2,3,4,5,8,9"
Merge_Q452,"1,4,5,6,7,8,9,10,13,14,17,18"
Merge_Q453,"1,2,3,4,5,6"
Merge_Q454,"1,2,3,4,5,6"
Merge_Q457,"1,2,3,4,5,6,7,8,9,10"
Merge_Q458,"1,2,3,4"
Merge_Q459,"1,2,3,4,5,6,7,8"
Merge_Q46,"1,2,3,4,5,6,7"
Merge_Q463,"1,2,3,4,5,6,7,8,9,10"
Merge_Q465,"1,2,3,6,7,8,9"
Merge_Q466,"1,2,3,4,5,6,7,8,9,12,13,14,15"
Merge_Q468,"1,2,3,4,5,6,7,8,9,10,11"
Merge_Q469,"1,2,3,4,5,6,7,8,9,10,11,12,13,16,17"
Merge_Q47,"1,2,3,4,5,6,7,8,9"
Merge_Q470,"1,2,3,4,5,6,7,8,9,10,11"
Merge_Q471,"1,2,3,4,5,6,7,8,9,10,11,12,13,14,15"
Merge_Q474,"1,2,3,4,5,6,7,10,11"
Merge_Q478,"1,2,3,4,5,6,7,8,9,10,11,12,13,14,15,16,17"
Merge_Q479,"1,2,3,4,5,6,7,8"
Merge_Q480,"1,2,3,4,5,6,9,10,11,12,15,16"
Merge_Q481,"1,2,3,4,5,6"
Merge_Q482,"1,2,3,4,5,6,8,9,11,12,13,14,15,16,17"
Merge_Q483,"1,2,3,6,7"
Merge_Q484,"1,2,3,4,5,6,7,8,9,10,13,14,15,16"
Merge_Q485,4
Merge_Q486,"1,2,3,4,5,6,7,8,9,12,13,14"
Merge_Q487,"1,2,3,4,5,6,7,8,9,10,11,12"
Merge_Q488,"1,2,3,4,5,6,7,8,9,10,11,12,13,14,15,16,17,18,19"
Merge_Q489,"1,4,5,6"
Merge_Q49,"1,2,3,6,7,8,9,10,13,14"
Merge_Q491,"1,2,3,4,5,6,7,10,11"
Merge_Q492,"1,2,3,4,5,6,7,9,10,11,12,13,16,17,18"
Merge_Q494,"1,2,3,4,5,6,7,8,9,10,11,12"
Merge_Q495,"1,2,3,6,7,8,9,10,11"
Merge_Q496,"1,2,3,4,5,6,7,8,9,10,11,12"
Merge_Q498,"1,2,3,4,5,6,7,8"
Merge_Q5,7
Merge_Q50,"1,2,3,6,7,8,9,10"
Merge_Q500,"1,2,5,6,7,8,9,10,13"
Merge_Q501,"1,2,4,7"
Merge_Q502,"1,2,3,6,7,8"
Merge_Q503,7
Merge_Q504,"1,2,3,4,7,8,9,11"
Merge_Q507,"1,2,3,4,5"
Merge_Q508,"1,2,3,6"
Merge_Q51,"1,2,3,4,5,8,9,10,11,12"
Merge_Q512,"1,2,3,4,7,8,9,10,11,12,13,14,15,16"
Merge_Q513,"1,2,3,4,5,8,9,10,11,15,16,17,18,19,20"
Merge_Q514,"1,2,3,4,5,6,7,8,9,10,11,12"
Merge_Q515,"1,2,3,4,5,8"
Merge_Q516,"1,2,3,4,7,8,9,10,11,12"
Merge_Q517,"1,2,3,4,5,6,7,8,9,10"
Merge_Q518,"1,2,3,4,5,6,7,8,9"
Merge_Q519,"1,2,3,4,5,8,9,10,11,12"
Merge_Q52,"1,2,3,4,8,9,10,11,12,13,14"
Merge_Q520,"1,2,3,4,5,6,7,8,9,10"
Merge_Q521,8
Merge_Q522,"1,4,5,6"
Merge_Q523,"1,4,5,7,8,9"
Merge_Q524,"1,2,3,6,7,10,11"
Merge_Q526,"1,2,3,4,5,6"
Merge_Q527,"1,2,3,4,5,6,7,8,11"
Merge_Q528,"1,2,3,4,5,6,7,8,9,10,11,12"
Merge_Q529,"1,2,3,6,7,10"
Merge_Q530,"1,2,3,4,5,6,7,8,9,10,11"
Merge_Q531,"1,2,3,4,5,6,7,8,9,10,11,12"
Merge_Q532,"1,2,3,4,5,6,7,8,9,10,11,12"
Merge_Q533,"1,2,3,4,5,6,7,8,9,10,11"
Merge_Q534,"1,2,4,5,6,7,10"
Merge_Q535,"1,2,3,4,5,6,7,8,9,10,11"
Merge_Q536,"1,2,3,4,5,6,9,10,11,16,17,18"
Merge_Q537,"1,2,3,4,5,6,7,8,9,10,11,12,13"
Merge_Q538,"1,2,3,4,5,6,9,10"
Merge_Q539,"1,2,3,6,7,8,11,12,13,14,15"
Merge_Q54,"1,2,3,4,5,6,7,8,9,10,11,12,13,14"
Merge_Q540,"1,2,3,4,5,6,7,8,9"
Merge_Q542,"1,2,3,4,5,6,7"
Merge_Q543,"1,2,3,4,5,6,7,8,11,12"
Merge_Q544,"1,2,3,4,5,6,7,8,9,10,11"
Merge_Q545,"1,2"
Merge_Q546,"1,2,3,4,5,6,7,8,9,10,11,12,13,14,15"
Merge_Q548,"1,2,3,4,5,6,8,9,10,11,12,13"
Merge_Q549,"1,2,5,6,7,8,9,10,12"
Merge_Q55,"1,2,5,6,7,8,9,10"
Merge_Q550,"1,2,3,4,5,6,7,8,9,10,11,12"
Merge_Q551,"1,2,3,6,7,8,9,10,11,14"
Merge_Q552,"1,2,3,4,5,8,9,10"
Merge_Q553,"1,2,3,4,5,6,7"
Merge_Q554,3
Merge_Q555,"1,2,3,4,5,6,7,8,9,12,13,16"
Merge_Q558,"1,2,3,4,5,6,7,8"
Merge_Q559,"1,2,3,8,9,10"
Merge_Q56,"1,2,3,4,5,6,7,8,11,12"
Merge_Q560,"1,2,3,4,5,6,7,8,9,10,11,12,13,14,15,16,17,18,19,20,21"
Merge_Q561,2
Merge_Q568,"1,2,3,4,5,6,7,8,9,10,11"
Merge_Q569,"1,2,3,4,5,6,7,8,9,10,11,12,13,14,15,16,17"
Merge_Q57,"1,2,3,4,5,6,7,8,9,10"
Merge_Q570,"1,2,3,4,5,6,7,8"
Merge_Q571,"1,2,3,4,5,6,7,10,11"
Merge_Q572,"1,2,3,4,5,6,7,8,9,10,11"
Merge_Q573,"1,2,3,6,7,8,9,10,11,12"
Merge_Q576,"1,2,3,4,5,8,9,10,13,14,16"
Merge_Q577,"1,2,3,4,5,6,7,10,11,12"
Merge_Q579,"1,2,3,4,5,6,7,8,11,12,13"
Merge_Q58,"1,2,3,4,5,6,7,8,9,10"
Merge_Q580,"1,2,3,4,5,6,7,8,9,10,11"
Merge_Q581,"1,2,3,4,7,8,9,10,11,12"
Merge_Q582,"1,2,3,4,5,6,7,8,9,10"
Merge_Q583,"1,2,3,4,5,6,7,8,9,20,21"
Merge_Q584,"1,2,3,4,5,6,7,8,9,10,12,13,14,15,16,17,20,21"
Merge_Q585,"1,2,3,4,5,6,7,8,9,10"
Merge_Q586,"1,2,3,4,5,6,9,10"
Merge_Q587,"1,2,3,6"
Merge_Q588,"1,2,3,4,5,8,9,14,15,16,17,18,19,20"
Merge_Q589,"1,2,3,4,5,6,7,8,11,12"
Merge_Q590,"1,2,3,4,7,8,9,10,11,12,13,16,21"
Merge_Q591,"1,2,3,6,7,8,9"
Merge_Q592,"1,2,3,4,5,6,9,10,11,12,13"
Merge_Q594,"1,2,3,4,5,8,11,12,13"
Merge_Q595,"1,2,3,4,5,6,7,8,9,10,11,12,13"
Merge_Q596,"1,2,3,4,5,6"
Merge_Q597,"1,2,3,4,5,6,7,10,11,12,13,14"
Merge_Q598,"1,2,3,4,6,8,11"
Merge_Q599,"1,2,3,4,5,6,7,8,9,10"
Merge_Q6,"1,2,3,4,5,6,7"
Merge_Q60,"1,4,5,6,9,10,11,12,13"
Merge_Q600,"1,2,3,4,5,6,7,8,9,10,11,12,13"
Merge_Q602,"1,2,3,4,5,6,7,8,9,10,11"
Merge_Q603,"1,4,5,7,10,12"
Merge_Q604,"1,2,3,8,9,10,11"
Merge_Q605,"1,2,3,4,5,6,7,8,9,10,11,12,13,14,15,16,17,18,19,20"
Merge_Q606,"1,2,3,4,5,6,7,8,9,10,11,12,13,14,15"
Merge_Q607,"1,2,3,4,5,6,7,8,11"
Merge_Q61,"1,2,3,4,5,6,7,8,9,10,13,14,15"
Merge_Q611,"1,2,5,6,9,10"
Merge_Q612,"1,2,3,4,5,6,7,8,9,10"
Merge_Q614,"1,2,3,4,7,8,9,10,11,14,15"
Merge_Q615,"1,2,3,4,7,10,11"
Merge_Q616,"1,2,3,4,6,7,8,9,10,13,14,15,18,19,20"
Merge_Q617,"1,2,3,4,5,6,7"
Merge_Q618,"1,2,3,4,5,6,7,8,9,10,11,12,13,14"
Merge_Q619,"1,2,3,4,5,6,11,12,13,14,15,16,17"
Merge_Q62,"1,2,3,6,7,10"
Merge_Q621,"1,2,3,4,5,6,7,8,11,12,13,14"
Merge_Q622,"1,4,7,10"
Merge_Q623,"1,2,3,4,5"
Merge_Q624,"1,2,5,6,7,8,9"
Merge_Q626,"1,2,3,4,5,7,8,9,10,11,12,13,14,15"
Merge_Q627,"1,2,3,4,5,6,7,8,9,10,11,12"
Merge_Q629,"1,2,3,4,5,6,7,8,9,10,11,12"
Merge_Q630,"1,2,3,4,5,6,7,8,9,10,11,12"
Merge_Q631,"1,2,3,4,5,6,7,8,9,10,11,12,13,14,15"
Merge_Q632,"1,2,3,4,5,6"
Merge_Q634,"1,2,3,4,8,11,12,13,14,15"
Merge_Q635,"1,2,5,7"
Merge_Q636,"1,2,3,4,5,6,9,10"
Merge_Q637,"1,2,3,4,5,6"
Merge_Q639,"1,2,3,4,5,6,7,8,9,10,13,14"
Merge_Q64,"1,2,5"
Merge_Q641,"1,2,3,4,5,6,9,10,11,12,13,14,17"
Merge_Q644,"1,2,3,4,5,6"
Merge_Q645,"1,2,3,4,5,6"
Merge_Q646,8
Merge_Q65,4
Merge_Q650,"1,2,3,4,5,6,7,8,9,10,11,14,15"
Merge_Q651,"1,2,3,4,5,8"
Merge_Q652,"1,2,5,8,9,10"
Merge_Q653,"1,2,3,6,7,8"
Merge_Q654,"1,2,3,4,7,8,9,10,11,14,15"
Merge_Q656,"1,2,3,4,5,6,7,8,10,13"
Merge_Q657,"1,2,3,4,5,6,9,10,11,12"
Merge_Q658,"1,2,3,4,5,6,9,10,11,12,13,14"
Merge_Q659,"1,4,5,6,7,10"
Merge_Q66,"1,2,3,4,7,8,9,10,13,14,15"
Merge_Q660,"1,2,3,5,6,7,8,9,10,11,12"
Merge_Q661,"1,2,3,4,5,6,7,9,10,11,12,13,14,15,16"
Merge_Q662,"1,2,3,4,5,6,7,8,9,10,11,12,13,16"
Merge_Q663,"1,2,3,4,5,6,7,8,9,10,11,12,13,14,15,18"
Merge_Q665,"1,2,3,4,5,8,9,10,13,14,15"
Merge_Q666,"1,2,3,4,5,6,7,8,9"
Merge_Q667,"1,2,3,4,5,6,7,8,9,10"
Merge_Q668,"1,2,3,4,5,6,7,8"
Merge_Q669,"1,2,3,4,7,8,9,10,11"
Merge_Q67,"1,2,3,4,5,6,7,8,9,10,11,12,13,14,15,16,17,18,19"
Merge_Q670,"1,2,5,6"
Merge_Q671,"1,4,5,8,9"
Merge_Q673,"1,2,3,4,5,6,7,8,9,10,11,12,13,14"
Merge_Q674,"2,3,4,5"
Merge_Q676,"1,2,3,4,5,6,7"
Merge_Q678,"1,2,5,6,7,8,9,12,13,14,15,16,19,20"
Merge_Q679,"1,2,3,6"
Merge_Q68,"1,2,3,4,8,9,10,13"
Merge_Q680,"1,4,5,6,7,8,9,10,12,13,16,17,18,19,20,21"
Merge_Q681,"1,2,3,4,6,7,8,9,10,11,12,13,14"
Merge_Q683,"1,2,3,4,5,6,7,8,9,10"
Merge_Q685,"1,2,3,4,5"
Merge_Q686,"1,2,3,4,5,6,7,8,9,10,11"
Merge_Q688,"1,2,3,4,7,8,9,12"
Merge_Q689,"1,2,3,4,5,6"
Merge_Q69,"1,2,3,4,5,6,7,8,9,12,13"
Merge_Q690,"1,2,3,4,5,6,7"
Merge_Q691,13
Merge_Q693,"1,2,3,4,5,6,7,8,9,10,11"
Merge_Q694,"1,2,3,4,5,6,7,8,9,12,13,14,15,16,17"
Merge_Q695,"1,2,3,4,5,6,7,8,9,10,11"
Merge_Q696,"1,2,3,4,5,6,7,8,11,12,13"
Merge_Q697,"1,2,3,4,5,6,7,8,9,10,11,12,13,14,15,16"
Merge_Q698,"1,2,3,4,5,6,7,8,9,10,11,13,14,15,16,17,18,19,20"
Merge_Q7,"1,2,3,4,5"
Merge_Q70,"1,2,3,4,5,6,7,8,9,10"
Merge_Q701,"1,2,3,4,9,10,11,12,13"
Merge_Q703,5
Merge_Q704,"1,2,3"
Merge_Q705,"1,2,3,4,5,8,9,10"
Merge_Q706,"3,4,5,6,7,10,11,12,13,14"
Merge_Q707,"1,2,3,4,5,6,7,8,9,10"
Merge_Q708,"1,2,3,4,5,6,7,8,9,10,11"
Merge_Q709,"1,2,3,6,9,10,11,12"
Merge_Q71,"1,2,3,4,5,6,7"
Merge_Q711,"1,2,3,4,5,6,9,10"
Merge_Q712,"1,2,3,4,5,6,7"
Merge_Q713,"1,2,3,4,5,6,9"
Merge_Q714,"1,2,3,4,5,6,7"
Merge_Q715,"1,2,3,6,7,8,9,10,13"
Merge_Q716,"1,2,4,5,7,9,10,11,12,13,14,15,19"
Merge_Q717,"1,2,3,5,6,7,8,9,10,11,12,13,14,15"
Merge_Q718,"1,2,3,4,5,6,7,8,9,10,11,12"
Merge_Q719,"1,2,3,6,7,8,9,10"
Merge_Q72,"1,2,3,4,5,6,7,8,9,10,11,12,13,14,15"
Merge_Q721,"1,2,3,4,5,6,7,8,9,10,11,12,13"
Merge_Q722,"1,2,3,4,5,6,7,8,9,10,11,14"
Merge_Q723,"1,2,3,4,5,6,7"
Merge_Q724,"1,2,3,6,7,8,9,12,13"
Merge_Q728,6
Merge_Q729,"1,2,3,4,5,6,7,8,9,10"
Merge_Q73,"1,2,3,4,5,8"
Merge_Q731,"1,2,3,4,5,6,7,8,9,10"
Merge_Q732,"1,2,3,4,7,8,9,10,13,14"
Merge_Q733,"1,2,3,4,5,6,7,8,9,10,11,12,13,14"
Merge_Q735,"1,2,3,5,6,7,8,12,20,21"
Merge_Q737,"1,2,3,4,5,6,7,8,9,10,11,12"
Merge_Q738,"1,2,3,4,5"
Merge_Q74,"1,2,3,4,7,8,9"
Merge_Q740,"1,2,3,4,5,6,7,8,9,10,11,12,13,14,15,16"
Merge_Q741,"1,3,4,5,6,7,8,9,10,11,12"
Merge_Q742,"1,2,3,4,5,8,9,10,11,12"
Merge_Q744,"1,2,3,4,5,8,9,10,11,12"
Merge_Q746,"1,2,3,4,5,6,7,8,9,10,11"
Merge_Q747,"1,2,3,4,5,6,7,8,9,12"
Merge_Q75,"1,2,3,4,5,6,7,8,9,10,11,14"
Merge_Q750,"1,2,3,4,5,6,7,8,9,10,11,12"
Merge_Q751,"1,2,3,6,7,9,10,11"
Merge_Q753,"1,2,3,4,5,6,7,8,9,10,11,12"
Merge_Q754,"1,2,4,6,8,9,10,11,12"
Merge_Q755,"1,2,3,4,5,6,7,8,9,10,11,12,13,14,15,16,17"
Merge_Q756,"1,2,3,6,7,8,9,10,13"
Merge_Q757,"1,2,3,4,5,6,7,8,9,13"
Merge_Q758,"1,2,3,4,7,8,9,10,11,12"
Merge_Q759,"1,2,3,4,5,6,7,8,9,10,11,12,19,20"
Merge_Q76,"1,2,3,4,5,6,7,8,9,10,11,12"
Merge_Q760,"1,2,3,4,5,6"
Merge_Q761,"1,2,3,4,5,6,9,20"
Merge_Q762,"1,2,3,4,5,6,7,8"
Merge_Q763,"1,2,5,6,7"
Merge_Q764,3
Merge_Q765,"1,2,3,4,5,6,7,8,9,10,11"
Merge_Q766,"1,2,3,4,5,6,7,8,11,12,13"
Merge_Q768,"1,2,3,4,5,6,7,8,9,10,11"
Merge_Q77,"1,2,3,4,5,6,7"
Merge_Q771,"1,2,3,4,7,8,11,14"
Merge_Q774,"1,2,3,4,5,6,7,8,9,10,11,12,13,14,15,16"
Merge_Q775,"1,2,3,4,5,6,7,8,9,10,11,12,13,14,15,16,17"
Merge_Q778,"1,2,3,4,5,6,7,8"
Merge_Q779,"1,2,3,4,5,6,7,8,9,10,11,12,13"
Merge_Q78,"1,2,3,4,5,6,7,8,9,10,11,12,13,14,17,18"
Merge_Q781,"1,2,3,4,5,6,7,8,9"
Merge_Q782,"1,2,3,4,5,6,7,10,11,14,15"
Merge_Q784,"1,2,5,6"
Merge_Q785,"1,2,3,4,5,6,7,8,9,10"
Merge_Q786,"1,2,3,4,5,6,7,8"
Merge_Q787,"1,2,3,4,5,6,7,8,9,10,11,12,13,14,15,16,17,18,19,20"
Merge_Q788,"1,2,3,4,5,6,9,10,11,12,13"
Merge_Q789,"1,2,3,4,5,6,7,8,9,10,11,12"
Merge_Q79,"1,2,3,4,5,6,7,8,9"
Merge_Q790,"1,4,5,6,9,10"
Merge_Q791,"1,2,3,4,5,6,7,8,9"
Merge_Q793,"1,2,5,6,7,8,9,10,11"
Merge_Q794,"1,2,3,4,5,6,7,8,9,10,11,12,13"
Merge_Q796,7
Merge_Q797,"1,2,3,4,5,6,7"
Merge_Q799,"1,2,3,4,5,6,7"
Merge_Q8,"1,2,3,4,5,6,7,8,11,12,13,14"
Merge_Q80,"1,4,5,6,7,13,14,15,16"
Merge_Q800,"12,13"
Merge_Q801,"1,2,3,4,5,6,7,8"
Merge_Q802,"1,2,3,4,5,6,7,8"
Merge_Q803,"1,2,3,4,5,6,7,8"
Merge_Q804,"1,2,3,4,5,6,7,8,9"
Merge_Q805,"1,5,10"
Merge_Q807,"1,2,3,4,5,6,7,8,9"
Merge_Q809,"1,2,3,4,5,6,7,8,9,10,11,12"
Merge_Q811,"1,2,3,4,5,6,7,8"
Merge_Q812,"1,2,3,4,5,6,7,8,9,12"
Merge_Q814,"1,2,3,4,5,6,7,8,9,10,11"
Merge_Q815,"1,2,3,4,5,6,7"
Merge_Q817,"1,2,3,4,5,6"
Merge_Q818,"1,2,3,4,5,6,7,8,9,10,11,12"
Merge_Q82,"1,2,3,4,5,6,9,10,11,12,13,18,19,20,21"
Merge_Q820,"1,2,4,5,6,7,8,9,10,11,14,17,18,19,20,21"
Merge_Q821,"1,2,3,7"
Merge_Q822,3
Merge_Q823,"1,4,5,6,7,8,11"
Merge_Q826,"1,4,5,6,7,8,9,12,13"
Merge_Q827,"1,2,3,4,5,6"
Merge_Q828,"1,2,3,4,5,6"
Merge_Q829,"1,2,3,4,5,6,7"
Merge_Q83,"1,2,3,4,5,6,9,10,13,14"
Merge_Q830,"1,2,3,4,5,6,7,8,9,10,11,12,13,14,15,16,17,18,19,20,21"
Merge_Q831,"1,2,3,4,5,6,7,8,9"
Merge_Q833,"1,2,3,4,5,6,9"
Merge_Q834,"1,2,3,4,5,6,7,8,9,10,11,12,13,14"
Merge_Q835,"1,2,3,4,5,6"
Merge_Q836,"1,2,3,4"
Merge_Q837,"1,2,3,4,5"
Merge_Q838,"1,2,3,4,5,6,7,8,9,10,11,12,13,14,15"
Merge_Q84,"1,2,3,4,7,8"
Merge_Q841,7
Merge_Q842,"1,2,3,4,5,6"
Merge_Q843,"1,2,3,5,6,7,8,9,10"
Merge_Q845,"1,2,3,4,7,8,11"
Merge_Q846,"1,2,3,4,5,8,9,10,11,12"
Merge_Q848,"1,2,3,4,5,6,7,8,9,10,11,12,13"
Merge_Q849,"1,2,3,4,6,7,8,9,10,11,12"
Merge_Q85,"1,2,3,4,5,6"
Merge_Q850,"1,2,3,4,5,6,7"
Merge_Q851,"1,2,3,4,5,6,7,8,9"
Merge_Q852,"1,2,3,4,5,6,7,8,9,10,11"
Merge_Q853,"1,2,3,4,5,6"
Merge_Q854,"1,2,3,4,5,6,7,8,9,10"
Merge_Q855,"1,2,3,4"
Merge_Q859,"1,2,3,4,5,6,7,8,9,10,11,12"
Merge_Q860,"1,4,5,6,11,12,13"
Merge_Q862,"1,2,5,6,7,10"
Merge_Q864,"1,2,3,4,5,6,7,8"
Merge_Q865,"1,3,4,5,6,7"
Merge_Q866,"1,2,3,4,5,6,7,8,9,10,11,12,13,14,15"
Merge_Q867,"1,4,5,6,7,8"
Merge_Q868,"1,2,3,4,5,6,7,8,9,10,11"
Merge_Q869,"1,2,3,4,5,8,9,12"
Merge_Q87,"1,4,5,6,7,8,9,14"
Merge_Q870,"1,2,3,6,7,8,9,10,11,12,13,14,15,16"
Merge_Q873,"1,2,5,6,7"
Merge_Q874,"1,2,3,4,5,6,7,8"
Merge_Q875,"2,3,4,5,8,9"
Merge_Q877,"1,2,3,4,5,6,7,8,9"
Merge_Q878,"1,2,3,4,5,6,8,9,10,13,14,15,16,17,18"
Merge_Q880,"1,2,3,4,5,6,7,8,9,10"
Merge_Q881,"1,2,3,4,5,8"
Merge_Q883,"1,2,3,4,5,6,7,20,21"
Merge_Q884,"1,4,5,6,7,8,9,14"
Merge_Q885,"1,2,3,4,5,6,7,8,9,10"
Merge_Q886,"1,2,3,4,5,6,7,8,9,10,11,12,13"
Merge_Q888,"1,2,3,4,5,6,7,8,9,10"
Merge_Q89,"1,2,4,5"
Merge_Q890,"1,2,3,4,5,6,7,8,9,10,11,12"
Merge_Q893,8
Merge_Q894,"1,2,3,4,7,8,9,10,11,12,15"
Merge_Q895,"1,2,3,6,7,10,11,12"
Merge_Q896,"1,2,5,8,9"
Merge_Q897,"1,2,3,4,5,6,7,8,11,12,13"
Merge_Q899,"1,2,3,4,5,6,7"
Merge_Q9,"1,2,3,6,7,8,9,10,13,14"
Merge_Q90,"1,2,3,4,7,8"
Merge_Q900,5
Merge_Q901,"1,2,3,6,7,8,9"
Merge_Q903,"1,2,3,4,7,8,9,10,15"
Merge_Q904,"1,2,3,8,9"
Merge_Q905,"1,2,3,4,5,6,7,8,9,10"
Merge_Q906,"1,2,3,4,5,6,7,8,11,12,13"
Merge_Q907,"1,2,3,6,7,8,9,10,11,12,14"
Merge_Q908,"1,2,3,4,5,6,7,8,9,10"
Merge_Q909,"1,2,3,4,7,8,9"
Merge_Q91,"1,2,3,4,6,7,8,9,10,11"
Merge_Q910,"1,4,5,8,9,10"
Merge_Q911,"1,2,3,4,5,6,7,8,9,10"
Merge_Q912,"1,2,3,6,7,8,11,12"
Merge_Q913,"1,2,3,4,5,6,7,8,9,10"
Merge_Q915,"1,2,3,4,5,6,9,10,11,12,13,14"
Merge_Q916,"1,2,3,4,5,6,7"
Merge_Q917,"1,2,3,4,5,6,7,8"
Merge_Q918,"1,2,3,4,5,6,7,8"
Merge_Q920,"1,2,3,4,5,6,7,8,9,10,11,12,13"
Merge_Q921,"1,2,3,4,5,6,7,8,9,10,11,12,13,14,20"
Merge_Q924,"1,2,3,4,5,6"
Merge_Q926,"1,2,3,4,5,6,7,8,9,10,11,12,13"
Merge_Q927,"1,2,3,4,7,8,11,12,13"
Merge_Q928,"1,2,4,5,6,7,8,9,10"
Merge_Q929,"1,2,3,4,5,6,7"
Merge_Q93,"1,2,3,4,5,8,9,10,11,12"
Merge_Q930,"1,2,3,4,7,8,9,10,13,14,17,18"
Merge_Q931,"1,4,5,8,9,10,11,12,15,16,17"
Merge_Q934,"1,2,7,8,9"
Merge_Q935,"1,2,3,6,9,10"
Merge_Q936,7
Merge_Q937,"1,2,3,4,7,8,9,12"
Merge_Q938,"1,2,3,4,7,8"
Merge_Q939,"1,2,3,6,7,8,9,10,11,12,13,14,15,16,17"
Merge_Q94,"1,2,3,4,5,6,7,8,9,10"
Merge_Q940,"1,2,3,4,5,6,7,8,9,10"
Merge_Q941,"1,2,5,6,7,8,9,12,13"
Merge_Q942,"1,2,3,4,5,8,9,10,11,12,13,20"
Merge_Q945,"1,2,3,4,7,8,9,10"
Merge_Q947,"1,2,3,4,5"
Merge_Q948,"1,2,3,4,5,6,7,8,9"
Merge_Q949,"1,4,5,6,7"
Merge_Q95,"1,2,3,4,5,6,7,8,9,10,11,12,13,14,15,16,17,18"
Merge_Q950,"1,2,3,4,5,6"
Merge_Q952,14
Merge_Q953,"1,2,3,4,5,6,7,8,9,10,11,12"
Merge_Q954,"1,2,3,4,5,6,10,11,12,13"
Merge_Q955,"1,2,3,4,5,6,7,8"
Merge_Q957,"1,2,3,4"
Merge_Q96,5
Merge_Q960,"1,2,3,4,7,8,9"
Merge_Q962,"1,2,3,4,5,6,7,8,9,10,11,12"
Merge_Q964,"1,2,3,4,6,8"
Merge_Q965,7
Merge_Q967,"1,2,3,4,5,8,9,10,15,16,17,18"
Merge_Q968,"1,2,3,4,5,6,7,8,9"
Merge_Q97,"1,2,3,4,5,6,9"
Merge_Q970,"1,2,3,4,5,6,7"
Merge_Q971,"1,2,3,4,5,6,9"
Merge_Q972,"2,3,6,7"
Merge_Q973,"1,2,3,4,5,6,7,8,9,10,11,12"
Merge_Q974,"1,2,3,4,5,6,7,8,9,10,11,12,13"
Merge_Q975,"1,2,3,4,5,6,7,8,9,10,11,12,13,14"
Merge_Q979,"1,2,3,4,5"
Merge_Q98,"1,2,3,4,5,6,7,8,11,12"
Merge_Q980,"1,2,3,4,5,6,7,8,9"
Merge_Q981,"1,2,3,4,5,6,7,12"
Merge_Q982,"1,2,3,4,5,6,7,8,9"
Merge_Q983,"1,2,3,4,5"
Merge_Q984,"1,2,3,4,5,6,7,8,9,10"
Merge_Q985,"1,2,3,4,5,6,9,10,11,12"
Merge_Q987,"1,2,3,6,7,8,9,10"
Merge_Q988,"1,2,3,6,7,10,11"
Merge_Q989,"1,2,5,6,7"
Merge_Q990,"1,2,3,4,5,6,7,8,9,10,11,12,13,16"
Merge_Q991,"1,2,3,4,5,6,7,8"
Merge_Q992,"1,2,3,6,7,8,9,10,11,12,15"
Merge_Q993,"4,10"
Merge_Q994,"1,2,3,4,5,6"
Merge_Q995,"1,2,3,4,5,6,9"
Merge_Q996,"1,2,3,4,5,6,7,8,9,10"
Merge_Q997,"1,2,3,4,5,6,7,8,9"
Merge_Q998,"1,2,3,4,5,6,7,8"
Merge_Q999,"1,2,3,4,5,6,7,8,11,12"
